date,time_published,title,summary,source,url,overall_sentiment_score,overall_sentiment_label
2026-01-01,2026-01-01 01:49:03,Bitcoin Futures Policy Architect Amir Zaidi Returns To CFTC,Amir Zaidi's return signals a strengthening of crypto oversight as the agency prepares for new digital asset laws.,Cointelegraph,https://cointelegraph.com/news/cftc-division-director-who-made-bitcoin-futures-possible-returns-as-chief-of-staff,0.188566,Somewhat-Bullish
2026-01-01,2026-01-01 06:25:53,US Spot Crypto ETFs Raked in $32B Inflows in 2025,"BlackRock has further separated itself from competitors in the crypto ETF market in 2025, with its Bitcoin and Ether funds, IBIT and ETHA, accounting for the majority of net inflows.",Cointelegraph,https://cointelegraph.com/news/us-spot-crypto-etfs-see-32-billion-inflows-2025,0.176928,Somewhat-Bullish
2026-01-01,2026-01-01 06:30:06,BTC Ends 2025 Down: Is the Four-Year Cycle Dead?,"Following the 2012 halving, Bitcoin surged to end the following year at a new high. and a similar pattern played out in 2016 and again in 2020.",Cointelegraph,https://cointelegraph.com/news/is-bitcoin-four-year-cycle-dead-2025,-0.004785,Neutral
2026-01-01,2026-01-01 09:40:16,"Tether Snaps up Another 8,888 BTC, Now Fifth-Largest Bitcoin Wallet","Tether closed out 2025 with an 8,888 BTC purchase, increasing its disclosed Bitcoin holdings to more than 96,000 BTC.",Cointelegraph,https://cointelegraph.com/news/tether-buys-another-8-888-btc,0.087641,Neutral
2026-01-01,2026-01-01 17:01:03,Crypto Crystal Ball 2026: Are We Headed for Bitcoin and Crypto Winter?,"Bitcoin at $200,000? Massive volatility? Experts predict where the markets are headed-and it's probably not another winter.",Decrypt.co,https://decrypt.co/352209/crypto-crystal-ball-2026-headed-bitcoin-winter,0.135107,Neutral
2026-01-01,2026-01-01 18:00:00,"Crypto Investment Themes for 2026: Bitcoin, Stablecoins and RWAs","After a volatile 2025, investors are rethinking crypto cycles. Here are three investment themes that will shape the market's next phase in 2026.",Cointelegraph,https://cointelegraph.com/news/crypto-investment-themes-2026-bitcoin-stablecoins-tokenized-assets,0.19865,Somewhat-Bullish
2026-01-01,2026-01-01 18:27:46,Bitcoin Price Volatility Signals Ignite for 2026 TradFi Return,"Bitcoin entered a ""new era"" as the 2025 yearly candle closed red, said analysis, with BTC price volatility signals firing into the new year.",Cointelegraph,https://cointelegraph.com/news/bitcoin-rsi-demands-breakout-exec-says-rip-4-year-btc-price-cycle,0.064282,Neutral
2026-01-01,2026-01-01 20:00:00,Bitcoin Options Are Not Capping BTC Price,"Bitcoin cash-and-carry trades faded toward the end of the year, leading funds to shift to Bitcoin options for yield. Is the strategy putting a cap on BTC price?",Cointelegraph,https://cointelegraph.com/news/bitcoin-options-under-fire-as-covered-calls-take-center-stage,0.014636,Neutral
2026-01-02,2026-01-02 02:07:20,Polymarket Odds 21% Chance For Bitcoin To Hit $150K in 2026,"Polymarket traders are holding back their optimism back for Bitcoin this year, despite many analysts tipping the price to hit $150,000 and above.",Cointelegraph,https://cointelegraph.com/news/polymarket-traders-21-chance-bitcoin-hitting-150k-2026,0.187929,Somewhat-Bullish
2026-01-02,2026-01-02 02:33:52,"Bitcoin, Ethereum Trade Flat On New Year's Day-XRP, Dogecoin Climb: Analyst Bullish On BTC Reclaiming $100,000 Soon","Leading cryptocurrencies consolidated with thin liquidity on the first day of 2026, while stock futures rallied. Bitcoin wobbled between $87,000 and $88,000 as bulls await a decisive breakout above $90,000. Trading activity remained thin, with volumes dropping 42% over the last 24 hours.",Benzinga,https://www.benzinga.com/crypto/cryptocurrency/26/01/49661398/bitcoin-ethereum-trade-flat-on-new-years-day-xrp-dogecoin-climb-analyst-bullish-on-btc-recl,0.073977,Neutral
2026-01-02,2026-01-02 03:38:47,Crypto Bear Market Began in November: CryptoQuant,"Based on Bitcoin's realized price and past performance, CryptoQuant's Julio Moreno predicts that Bitcoin will bottom around $56,000 to $60,000 in 2026.",Cointelegraph,https://cointelegraph.com/news/crypto-bear-market-began-november-cryptoquant,-0.057406,Neutral
2026-01-02,2026-01-02 04:54:56,Crypto Sentiment Moves Out Of 'Extreme Fear' But Uncertainty Stays,"The crypto sentiment indicator finally moved out of the ""extreme fear"" territory despite Bitcoin still treading below $90,000.",Cointelegraph,https://cointelegraph.com/news/crypto-sentiment-index-fear-market-emotions-bitcoin-price,0.082907,Neutral
2026-01-02,2026-01-02 09:04:00,Bitcoin ETF Momentum Builds in South Korea but Regulation Lags Behind,"With trading-hour extensions and digital finance upgrades underway, Korea Exchange is positioning for crypto ETFs while approvals remain stalled.",Cointelegraph,https://cointelegraph.com/news/krx-signals-readiness-crypto-etfs-regulatory-review,0.247589,Somewhat-Bullish
2026-01-02,2026-01-02 11:30:00,"Prediction: A Single Bitcoin Will Be Worth $150,000 in 1 Year","If the pace of institutional adoption picks up, a return to form for Bitcoin is likely in 2026.",Motley Fool,https://www.fool.com/investing/2026/01/02/prediction-a-single-bitcoin-will-be-worth-150000-i/,0.143059,Neutral
2026-01-02,2026-01-02 12:30:16,"Bitcoin Seeks $90,000 Resistance Flip Into 2026 Wall Street Open","Bitcoin faced familiar $90,000 BTC price resistance into the year's first Wall Street open as gold made a comeback from local lows.",Cointelegraph,https://cointelegraph.com/news/bitcoin-bulls-charge-90k-traders-cme-gap-for-btc-price-dip,0.073776,Neutral
2026-01-02,2026-01-02 12:51:51,"Bitcoin Rallies Above $89,000 As Ethereum, XRP, Dogecoin Jump 3%","Bitcoin edged above $89,000 on Friday morning, with liquidations at $205.18 million over the past 24 hours. Bitcoin ETFs saw $348.1 million in net outflows on Wednesday, while Ethereum ETFs reported $72.06 million in net outflows.",Benzinga,https://www.benzinga.com/crypto/cryptocurrency/26/01/49664725/bitcoin-rallies-above-89000-as-ethereum-xrp-dogecoin-jump-3,0.030383,Neutral
2026-01-02,2026-01-02 13:51:52,"Bitcoin, Ethereum, XRP To Surge 20% In January? Unlikely, Polymarket Says","Polymarket traders are giving Bitcoin ( CRYPTO: BTC ) just a 31% chance to hit $100,000 in January, while Ethereum ( CRYPTO: ETH ) sits at 8% for $4,000 and XRP ( CRYPTO: XRP ) at 14% for $2.40-signaling traders expect volatility without breakouts.",Benzinga,https://www.benzinga.com/crypto/cryptocurrency/26/01/49665477/bitcoin-ethereum-xrp-to-surge-20-in-january-unlikely-polymarket-says,-0.081104,Neutral
2026-01-02,2026-01-02 14:00:00,What Major Exchanges Like OKX Are Planning for 2026,"Crypto exchanges are preparing their 2026 playbooks around licenses, stablecoins and tokenized assets, and OKX's Haider Rafique argues that a tamer, macro‑driven Bitcoin is the backbone of that shift.",Cointelegraph,https://cointelegraph.com/news/crypto-exchanges-okx-rwa-stablecoin-2026,0.106966,Neutral
2026-01-02,2026-01-02 15:29:04,"Price Predictions: BTC, ETH, BNB, XRP, SOL, DOGE, ADA, BCH, LINK, ZEC","Bitcoin could be getting ready for a rally toward $94,500, but higher levels are expected to attract selling by the bears.",Cointelegraph,https://cointelegraph.com/news/price-predictions-1-2-btc-eth-bnb-xrp-sol-doge-ada-bch-link-zec,-0.016932,Neutral
2026-01-02,2026-01-02 16:20:13,"Bitcoin Stuck At $90,000: 3 Scenarios To Watch In 2026","Bitcoin ( CRYPTO: BTC ) continues to struggle below $90,000, leaving investors uncertain whether 2026 will begin with prolonged consolidation or a decisive macro-driven move. What Happened: According to CryptoQuant, Bitcoin has entered the new year stuck in a volatile range rather than a ...",Benzinga,https://www.benzinga.com/crypto/cryptocurrency/26/01/49670014/bitcoin-stuck-at-90000-3-scenarios-to-watch-in-2026,-0.014589,Neutral
2026-01-02,2026-01-02 18:15:56,Hut 8 Stock Moves Higher With Momentum Indicators Flashing Green - Hut 8  ( NASDAQ:HUT ) ,"Hut 8 Corporation ( NASDAQ:HUT ) is in the spotlight Friday amid strength in Bitcoin. The company has also received a flood of analyst coverage over the past few weeks. Most recently, Keefe, Bruyette & Woods analyst Bill Papanastasiou maintained an Outperform rating on Hut 8 and raised the ...",Benzinga,https://www.benzinga.com/trading-ideas/movers/26/01/49673118/hut-8-stock-moves-higher-with-momentum-indicators-flashing-green,0.3491,Somewhat-Bullish
2026-01-02,2026-01-02 18:40:56,"Michael Saylor Says Bitcoin Makes MSTR 'Interesting,' But Polymarket Aren't So Sure - Strategy  ( NASDAQ:MSTR ) ","Strategy Inc. ( NASDAQ:MSTR ) executive chairman Michael Saylor says Bitcoin ( CRYPTO: BTC ) makes the stock ""interesting,"" but Polymarket traders bet 76% the company gets booted from MSCI by March 31.",Benzinga,https://www.benzinga.com/crypto/cryptocurrency/26/01/49673661/michael-saylor-says-bitcoin-makes-mstr-interesting-but-polymarket-arent-so-sure,-0.139757,Neutral
2026-01-02,2026-01-02 19:04:35,"Bitcoin Taps $90,000 As Ethereum, Dogecoin, XRP Rally On First Market Day In 2026","Bitcoin spiked above $90,000 heading into the first weekend of 2026, even as spot Bitcoin and Ethereum ETFs recorded net outflows this week. Coinglass data shows 105,578 traders were liquidated in the past 24 hours for $381.05 million.",Benzinga,https://www.benzinga.com/crypto/cryptocurrency/26/01/49674197/bitcoin-taps-90000-as-ethereum-dogecoin-xrp-rally-on-first-market-day-in-2026,-0.070439,Neutral
2026-01-02,2026-01-02 19:44:57,Why Are Investors Paying Attention To Strategy Inc? - Strategy  ( NASDAQ:MSTR ) ,"Shares of Strategy Inc. ( NASDAQ:MSTR ) are rising Friday. Here's why the stock is trending. Shares of Bitcoin-related companies are trading higher overall due to volatility of the cryptocurrency. So far, Bitcoin has been trading within a range of $88,323.34 to $90832.87 and is up around 2.5% ...",Benzinga,https://www.benzinga.com/trading-ideas/movers/26/01/49674942/why-are-investors-paying-attention-to-strategy-inc,0.198776,Somewhat-Bullish
2026-01-02,2026-01-02 20:00:00,Key Bitcoin Price Levels To Watch Out For In 2026,"Bitcoin bears might have the upper hand at the yearly open, but charts suggest bulls will fiercely defend these key price levels.",Cointelegraph,https://cointelegraph.com/news/battle-between-bitcoin-bulls-and-bears-continues-in-2026-here-s-the-levels-to-watch,-0.08676,Neutral
2026-01-02,2026-01-02 20:00:33,Bitcoin Whale Accumulation Overstated as Long-Term Holders Begin Buying,"Onchain data shows Bitcoin whale accumulation is overstated as exchange activity skews metrics, while long-term holders quietly turn bullish.",Cointelegraph,https://cointelegraph.com/news/bitcoin-whale-accumulation-overstated-long-term-holders-buy,0.019314,Neutral
2026-01-02,2026-01-02 22:03:27,Binance to Remove FLOW/BTC Spot Trading Pair after Flow Exploit Report,The largest crypto exchange by trading volume announced two moves related to the FLOW token following the project's foundation updating users on a $3.9 million exploit.,Cointelegraph,https://cointelegraph.com/news/binance-spot-trading-pair-flow-monitoring-exploit,-0.157003,Somewhat-Bearish
2026-01-03,2026-01-03 06:03:43,Crypto Sentiment Starts 2026 'Very Positive',"The crypto market may see FOMO enter the market if Bitcoin suddenly creeps toward the $92,000 price level, according to a crypto analyst.",Cointelegraph,https://cointelegraph.com/news/crypto-market-sentiment-positive-retail-investors-cautious-signal-santiment,-0.031419,Neutral
2026-01-03,2026-01-03 07:13:30,"Billion-Dollar Bitcoin Hacker Ilya Lichtenstein Released, Thanks Trump","The hacker behind the 2016 Bitfinex breach says he was freed early under Donald Trump's First Step Act, just over a year after receiving a five-year sentence.",Cointelegraph,https://cointelegraph.com/news/bitcoin-hacker-ilya-lichtenstein-released-early-first-step-act,-0.056186,Neutral
2026-01-03,2026-01-03 10:17:03,"Bitcoin Becomes a Yardstick for Venezuela Reaction at $90,000","Bitcoin halted a breakout to new 2026 highs near $91,000 as BTC price action dealt with ""geopolitical tension"" while TradFi markets were closed.",Cointelegraph,https://cointelegraph.com/news/bitcoin-price-90k-breakout-hangs-in-balance-us-storms-venezuela,0.174274,Somewhat-Bullish
2026-01-03,2026-01-03 13:20:00,Macro Fears Cap Bitcoin Upside Despite 3-Week High,"Bitcoin hit a three-week high, but derivatives and spot ETF flows show traders remained cautious, signalling limited confidence in further upside for now.",Cointelegraph,https://cointelegraph.com/news/bitcoin-price-back-90k-is-the-bear-market-behind-us,-0.056968,Neutral
2026-01-03,2026-01-03 17:01:03,The Grisliest Bitcoin and Crypto Wrench Attacks That Grabbed Headlines in 2025,Attacks against Bitcoin and crypto holders became increasingly physical in 2025. Here's a look back at some of the horrific assaults.,Decrypt.co,https://decrypt.co/352547/grisliest-bitcoin-crypto-wrench-attacks-grabbed-headlines-2025,-0.378953,Bearish
2026-01-03,2026-01-03 20:16:15,"Crypto Market Move: Shiba Inu Hits Significant Price Point, Bitcoin Eyes $100,000, Ethereum Steady At $3,000, And Dogecoin Broke Above Key Resistance","Shiba Inu ( CRYPTO: SHIB ) has reached a crucial price point for the first time in 2026. Bitcoin ( CRYPTO: BTC ) is charting a course towards the $100,000 mark, and Ethereum ( CRYPTO: ETH ) is comfortably trading around the $3,000 level.",Benzinga,https://www.benzinga.com/crypto/cryptocurrency/26/01/49680775/crypto-market-move-shiba-inu-hits-significant-price-point-bitcoin-eyes-100000-ethereum-stea,0.199406,Somewhat-Bullish
2026-01-03,2026-01-03 20:37:57,US National Debt Surges Past $38.5T on Bitcoin Genesis Block Day,"The first block was mined and added to the Bitcoin ledger on January 3, 2009, by pseudonymous cryptographer Satoshi Nakamoto.",Cointelegraph,https://cointelegraph.com/news/us-national-debt-38-5-trillion-bitcoiners-genesis-day,-0.198179,Somewhat-Bearish
2026-01-03,2026-01-03 22:06:57,Bitcoin's Spot Price Remain Solid Despite US Attack on Venezuela,"Risk-on asset markets tend to react negatively to geopolitical shocks, macroeconomic turmoil, and other negative news events.",Cointelegraph,https://cointelegraph.com/news/bitcoin-price-resilient-us-attack-venezuela,-0.129826,Neutral
2026-01-04,2026-01-04 03:59:01,Bitcoin And Ether ETFs Pull In $646M Inflows On First Trading Day Of 2026,US-based spot Bitcoin exchange-traded funds recorded their largest net inflow day in 35 trading days on the first day of 2026.,Cointelegraph,https://cointelegraph.com/news/bitcoin-ethereum-crypto-etfs-inflows-strong,-0.075491,Neutral
2026-01-04,2026-01-04 07:36:01,"Bitcoin, Ethereum, Crypto News & Price Indexes","The chances of Bitcoin's price tumbling in the aftermath of the US military's attack on Venezuela are ""relatively slim,"" according to a crypto analyst.",Cointelegraph,https://cointelegraph.com/,-0.028878,Neutral
2026-01-04,2026-01-04 07:36:01,Bitcoin 'Correction' Unlikely After US Strike On Venezuela: Analyst,"The chances of Bitcoin's price tumbling in the aftermath of the US military's attack on Venezuela are ""relatively slim,"" according to a crypto analyst.",Cointelegraph,https://cointelegraph.com/news/united-states-venezuela-strike-bitcoin-price-downfall-unlikely-analyst,-0.128133,Neutral
2026-01-04,2026-01-04 10:05:08,Bitcoin Casino No Deposit Bonus: Why BC Poker Is Changing How Players Try Bitcoin Gambling,"New York City, NY, Jan. 04, 2026 ( GLOBE NEWSWIRE ) -- The phrase bitcoin casino no deposit bonus has become one of the most searched terms in crypto gambling, but also one of the most misunderstood. For many players, it represents a way to explore a new platform without financial exposure.",Benzinga,https://www.benzinga.com/pressreleases/26/01/g49681447/bitcoin-casino-no-deposit-bonus-why-bc-poker-is-changing-how-players-try-bitcoin-gambling,0.116347,Neutral
2026-01-04,2026-01-04 15:00:31,"Weekend Roundup: Bitcoin Hits $90,000, Iran's Crypto Weapon Trade And A Strong 2026 Start For Memecoins","In crypto news this week, Bitcoin soared past the $90,000 mark, while Ethereum, Dogecoin, and XRP also experienced significant rallies. Meanwhile, Iran is reportedly using cryptocurrency to trade advanced weapons amid sanctions and economic crisis.",Benzinga,https://www.benzinga.com/crypto/cryptocurrency/26/01/49681821/weekend-roundup-bitcoin-hits-90000-irans-crypto-weapon-trade-and-a-strong-2026-start-for-me,0.057597,Neutral
2026-01-04,2026-01-04 15:45:15,"Bitcoin ATM Fraud Hits Record High, $333 Million Pilfered In 2025: Report","The FBI has revealed a drastic surge in Bitcoin ( CRYPTO: BTC ) ATM fraud, with swindlers making off with $333 million in 2025. Scammers have been found to impersonate a bank or a company, flagging purported suspicious activity on the victim's account.",Benzinga,https://www.benzinga.com/crypto/cryptocurrency/26/01/49681875/bitcoin-atm-fraud-hits-record-high-333-million-pilfered-in-2025-report,-0.248634,Somewhat-Bearish
2026-01-04,2026-01-04 16:01:49,"Max Keiser Pioneered Bitcoin TV Coverage 15 Years Ago, Anyone Who Purchased The Crypto That Day Has Gained 33,016,800%","Max Keiser, known for his unrivaled enthusiasm for Bitcoin ( CRYPTO: BTC ) , was one of the earliest broadcasters to cover the cryptocurrency alongside his wife Stacy Herbert, long before it gained mainstream traction.",Benzinga,https://www.benzinga.com/crypto/cryptocurrency/26/01/49681898/max-keiser-pioneered-bitcoin-tv-coverage-15-years-ago-anyone-who-purchased-the-crypto-that-,0.183765,Somewhat-Bullish
2026-01-04,2026-01-04 16:32:00,"Is Bitcoin a Buy, Hold, or Sell in 2026?",What comes next for digital gold?,Motley Fool,https://www.fool.com/investing/2026/01/04/is-bitcoin-a-buy-hold-or-sell-in-2026/,0.387717,Bullish
2026-01-04,2026-01-04 16:40:50,Bitcoin Has Liquidation Price Targets in Sight Ahead of a Big Weekly Close,Bitcoin sought to maintain 2026 BTC price highs as the weekly close brought major volatility risks thanks to geopolitical uncertainty over Venezuela.,Cointelegraph,https://cointelegraph.com/news/bitcoin-will-move-tradfi-reacts-venezuela-btc-price-nears-92k,-0.019121,Neutral
2026-01-04,2026-01-04 19:30:47,Venezuela Aftermath: Bitcoin and Crypto Markets Soar Amid $17.3 Trillion Oil Price Shock,"In the wake of the arrest of Venezuelan President Nicolás Maduro by U.S. forces, the Bitcoin ( CRYPTO: BTC ) and crypto market has seen a significant uptick. The market is bracing for a potential oil price shock, which could have profound implications for the U.S. dollar in 2026.",Benzinga,https://www.benzinga.com/crypto/cryptocurrency/26/01/49682186/venezuela-aftermath-bitcoin-and-crypto-markets-soar-amid-17-3-trillion-oil-price-shock,0.147881,Neutral
2026-01-05,2026-01-05 01:18:25,Venezuelan Bitcoiner in the Running to Replace Nicolás Maduro,Nobel Prize-winning Bitcoiner María Corina Machado is one of three looking to replace Nicolás Maduro as Venezuela's President after he was captured on Saturday.,Cointelegraph,https://cointelegraph.com/news/nobel-prize-winning-bitcoiner-in-running-to-replace-maduro,0.078365,Neutral
2026-01-05,2026-01-05 01:58:20,"Bitcoin, Ethereum, XRP, Dogecoin Rally Following US Military Operations In Venezuela: Analyst Says BTC 'Fighting Final Resistance' Before $100,000 - Grayscale Bitcoin Mini Trust  ( BTC )   ( ARCA:BTC ) ","Leading cryptocurrencies spiked on Sunday evening, while stock futures held steady after the U.S. struck Venezuela and toppled Maduro's regime. Bitcoin nearly broke past $93,000 Sunday evening as millions worth of shorts got liquidated over the last 60 minutes.",Benzinga,https://www.benzinga.com/crypto/cryptocurrency/26/01/49683029/bitcoin-ethereum-xrp-dogecoin-rally-following-us-military-operations-in-venezuela-analyst-s,-0.053335,Neutral
2026-01-05,2026-01-05 02:37:51,"Bitcoin Core Development Rises in 2025 With More Devs, Code","Key metrics tracking the development of Bitcoin Core show 2025 was a good year for the blockchain, with more developers contributing more code, says Jameson Lopp.",Cointelegraph,https://cointelegraph.com/news/bitcoin-devs-flock-back-more-contributors-code,0.093593,Neutral
2026-01-05,2026-01-05 03:18:21,US Strike on Venezuela Puts Bitcoin in Focus as Oil Slides,"The U.S. capture of Venezuela's President Nicolás Maduro sent oil to four-year lows, while crypto markets have held steady.",Decrypt.co,https://decrypt.co/353537/us-strike-venezuela-bitcoin-oil-slides,-0.06464,Neutral
2026-01-05,2026-01-05 05:10:24,Colombia and Mexico Potentially Next on Trump's Hit List,"Bitcoin topped $93,000 on Monday as US President Donald Trump said military action in Colombia ""sounds good."" ...",Cointelegraph,https://cointelegraph.com/news/trump-hints-colombia-mexico-next-after-maduro-capture,-0.073459,Neutral
2026-01-05,2026-01-05 05:44:25,BlackRock's Bitcoin ETF Sees Biggest Inflow in Three Months as Crypto Prices Rise,"Analysts cite Bitcoin portfolio rebalancing as institutional investors price in three more years of Trump's ""America First"" policy.",Decrypt.co,https://decrypt.co/353546/blackrocks-bitcoin-etf-biggest-inflow-three-months,0.148381,Neutral
2026-01-05,2026-01-05 06:06:23,Expert Debunks Nine Bitcoin Mining Environmental Myths,"Peer-reviewed studies contradict claims that Bitcoin mining destabilizes grids or increases costs, showing it uses more renewable energy instead.",Cointelegraph,https://cointelegraph.com/news/expert-debunks-9-common-myths-about-bitcoin-mining-energy-use,-0.029337,Neutral
2026-01-05,2026-01-05 06:10:28,Silver Eyes $100: From 'Dead' Bitcoin Mania To The 'Reverse 1934' Squeeze - Global X Silver Miners ETF  ( ARCA:SIL ) ,"Silver has achieved an all-time high of $83.645 per ounce, in a historic breakout, driven by a massive capital rotation out of cryptocurrencies and a structural squeeze orchestrated by Beijing. Analysts warn this is not a drill: the era of material leverage has arrived.",Benzinga,https://www.benzinga.com/markets/commodities/26/01/49683614/silver-eyes-100-from-dead-bitcoin-mania-to-the-reverse-1934-squeeze,0.091661,Neutral
2026-01-05,2026-01-05 07:10:17,Bitcoin Merchant Adoption Surges 53% In 2025 As Block's Square Drives Growth,"Bitcoin's ( CRYPTO: BTC ) acceptance among merchants sharply increased in 2025, with analysts attributing the growth to Block Inc.'s ( NYSE:XYZ ) integration of BTC payments into its point-of-sale business.",Benzinga,https://www.benzinga.com/crypto/cryptocurrency/26/01/49683887/bitcoin-merchant-adoption-surges-53-in-2025-as-blocks-square-drives-growth,0.233359,Somewhat-Bullish
2026-01-05,2026-01-05 09:51:58,Bitcoin Battles for a New Bull Trend Amid Venezuela Volatility,"Bitcoin hit $93,000 for the first time in nearly a month on Venezuela volatility, but BTC price forecasts include a sweep of $80,000 lows.",Cointelegraph,https://cointelegraph.com/news/can-btc-avoid-bull-trap-93k-5-things-bitcoin-this-week,0.069281,Neutral
2026-01-05,2026-01-05 10:41:50,Crypto ETP Inflows Hit $47B In 2025 As Altcoins Steal The Show,"Altcoins, led by Ether, XRP and Solana, drove crypto ETP growth in 2025, while Bitcoin fund inflows fell 35%.",Cointelegraph,https://cointelegraph.com/news/crypto-funds-2025-47-billion-inflows-altcoin-surge,0.106831,Neutral
2026-01-05,2026-01-05 11:15:26,"From Today, Bank of America Lets Advisers Recommend BTC","Bank of America will enable advisers across Merrill and its private bank to recommend four spot Bitcoin ETFs, expanding beyond client-led access.",Cointelegraph,https://cointelegraph.com/news/bank-of-america-recommend-btc,0.26026,Somewhat-Bullish
2026-01-05,2026-01-05 11:46:32,"Digital Asset Funds Draw in $47.2B Over 2025, as Altcoins Surge Past Bitcoin","Ethereum, XRP, and Solana funds posted massive growth in 2025 while Bitcoin flows dropped, signaling a major rotation in investor appetite.",Decrypt.co,https://decrypt.co/353552/digital-asset-funds-draw-in-47-2b-over-2025-as-altcoins-surge-past-bitcoin,0.167197,Somewhat-Bullish
2026-01-05,2026-01-05 13:07:16,"Bank of America Joins JPMorgan, Citi, Morgan Stanley By Recommending Bitcoin Portfolio Allocation - Bank of America  ( NYSE:BAC ) ","Bank of America Corp. ( NYSE:BAC ) will allow more than 15,000 Merrill and Private Bank advisers to proactively recommend four spot Bitcoin ( CRYPTO: BTC ) ETFs starting Jan. 5, formally opening Bitcoin access across its wealth platform.",Benzinga,https://www.benzinga.com/crypto/cryptocurrency/26/01/49688968/bank-of-america-joins-jpmorgan-citi-morgan-stanley-by-recommending-bitcoin-portfolio-alloca,0.296951,Somewhat-Bullish
2026-01-05,2026-01-05 13:37:05,"Macro, Bitcoin, 2026 Outlook: 50-70% Drawdowns In S&P 500 Largely Behind Us","Bitcoin has been stuck in a wide range for months, particularly after the October drop that pulled it back from all-time highs into the 80k-95k zone. What stands out is that after making a low near 80k a few weeks ago, Bitcoin hasn't broken lower.",Benzinga,https://www.benzinga.com/Opinion/26/01/49690107/macro-bitcoin-2026-outlook-50-70-percent-drawdowns-in-sp500-largely-behind-us,0.2291,Somewhat-Bullish
2026-01-05,2026-01-05 13:55:09,Morning Minute: Bitcoin Grinds Up Amidst Venezuela Conflict,Markets are signaling a risk-on start to 2026 following the U.S. military raid on Venezuela-but will it last?,Decrypt.co,https://decrypt.co/353556/morning-minute-bitcoin-grinds-up-amidst-venezuela-conflict,0.099849,Neutral
2026-01-05,2026-01-05 14:20:01,"Strategy Starts 2026 With $116M Bitcoin Buy, Posts $17B Loss in Q4","Strategy bought 1,283 BTC for $116 million, lifting holdings above 673,000 BTC, while reporting a $17.4 billion unrealized Q4 loss in an SEC filing Monday.",Cointelegraph,https://cointelegraph.com/news/strategy-2026-116m-bitcoin-buy-17b-loss-q4,0.111371,Neutral
2026-01-05,2026-01-05 14:27:37,"Bitcoin's $92K Breakout Spurs Whale Activity, But Analysts Temper 2026 Expectations","Experts are maintaining a cautious tone even as Bitcoin breaks above $92K, coupled with a 34x increase in whale deposits to Binance.",Decrypt.co,https://decrypt.co/353581/bitcoins-92k-breakout-spurs-whale-activity-but-analysts-temper-2026-expectations,0.030917,Neutral
2026-01-05,2026-01-05 14:47:39,"Strategy Adds 1,287 Bitcoin To Up Holdings To 673,000 BTC As MSTR Jumps 4% - Strategy  ( NASDAQ:MSTR ) ","Strategy Inc. ( NASDAQ:MSTR ) bought 1,287 Bitcoin ( CRYPTO: BTC ) between Dec. 29 and Jan. 4, pushing total holdings to 673,783 BTC. Strategy sold just under 2 million shares of common stock through its at-the-market program, generating $312 million in net proceeds to fund the Bitcoin ...",Benzinga,https://www.benzinga.com/crypto/cryptocurrency/26/01/49693501/strategy-adds-1287-bitcoin-to-up-holdings-to-673000-btc-as-mstr-jumps-4,-0.03599,Neutral
2026-01-05,2026-01-05 15:15:00,BTC Nears Strength Phase but Traders Warn of a Possible Trap,"Bitcoin's structure has turned bullish, yet traders are split on whether $100,000 could mark a bull expansion or bear continuation.",Cointelegraph,https://cointelegraph.com/news/bitcoin-enters-strength-phase-100k-debate-heats-up,-0.007254,Neutral
2026-01-05,2026-01-05 16:07:32,"Bitcoin Faces Volume Vacuum as BTC Price Eyes $94,000",Bitcoin reached its highest levels in nearly a month as risk assets and precious metals headed higher on the US-Venezuela catalyst.,Cointelegraph,https://cointelegraph.com/news/bitcoin-price-nears-94k-crypto-volume-lowest-since-late-2023,0.080052,Neutral
2026-01-05,2026-01-05 16:13:35,"Bitcoin Ignores Venezuela Turmoil, Rallies 2.5% To $94,000","Bitcoin ( CRYPTO: BTC ) has tapped $94,000 on Monday despite geopolitical turmoil in Venezuela, with no signs of panic-driven selling, according to on-chain data.",Benzinga,https://www.benzinga.com/crypto/cryptocurrency/26/01/49697774/bitcoin-ignores-venezuela-turmoil-rallies-2-5-to-94000,-0.105264,Neutral
2026-01-05,2026-01-05 16:59:46,Raoul Pal: Bitcoin To Benefit From Up To $8 Trillion In Liquidity Added In 2026,Macro investor Raoul Pal says Bitcoin ( CRYPTO: BTC ) can reignite its bull run thanks to up to $8 trillion in liquidity hitting the financial markets in the next 12 months. Pal said in an interview with Scott Melker that 2025 was supposed to be a bullish year as institutions showed up and ...,Benzinga,https://www.benzinga.com/crypto/cryptocurrency/26/01/49699470/raoul-pal-bitcoin-to-benefit-from-up-to-8-trillion-in-liquidity-added-in-2026,0.043912,Neutral
2026-01-05,2026-01-05 17:45:00,PNC's Growth Playbook: Winning Through Acquisitions & Partnerships,"PNC Financial is driving growth via acquisitions and partnerships, from a FirstBank deal expanding Colorado to a Coinbase tie-up enabling Bitcoin trading.",Zacks Commentary,https://www.zacks.com/stock/news/2811970/pncs-growth-playbook-winning-through-acquisitions-partnerships,0.32408,Somewhat-Bullish
2026-01-05,2026-01-05 17:53:31,"Strategy Pads Cash Reserve, Drops Another $116 Million on Bitcoin","Strategy affirmed that buying Bitcoin isn't its only priority in 2026, despite dropping $116 million on the asset to welcome in the new year.",Decrypt.co,https://decrypt.co/353607/strategy-pads-cash-reserve-drops-116-million-bitcoin,0.168714,Somewhat-Bullish
2026-01-05,2026-01-05 18:10:31,"Price Predictions: SPX, DXY, BTC, ETH, XRP, BNB, SOL, DOGE, ADA, BCH","Bitcoin and several major altcoins have continued their march higher, indicating improving investor sentiment and sustained demand from the bulls.",Cointelegraph,https://cointelegraph.com/news/price-predictions-1-5-spx-dxy-btc-eth-xrp-bnb-sol-doge-ada-bch,0.119498,Neutral
2026-01-05,2026-01-05 18:42:15,Bitcoin Close to Breaking Out of Death Cross: Here's What That Means,"For the first time since October, the price of Bitcoin is trading above its 200-day moving average. Can bulls hold the line?",Decrypt.co,https://decrypt.co/353612/bitcoin-price-close-breaking-death-cross-analysis,-0.080235,Neutral
2026-01-05,2026-01-05 18:52:05,"This Bitcoin Chart Signal Has 91% Accuracy, But Here's Why It Could Be Different This Time",A closely watched Bitcoin ( CRYPTO: BTC ) technical pattern has delivered a strong track record over the past four years -but prominent analyst Trader Mayne urges caution.,Benzinga,https://www.benzinga.com/crypto/cryptocurrency/26/01/49703712/this-bitcoin-chart-signal-has-91-accuracy-but-heres-why-it-could-be-different-this-time,-0.106722,Neutral
2026-01-05,2026-01-05 19:38:28,Why Bitcoin Surged Nearly 5% Over This Weekend,"Bitcoin is surging on Monday, following a very eventful weekend of activity.",Motley Fool,https://www.fool.com/investing/2026/01/05/why-bitcoin-surged-nearly-5-over-this-weekend/,0.142436,Neutral
2026-01-05,2026-01-05 19:56:01,Bitfinex Hacker Behind $11 Billion Bitcoin Heist Credits Trump for Early Prison Release,"The White House defended the release of Ilya Lichtenstein, who stole over 119,000 Bitcoin in 2016, from prison to home confinement-but didn't take credit for the action.",Decrypt.co,https://decrypt.co/353631/bitfinex-hacker-behind-11-billion-bitcoin-heist-credits-trump-early-prison-release,0.122326,Neutral
2026-01-05,2026-01-05 20:16:47,"Bitcoin Hits $94,000, Ethereum, XRP Rally But Why Is Dogecoin Lagging?","Bitcoin climbed above $94,000 on Monday as institutional accumulation and improving sentiment lifted the broader crypto market. Coinglass data shows 109,514 traders were liquidated in the past 24 hours for $423.09 million. In the past 24 hours, top gainers include Virtuals Protocol, Lighter and ...",Benzinga,https://www.benzinga.com/crypto/cryptocurrency/26/01/49706101/bitcoin-hits-94000-ethereum-xrp-rally-but-why-is-dogecoin-lagging,0.014667,Neutral
2026-01-05,2026-01-05 21:45:53,"Crypto Stocks Jump as Bitcoin, Ethereum and XRP Hit Multi-Week Highs","Bitcoin surged past $94,000 on Monday to a 30-day high as crypto stocks rallied, with Coinbase, Robinhood, and BTC miners all rising.",Decrypt.co,https://decrypt.co/353648/crypto-stocks-bitcoin-ethereum-xrp-hit-highs,0.277769,Somewhat-Bullish
2026-01-06,2026-01-06 01:26:07,Extracting Venezuelan Oil Could Reduce Bitcoin Mining Costs: Bitfinex,"Bitcoin mining electricity costs could fall if Venezuelan oil production increases, though it may take several years before the benefits are fully realized, Bitfinex analysts say.",Cointelegraph,https://cointelegraph.com/news/venezuelan-oil-extraction-could-make-btc-mining-cheaper,-0.048356,Neutral
2026-01-06,2026-01-06 02:00:07,"Bitcoin, Ethereum, XRP, Dogecoin Spike As Investors Look Beyond Nicolas Maduro And Venezuela: Analyst Says BTC 'Has Room' To Push Toward $105,000 - Grayscale Bitcoin Mini Trust  ( BTC )   ( ARCA:BTC ) ","Leading cryptocurrencies rallied alongside stocks on Monday as investors looked past geopolitical developments surrounding U.S. operations in Venezuela. Bitcoin surged above $94,000, with trading volume jumping 68% over the last 24 hours.",Benzinga,https://www.benzinga.com/crypto/cryptocurrency/26/01/49713220/bitcoin-ethereum-xrp-dogecoin-spike-as-investors-look-beyond-nicolas-maduro-and-venezuela-a,0.066951,Neutral
2026-01-06,2026-01-06 02:10:28,Crypto Stocks Soar As Market Makes Comeback,"Major US crypto stocks soared on Monday as the wider crypto market mounted a comeback, with Bitcoin and Ether hitting three-week highs.",Cointelegraph,https://cointelegraph.com/news/crypto-stocks-soar-double-digits-major-tokens-rally,0.176285,Somewhat-Bullish
2026-01-06,2026-01-06 02:54:45,Bitcoin Gains Momentum as Traders Look for Confirmation,"Bitcoin's push to $95,000, supported by bullish options flows, is being tempered by flat open interest and weak spot demand.",Decrypt.co,https://decrypt.co/353674/bitcoin-gains-momentum-traders-look-confirmation,0.068049,Neutral
2026-01-06,2026-01-06 03:02:16,Peter Schiff Asks Traders To Ditch Bitcoin For Gold Amid 'Venezuela-Inspired' Surge: 'Don't Believe The Hype...Just Take Advantage Of The Rally',"Economist and market commentator Peter Schiff urged investors Monday to take profits on Bitcoin ( CRYPTO: BTC ) during the ongoing rally and use the proceeds to invest in gold. In an X post, Schiff said that the ""Venezuela-inspired"" rally, which has pushed Bitcoin above $94,500, is not a ...",Benzinga,https://www.benzinga.com/crypto/cryptocurrency/26/01/49713634/peter-schiff-asks-traders-to-ditch-bitcoin-for-gold-amid-venezuela-inspired-surge-dont-beli,0.317223,Somewhat-Bullish
2026-01-06,2026-01-06 04:00:45,"Eric Trump Touts 'Disciplined Accumulation, Relentless Execution' As American Bitcoin Buys More BTC: 'Best Is Yet To Come' - American Bitcoin  ( NASDAQ:ABTC ) ","American Bitcoin Corp. ( NASDAQ:ABTC ) co-founder Eric Trump celebrated the company's growing Bitcoin ( CRYPTO: BTC ) reserve Monday, signaling that ""the best is yet to come.""",Benzinga,https://www.benzinga.com/crypto/cryptocurrency/26/01/49713738/eric-trump-touts-disciplined-accumulation-relentless-execution-as-american-bitcoin-buys-mor,0.322464,Somewhat-Bullish
2026-01-06,2026-01-06 04:51:57,Bitcoin Well-Positioned to Hit New All-Time High in 2026,"The crypto-friendly Trump administration and Wall Street adoption will be two of the biggest drivers behind a Bitcoin rally to new highs in 2026, two industry analysts said.",Cointelegraph,https://cointelegraph.com/news/bitcoin-hit-new-all-time-high-in-2026,-0.004772,Neutral
2026-01-06,2026-01-06 05:16:55,Whale Accumulation Signals Bullish Bitcoin Momentum Ahead,"Whales accumulated over $5.3 billion in Bitcoin since mid-December while retail traders took profits, creating bullish market conditions.",Cointelegraph,https://cointelegraph.com/news/whale-accumulation-retail-profit-taking-signal-bullish-bitcoin-momentum-santiment,0.087938,Neutral
2026-01-06,2026-01-06 05:29:16,"Tom Lee Says Bitcoin Will Break From Its Four-Year Cycle In 2026 If It Hits $200,000-$250,000: 'There Are Tailwinds That Are Building'","Wall Street analyst Tom Lee said Monday that Bitcoin ( CRYPTO: BTC ) could deviate from its typical four-year cycle if it reaches between $200,000 and $250,000 this year. Speaking to CNBC, Lee said that if Bitcoin follows the four-year cycle, its price should decline in 2026.",Benzinga,https://www.benzinga.com/crypto/cryptocurrency/26/01/49713959/tom-lee-says-bitcoin-will-break-from-its-four-year-cycle-in-2026-if-it-hits-200000-250000-t,-0.014596,Neutral
2026-01-06,2026-01-06 07:36:45,Institutional Bitcoin Buys Exceed Mined Supply by 76%,Bitcoin institutions bought more BTC than miners added to the supply in the first week of 2026 as a classic BTC price bull signal began to repeat.,Cointelegraph,https://cointelegraph.com/news/bitcoin-buying-metric-with-average-109-gains-flips-green-at-88k,0.137713,Neutral
2026-01-06,2026-01-06 10:52:55,Bitcoin Core v30 Bug Can Delete Files When Migrating Legacy Wallets,Bitcoin Core urged users of versions 30.0 and 30.1 not to migrate legacy wallets after discovering a bug that can delete all files in a wallet directory if migration fails.,Cointelegraph,https://cointelegraph.com/news/bitcoin-core-v30-wallet-bug-upgrade,-0.081583,Neutral
2026-01-06,2026-01-06 11:32:44,Venezuela's 'Shadow' 600K Bitcoin Stash: Verifiable Or Not?,"Venezuela's early crypto adoption and gold-to-Bitcoin conversion speculation raise questions about a $60 billion reserve, though analysts have found no proof.",Cointelegraph,https://cointelegraph.com/news/venezuela-shadow-60-billion-bitcoin-stash-verifiable-or-not,0.098976,Neutral
2026-01-06,2026-01-06 11:45:24,Bitcoin ETFs Attract $697M in Second Trading Day of 2026,"Spot Bitcoin ETFs have hauled in $1.1 billion in the first two trading days of 2026, with analysts pointing to a new year ""clean-slate effect"" driving digital asset demand.",Cointelegraph,https://cointelegraph.com/news/bitcoin-etfs-697m-second-trading-day-2026-clean-slate,0.227342,Somewhat-Bullish
2026-01-06,2026-01-06 11:49:59,"Bitcoin Strong Above $93,000 As XRP Leads Ethereum, Dogecoin In Altcoin Rally","Bitcoin is consolidating below $94,000 as strong ETF inflows offset broader macro uncertainty and market sentiment remains neutral. The ISM manufacturing PMI declined for a third straight month to 47.9 in December, recording the lowest reading since October 2024.",Benzinga,https://www.benzinga.com/crypto/cryptocurrency/26/01/49717437/bitcoin-strong-above-93000-as-xrp-leads-ethereum-dogecoin-in-altcoin-rally,-0.021848,Neutral
2026-01-06,2026-01-06 12:48:39,"Morgan Stanley Files For Bitcoin, Solana ETF With SEC","The investment banking giant's filings for Bitcoin and Solana ETFs follow an uptick in investor demand for regulated crypto investment vehicles, driven by the new year's ""clean-slate"" effect.",Cointelegraph,https://cointelegraph.com/news/morgan-stanley-files-bitcoin-solana-etf,0.321973,Somewhat-Bullish
2026-01-06,2026-01-06 13:20:57,"Morgan Stanley Files For Bitcoin, Solana ETFs As Institutions Buy $1.16B In 2 Days","Morgan Stanley ( NYSE:MS ) filed to launch Bitcoin ( CRYPTO: BTC ) and Solana ( CRYPTO: SOL ) ETFs on Tuesday, marking the first crypto ETF push by a major U.S. bank. Meanwhile, spot Bitcoin ETFs pulled in net inflows of $1.16 billion in two days.",Benzinga,https://www.benzinga.com/crypto/cryptocurrency/26/01/49720496/morgan-stanley-files-for-bitcoin-solana-etfs-as-institutions-buy-1-16b-in-2-days,0.298074,Somewhat-Bullish
2026-01-06,2026-01-06 13:41:06,"Regime Change In Venezuela-An Unexpected Tailwind For Bitcoin, Ethereum, XRP?","Bitcoin ( CRYPTO: BTC ) surged past its 50-day moving average as improving macro sentiment and potential Venezuela-driven oil supply shifts fuel a risk-on rally, though analysts warn the setup may not yet be ""coiled"" for a major breakout.",Benzinga,https://www.benzinga.com/crypto/cryptocurrency/26/01/49721066/regime-change-in-venezuela-an-unexpected-tailwind-for-bitcoin-ethereum-xrp,0.134474,Neutral
2026-01-06,2026-01-06 13:45:00,3 Crypto-Centric Stocks to Boost Your Portfolio Before Next Bitcoin Rally,"As Bitcoin rebounds above $93K, crypto-linked stocks NVDA, HOOD and CME could gain as GPUs, trading platforms and futures markets ride the next rally.",Zacks Commentary,https://www.zacks.com/stock/news/2812371/3-crypto-centric-stocks-to-boost-your-portfolio-before-next-bitcoin-rally,0.257955,Somewhat-Bullish
2026-01-06,2026-01-06 14:15:33,Maine Reaches $1.9M Settlement With Bitcoin ATM Operator Over Scam Losses,The agreement with Bitcoin Depot comes amid growing national scrutiny of crypto kiosks tied to fraud targeting older Americans.,Decrypt.co,https://decrypt.co/353726/maine-reaches-1-9m-settlement-with-bitcoin-atm-operator-over-scam-losses,-0.107775,Neutral
2026-01-06,2026-01-06 15:36:35,Morgan Stanley Registers Bitcoin and Solana Funds With SEC,Morgan Stanley files for Bitcoin and Solana ETFs as crypto investment products gain Wall Street traction with $119 billion in BTC assets under management.,Decrypt.co,https://decrypt.co/353693/morgan-stanley-registers-bitcoin-solana-funds-sec,0.214355,Somewhat-Bullish
2026-01-06,2026-01-06 16:19:57,US Debt Hits $38.5 Trillion-Here's Why That's Bullish For Bitcoin And Gold,"Bitcoin ( CRYPTO: BTC ) and gold are rallying even as U.S. debt hit a record $38.5 trillion-fueling bets that Washington will lean on the Fed to keep rates low, a setup that historically lifts hard assets. U.S. national debt crossed $38.5 trillion on Monday, pushing the debt-to-GDP ratio ...",Benzinga,https://www.benzinga.com/crypto/cryptocurrency/26/01/49729177/us-debt-hits-38-5-trillion-heres-why-thats-bullish-for-bitcoin-and-gold,0.009932,Neutral
2026-01-06,2026-01-06 16:30:00,Iran's Currency Collapse Shows Why Bitcoin Is Seen as an Exit Option,"As Iran's rial hits record lows, Bitcoin is resurfacing in public discourse. Its decentralized design is often cited as a contrast to state-managed fiat currencies.",Cointelegraph,https://cointelegraph.com/news/iran-s-currency-collapse-shows-why-bitcoin-is-seen-as-an-exit-option,-0.176132,Somewhat-Bearish
2026-01-06,2026-01-06 16:44:02,Dogecoin Barks Up Huge Gains as Bitcoin Climbs and Meme Coins Show Signs of Life,Dogecoin is up 17% in the last week as interest in meme coins begins to rebound as Bitcoin climbs to a monthly high.,Decrypt.co,https://decrypt.co/353749/dogecoin-huge-gains-bitcoin-climbs-meme-coins-signs-life,0.268708,Somewhat-Bullish
2026-01-06,2026-01-06 16:53:22,"Donald Trump's Crypto Ventures Could Delay Crypto Bill Until 2029, TD Cowen Warns - American Bitcoin  ( NASDAQ:ABTC ) ","The crypto market structure bill could slip to 2027 with implementation pushed to 2029 as President Trump's $620 million crypto empire and Democrat midterm leverage freeze Senate negotiations, TD Cowen warns.",Benzinga,https://www.benzinga.com/crypto/cryptocurrency/26/01/49730300/donald-trumps-crypto-ventures-could-delay-crypto-bill-until-2029-td-cowen-warns,0.168938,Somewhat-Bullish
2026-01-06,2026-01-06 17:25:46,The Real Reason Behind Bitcoin's Sudden Strength,"Bitcoin ( CRYPTO: BTC ) is holding near the $93,000 level following a weekend rally, as political developments in Venezuela lifted broader risk sentiment across markets. What Happened: Bitcoin is entering early 2026 in a stabilization phase after its Q4 drawdown, consolidating between the ...",Benzinga,https://www.benzinga.com/crypto/cryptocurrency/26/01/49731765/the-real-reason-behind-bitcoins-sudden-strength,0.024899,Neutral
2026-01-06,2026-01-06 17:41:00,Strategy's Bitcoin Loss Widens in Q4: Is Volatility Risk Rising?,"MSTR posts a $17.44B Q4 unrealized bitcoin loss as price swings hit results, pushing shares down 47.5% and prompting liquidity moves to manage volatility.",Zacks Commentary,https://www.zacks.com/stock/news/2812873/strategys-bitcoin-loss-widens-in-q4-is-volatility-risk-rising,0.05073,Neutral
2026-01-06,2026-01-06 17:51:23,"Will $95,000 Sellers Derail Bitcoin's Comeback?","Bitcoin halted its gains as sellers came out to suppress BTC price upside close to $95,000, with the key weekly close target now in place.",Cointelegraph,https://cointelegraph.com/news/bitcoin-faces-big-boy-sell-wall-95k-btc-price-struggles-gold,0.071911,Neutral
2026-01-06,2026-01-06 18:48:12,"Trump's '10% Gas Price Rule' Will Decide Bitcoin's Fate in 2026, Says Arthur Hayes","Bitcoin ( CRYPTO: BTC ) bull and BitMex co-founder Arthur Hayes says President Trump's Venezuela move creates a simple trade: if liquidity increases while gas prices stay cheap, Bitcoin moons; if oil spikes, the rally dies.",Benzinga,https://www.benzinga.com/crypto/cryptocurrency/26/01/49735047/trumps-10-gas-price-rule-will-decide-bitcoins-fate-in-2026-says-arthur-hayes,0.112189,Neutral
2026-01-06,2026-01-06 19:04:00,Bitcoin Giant Strategy's 'Premium' Nearly Vanished Last Year-Analysts Expect a Comeback,Strategy reported a $17.44 billion unrealized loss in the fourth quarter.,Decrypt.co,https://decrypt.co/353774/bitcoin-giant-strategy-premium-nearly-vanished-analysts-expect-comeback,0.185249,Somewhat-Bullish
2026-01-06,2026-01-06 19:51:27,Bitcoin ETFs Just Had Their Best Day in Months as Crypto Market Rebounds,Bitcoin ETFs hit $697 million in single-day inflows as Morgan Stanley enters the race with new BTC and Solana fund filings.,Decrypt.co,https://decrypt.co/353748/bitcoin-etfs-best-day-months-october-market-rebounds,0.222271,Somewhat-Bullish
2026-01-06,2026-01-06 19:59:57,"Bitcoin Slips To $92,000, Pushing Down Ethereum, XRP, Dogecoin","Bitcoin has slightly retraced gains from previous days, trading around $92,000 on Tuesday afternoon. Coinglass data shows 142,990 traders were liquidated in the past 24 hours for $522.88 million. SoSoValue data shows net inflows of $697.3 million from spot Bitcoin ETFs on Monday.",Benzinga,https://www.benzinga.com/crypto/cryptocurrency/26/01/49737094/bitcoin-slips-to-92000-pushing-down-ethereum-xrp-dogecoin,0.041399,Neutral
2026-01-06,2026-01-06 20:00:00,BTC Liquidation Data Could Push Price to New Highs: Analyst,"Bitcoin's liquidation map is still heavily biased toward a downside liquidity sweet, but a swift rally to $100,000 could quickly turn the tables in the bulls' favor.",Cointelegraph,https://cointelegraph.com/news/bitcoin-liquidation-data-point-to-absurd-potential-rally-to-dollar100k-analyst,-0.146741,Neutral
2026-01-06,2026-01-06 20:44:21,"Venezuela could be sitting on a big Bitcoin stash, experts say. Here's what could happen next","Although it's hard to say how much bitcoin could be held by Venezuela, it's likely the regime has amassed considerable holdings of the token, experts said.",CNBC,https://www.cnbc.com/2026/01/06/venezuela-could-be-sitting-on-a-big-bitcoin-stash-experts-say-heres-what-could-happen-next-.html,0.103982,Neutral
2026-01-06,2026-01-06 21:21:25,Bitcoin Miner Riot Platforms Dumped Nearly $200 Million in BTC,Publicly traded Bitcoin miner Riot Platforms netted nearly $200 million in proceeds from BTC sales in November and December.,Decrypt.co,https://decrypt.co/353784/bitcoin-miner-riot-platforms-dumped-200-million-btc,0.095865,Neutral
2026-01-06,2026-01-06 21:46:48,Bitcoin Miner Using Compute Heat to Supplement Canadian Greenhouses,"Canaan's pilot program will use the miner's liquid cooling systems to supplement the power needed to heat intake water for the greenhouses, helping grow tomatoes.",Cointelegraph,https://cointelegraph.com/news/canaan-computing-heat-canada-greenhouses,0.108731,Neutral
2026-01-07,2026-01-07 02:00:35,"Bitcoin, XRP, Dogecoin Fall, While Ethereum Trades Flat: Analyst Says Increase In This Indicator Could Mean A ' Very Positive' Signal For The Market - Grayscale Bitcoin Mini Trust  ( BTC )   ( ARCA:BTC ) ","Leading cryptocurrencies halted their rally on Tuesday, even as stocks and precious metals kept climbing. Bitcoin fell sharply to $91,280 in early-afternoon trading before rebounding to around $93,500 by evening. Ethereum took a breather, settling around the $3,300 region after days of upward ...",Benzinga,https://www.benzinga.com/crypto/cryptocurrency/26/01/49744255/bitcoin-xrp-dogecoin-fall-while-ethereum-trades-flat-analyst-says-increase-in-this-indicato,0.124779,Neutral
2026-01-07,2026-01-07 03:07:23,"Melania Trump Memecoin Surges 7%, Leaves Bitcoin, Dogecoin In The Dust - What's Driving The Buzz? - Grayscale Bitcoin Mini Trust  ( BTC )   ( ARCA:BTC ) ","Official Melania ( CRYPTO: MELANIA ) coin rallied strongly on Tuesday, defying the weakness in the broader cryptocurrency market. The official cryptocurrency of First Lady Melania Trump rose as much as 7% over the past 24 hours, with trading volume surging 115% to $12.42 million in this ...",Benzinga,https://www.benzinga.com/crypto/cryptocurrency/26/01/49744582/melania-trump-memecoin-surges-7-leaves-bitcoin-dogecoin-in-the-dust-whats-driving-the-buzz,0.131012,Neutral
2026-01-07,2026-01-07 03:38:35,Bitcoin ETFs See $1.2B In Early 2026 Inflows,"US spot bitcoin ETFs attracted over $1.2 billion in the first two trading days of 2026, with analysts projecting annual inflows could reach $150 billion.",Cointelegraph,https://cointelegraph.com/news/bitcoin-etfs-come-into-year-like-lion,0.066294,Neutral
2026-01-07,2026-01-07 03:51:41,Quantum Threat to Bitcoin Goes Beyond Just Threat to Cold Wallets,Cypherpunk Adam Back has frequently shot down claims that quantum computing will be a threat to Bitcoin anytime soon.,Cointelegraph,https://cointelegraph.com/news/quantum-threat-bitcoin-beyond-wallets-coinbase,-0.196395,Somewhat-Bearish
2026-01-07,2026-01-07 03:54:43,Bitcoin Dips to $92K as Liquidations Top $440M,"Bitcoin has slipped from highs near $94,000 as selling pressure returned, exposing the rally's thin leverage despite improving liquidity.",Decrypt.co,https://decrypt.co/353812/bitcoin-dips-to-92k-as-liquidations-top-440m,0.026986,Neutral
2026-01-07,2026-01-07 05:55:00,XRP Outperforms Bitcoin as CNBC Names It Crypto's New Darling,"XRP is having an explosive start to the year, driven by strong ETF inflows, bullish sentiment, and declining exchange reserves.",Cointelegraph,https://cointelegraph.com/news/4-reasons-xrp-called-hottest-trade-this-year,0.23131,Somewhat-Bullish
2026-01-07,2026-01-07 06:09:49,Gold and Silver Market Caps Hit Top Two Global Spots,"Gold and silver, both seen as ""stores of value,"" briefly retook their position as the two biggest assets by market cap. Bitcoin sits in the eighth position.",Cointelegraph,https://cointelegraph.com/news/stores-of-value-gold-and-silver-top-global-asset-charts,0.203392,Somewhat-Bullish
2026-01-07,2026-01-07 06:10:13,Cynthia Lummis 'Deeply Concerned' After Report Points Toward $6 Million Bitcoin Sale By Justice Department - But Did It Really Happen?,"Sen. Cynthia Lummis ( R-Wyo. ) expressed deep concern Monday over reports that the U.S. government is selling Bitcoin ( CRYPTO: BTC ) , despite a directive to preserve such assets for the Strategic Bitcoin Reserve.",Benzinga,https://www.benzinga.com/crypto/cryptocurrency/26/01/49745070/cynthia-lummis-deeply-concerned-after-report-points-toward-6-million-bitcoin-sale-by-justic,-0.016678,Neutral
2026-01-07,2026-01-07 09:12:00,"Better Buy in 2026: XRP, Dogecoin, or Bitcoin?","The cryptocurrency industry had a rough year in 2025, but there is an opportunity for redemption in 2026.",Motley Fool,https://www.fool.com/investing/2026/01/07/better-buy-in-2026-xrp-dogecoin-or-bitcoin/,0.22812,Somewhat-Bullish
2026-01-07,2026-01-07 10:45:00,Can Bitcoin Bounce Back in 2026?,"Bitcoin's been rallying in the early days of 2026, but whether that will continue may depend on the economy.",Motley Fool,https://www.fool.com/investing/2026/01/07/can-bitcoin-bounce-back-in-2026/,0.103849,Neutral
2026-01-07,2026-01-07 11:51:05,"Bitcoin Holds $92,000 Ethereum, XRP, Dogecoin Consolidate At Key Levels","Bitcoin is holding near $92,000, with liquidations tallying $465.91 million over the past 24 hours. Bitcoin ETFs saw $243.2 million in net outflows on Tuesday, while Ethereum ETFs reported $114.7 million in net inflows. Michael van de Poppe said the current consolidation reflects underlying ...",Benzinga,https://www.benzinga.com/crypto/cryptocurrency/26/01/49748453/bitcoin-holds-92000-ethereum-xrp-dogecoin-consolidate-at-key-levels,0.109323,Neutral
2026-01-07,2026-01-07 12:45:41,"Bitcoin Corrects To $92,000 As ETFs Snap Inflow Streak, Shed $243 Million","Bitcoin ( CRYPTO: BTC ) ETFs saw $243 million in net outflows on Tuesday as BTC lost $94,000, putting an end to a multi-day rally to start 2026. U.S. spot Bitcoin ETFs flipped to outflows Tuesday, snapping the two-day $1.16 billion inflow streak that kicked off 2026, according to SoSoValue data.",Benzinga,https://www.benzinga.com/crypto/cryptocurrency/26/01/49749882/bitcoin-corrects-to-92000-as-etfs-snap-inflow-streak-shed-243-million,-0.077231,Neutral
2026-01-07,2026-01-07 13:03:18,Morgan Stanley Adds Ethereum Trust To Planned Crypto ETF Lineup,"The bank has filed a Form S-1 with the U.S. SEC for an Ethereum Trust, on the heels of its applications for Bitcoin and Solana ETFs.",Decrypt.co,https://decrypt.co/353829/morgan-stanley-adds-ethereum-trust-to-planned-crypto-etf-lineup,0.303015,Somewhat-Bullish
2026-01-07,2026-01-07 13:25:34,"'The Breakout Trade Of 2026 Isn't Bitcoin Or ETH, It's XRP': CNBC","XRP ( CRYPTO: XRP ) has gained roughly 8% over the past month, outperforming Bitcoin ( CRYPTO: BTC ) and Ethereum ( CRYPTO: ETH ) , which have traded largely flat amid heightened market volatility.",Benzinga,https://www.benzinga.com/crypto/cryptocurrency/26/01/49751426/the-breakout-trade-of-2026-isnt-bitcoin-or-eth-its-xrp-cnbc,-0.004826,Neutral
2026-01-07,2026-01-07 13:39:35,"Morning Minute: Morgan Stanley Files for Bitcoin, ETH and Solana ETFs","Major banks are beating down the doors to get into the crypto game, and Morgan Stanley just became the first major player to make an ETF move.",Decrypt.co,https://decrypt.co/353827/morning-minute-morgan-stanley-files-for-bitcoin-eth-and-solana-etfs,0.053988,Neutral
2026-01-07,2026-01-07 13:54:45,Bitcoin ETFs Shed $243M as Crypto Market Rally Cools,Analysts called the outflows from spot Bitcoin ETFs a temporary repositioning rather than a structural shift in sentiment.,Decrypt.co,https://decrypt.co/353832/bitcoin-etfs-shed-243m-as-crypto-market-rally-cools,0.221888,Somewhat-Bullish
2026-01-07,2026-01-07 14:43:02,Bitcoin Price Falls Despite 'Really Bullish' MSCI Update: What Went Wrong?,"MSCI's rule change on newly issued shares reshapes passive demand, raising questions over how Bitcoin-linked treasury firms fund future BTC purchases.",Cointelegraph,https://cointelegraph.com/news/bitcoin-price-falls-despite-bullish-msci-what-went-wrong,-0.149098,Neutral
2026-01-07,2026-01-07 14:46:22,"Why Lloyds Is Betting On Blockchain, Not Crypto Speculation - Grayscale Bitcoin Mini Trust  ( BTC )   ( ARCA:BTC ) ","The blockchain revolution is no longer confined to speculative crypto markets and decentralized finance protocols. Traditional financial institutions are now actively deploying blockchain technology to solve real operational challenges, and Lloyds Banking Group Plc ( NYSE:LYG ) is emerging as one ...",Benzinga,https://www.benzinga.com/Opinion/26/01/49754679/why-lloyds-is-betting-on-blockchain-not-crypto-speculation,0.202147,Somewhat-Bullish
2026-01-07,2026-01-07 15:00:00,"Freedx Launches Live Crypto Quiz Show Offering $15,000 in Rewards","SAN SALVADOR, El Salvador, Jan. 07, 2026 ( GLOBE NEWSWIRE ) -- Freedx S.A. de C.V. ( Freedx ) licensed as a Digital Asset Service Provider ( DASP ) and Bitcoin Service Provider is a next-generation cryptocurrency exchange designed to simplify global access to digital assets through a secure and ...",Benzinga,https://www.benzinga.com/pressreleases/26/01/g49755380/freedx-launches-live-crypto-quiz-show-offering-15-000-in-rewards,0.450574,Bullish
2026-01-07,2026-01-07 16:05:27,"YouTube Rival Rumble Debuts Bitcoin, Tether Wallet for Crypto Creator Tips",Publicly traded video streaming firm Rumble released its crypto wallet built with help from stablecoin giant Tether and payments firm MoonPay.,Decrypt.co,https://decrypt.co/353852/youtube-rival-rumble-debuts-bitcoin-tether-wallet-crypto-creator-tips,0.381922,Bullish
2026-01-07,2026-01-07 16:10:34,Why Morgan Stanley's Bitcoin ETF Launch Is 'Extremely Bullish',"Morgan Stanley's move to launch its own Bitcoin ( CRYPTO: BTC ) ETF is one of the most bullish developments for crypto and points to significant untapped demand and shifting institutional dynamics, according to Bitwise advisor Jeff Park.",Benzinga,https://www.benzinga.com/crypto/cryptocurrency/26/01/49758791/why-morgan-stanleys-bitcoin-etf-launch-is-extremely-bullish,0.39805,Bullish
2026-01-07,2026-01-07 16:42:26,"Bitcoin Bulls Face an $87,500 Retest and Long-Term Short Signals",Bitcoin long-term short signals from trading tools caused analysis to conclude that no new BTC price all-time high would come this year.,Cointelegraph,https://cointelegraph.com/news/bitcoin-not-likely-new-all-time-high-in-2026-new-research,0.060102,Neutral
2026-01-07,2026-01-07 16:42:47,Bitcoin vs Luxury Real Estate: A New Wealth Debate in China,"From Shenzhen Bay luxury homes to Bitcoin, affluent Chinese investors are reassessing stores of value as views on liquidity, mobility and risk continue to shift.",Cointelegraph,https://cointelegraph.com/explained/bitcoin-vs-luxury-homes-how-china-s-wealthy-are-rethinking-stores-of-value,0.241194,Somewhat-Bullish
2026-01-07,2026-01-07 17:14:25,Riot Platforms Sells $161M in Bitcoin in December as it Shifts Strategy,"The Bitcoin miner sold 1,818 BTC and said it will end monthly production updates as it shifts toward a broader data center and infrastructure strategy.",Cointelegraph,https://cointelegraph.com/news/bitcoin-miner-riot-platforms-sells-161-million-btc-december,0.118846,Neutral
2026-01-07,2026-01-07 17:16:00,Hut 8's Power Segment Under Pressure: Can New Contracts Offset Losses?,"HUT's Power segment's revenues slide after a loss of the Ionic contract, but longer-term deals like American Bitcoin may restore stability, if monetized.",Zacks Commentary,https://www.zacks.com/stock/news/2813658/hut-8s-power-segment-under-pressure-can-new-contracts-offset-losses,0.185154,Somewhat-Bullish
2026-01-07,2026-01-07 17:43:00,Will MS' Move Into Crypto ETFs Provide Competitive Advantage?,"Morgan Stanley files to launch Bitcoin and Solana ETFs, the first top-10 U.S. bank to do so, aiming to embed crypto exposure into wealth platform.",Zacks Commentary,https://www.zacks.com/stock/news/2813690/will-ms-move-into-crypto-etfs-provide-competitive-advantage,0.317726,Somewhat-Bullish
2026-01-07,2026-01-07 18:13:05,"Morgan Stanley Files Third Crypto ETF In 48 Hours As Ethereum Trust Follows Bitcoin, Solana - Morgan Stanley  ( NYSE:MS ) ","Morgan Stanley ( NYSE:MS ) on Tuesday filed for an Ethereum ( CRYPTO: ETH ) Trust with the SEC, marking the bank's third crypto ETF filing in 48 hours after registering Bitcoin ( CRYPTO: BTC ) and Solana ( CRYPTO: SOL ) trusts earlier this week.",Benzinga,https://www.benzinga.com/crypto/cryptocurrency/26/01/49763448/morgan-stanley-files-third-crypto-etf-in-48-hours-as-ethereum-trust-follows-bitcoin-solana,0.378775,Bullish
2026-01-07,2026-01-07 18:34:54,"Bitcoin, Altcoins Open 2026 With A Bang: Are New Highs Next?","Bitcoin and select major altcoins are facing selling near their overhead resistance levels, but the pullback is expected to find support at the nearest moving averages.",Cointelegraph,https://cointelegraph.com/news/price-predictions-1-7-btc-eth-xrp-bnb-sol-doge-ada-bch-link-hype,0.002429,Neutral
2026-01-07,2026-01-07 18:57:13,"Bitcoin, Ethereum, Solana ETF Volume Fuel Crypto's Strong Start To 2026-Can It Last?","Rising ETF trading volumes in Bitcoin ( CRYPTO: BTC ) , Ethereum ( CRYPTO: ETH ) , and Solana ( CRYPTO: SOL ) are emerging as a key signal behind crypto's strong start to 2026, reflecting shifting investor conviction rather than short-term speculation.",Benzinga,https://www.benzinga.com/crypto/cryptocurrency/26/01/49765063/bitcoin-ethereum-solana-etf-volume-fuel-cryptos-strong-start-to-2026-can-it-last,0.256146,Somewhat-Bullish
2026-01-07,2026-01-07 19:42:05,Alleged Crypto Scam Kingpin Arrested in Cambodia After $12 Billion Bitcoin Seizure,The alleged mastermind of a major crypto scam ring that stole billions was arrested in Cambodia this week and extradited to China.,Decrypt.co,https://decrypt.co/353897/alleged-crypto-scam-kingpin-arrested-cambodia-12-billion-bitcoin-seizure,-0.366034,Bearish
2026-01-07,2026-01-07 19:45:00,BTC's Down Year Pattern Puts 2026 in Focus,"History shows Bitcoin's rare down years have been followed by triple-digit rebounds, keeping 2026 firmly on traders' watchlists.",Cointelegraph,https://cointelegraph.com/news/bitcoin-averages-100percent-return-after-down-years-will-the-pattern-repeat-in-2026,0.038885,Neutral
2026-01-07,2026-01-07 20:34:14,"Can Bitcoin Holders Lose All Their Funds Due To A ""Tech Upgrade""?","Bitcoin Core, the main software used by most full Bitcoin nodes, recently released versions 30.0 and 30.1 and it came with a warning that peaked people's interests on Tuesday. In the absolute worse case scenario, investors actually could lose their funds.",Benzinga,https://www.benzinga.com/Opinion/26/01/49767811/can-bitcoin-holders-lose-all-their-funds-due-to-a-tech-upgrade,-0.087267,Neutral
2026-01-07,2026-01-07 20:40:25,"Why Bitcoin, Ethereum, XRP Are Surging In Early 2026","Global cryptocurrency markets have gained momentum at the start of 2026 as Bitcoin ( CRYPTO: BTC ) broke above key technical levels, reigniting speculation over a potential move back toward $100,000.",Benzinga,https://www.benzinga.com/crypto/cryptocurrency/26/01/49767993/why-bitcoin-ethereum-xrp-are-surging-in-early-2026,0.024478,Neutral
2026-01-07,2026-01-07 20:45:00,60K BTC Absorbed But Miners Sell: Can BTC's Rally Continue?,"Bitcoin accumulators absorbed 60,000 BTC, but miners sending their rewards to exchanges could lead to overhanging sell pressure.",Cointelegraph,https://cointelegraph.com/news/60k-btc-absorbed-as-miners-back-off-will-bitcoin-s-rally-lose-steam,0.139042,Neutral
2026-01-07,2026-01-07 20:48:35,Babylon Secures $15M from a16z to Build Bitcoin-Native Lending,The investment was made through the purchase of BABY tokens to support the development of Babylon's trustless Bitcoin collateral infrastructure.,Cointelegraph,https://cointelegraph.com/news/babylon-raises-15m-from-a16z-crypto-to-unlock-bitcoin-for-staking-and-onchain-credit,-0.016711,Neutral
2026-01-07,2026-01-07 21:57:43,"Bitcoin, Ethereum, XRP, Dogecoin Slip Ahead Of Crucial Jobs Data","Bitcoin is holding above the $90,000 level as traders lock in profits following last week's rally and a rejection at key resistance. Coinglass data shows 94,861 traders were liquidated in the past 24 hours for $303.85 million. SoSoValue data shows net outflows of $243.2 million from spot Bitcoin ...",Benzinga,https://www.benzinga.com/crypto/cryptocurrency/26/01/49771299/bitcoin-ethereum-xrp-dogecoin-slip-ahead-of-crucial-jobs-data,-0.007248,Neutral
2026-01-07,2026-01-07 22:16:07,"DOGE, SHIB Surge 30% While BTC, ETH, XRP Lag-What's Happening?","Dogecoin ( CRYPTO: DOGE ) surged 30% over four days, while Shiba Inu ( CRYPTO: SHIB ) rallied 27% in its strongest January performance since 2023, outperforming Bitcoin ( CRYPTO: BTC ) , Ethereum ( CRYPTO: ETH ) , and XRP ( CRYPTO: XRP ) .",Benzinga,https://www.benzinga.com/crypto/cryptocurrency/26/01/49771655/doge-shib-surge-30-while-btc-eth-xrp-lag-whats-happening,0.155127,Somewhat-Bullish
2026-01-07,2026-01-07 23:54:04,"The boldest bitcoin predictions for 2026 are in - from $75,000 to $225,000","Industry executives and investors forecast a wide range of prices for bitcoin in 2026, dropping as low as $75,000 and rising as high as $225,000.",CNBC,https://www.cnbc.com/2026/01/08/bitcoin-btc-price-predictions-for-2026.html,0.067229,Neutral
2026-01-08,2026-01-08 02:04:06,"Bitcoin, Ethereum, XRP, Dogecoin Pull Back: Analysts Say Crypto Market Still In 'Downtrend' But Find 'No Reason' For It To Fall Lower - Grayscale Bitcoin Mini Trust  ( BTC )   ( ARCA:BTC ) ","Leading cryptocurrencies fell alongside stocks on Wednesday as investors cashed out following recent rallies. Bitcoin slipped below $91,000 in afternoon trading before paring some losses overnight. Trading volume for the apex cryptocurrency plunged 22% over the last 24 hours.",Benzinga,https://www.benzinga.com/crypto/cryptocurrency/26/01/49773595/bitcoin-ethereum-xrp-dogecoin-pull-back-analysts-say-crypto-market-still-in-downtrend-but-f,-0.110501,Neutral
2026-01-08,2026-01-08 03:19:32,Bitcoin May See 'Boring Sideways' Action: CryptoQuant CEO,"CryptoQuant CEO Ki Young Ju says money flowing into Bitcoin has ""dried up"" for now, as traders are rotating back to traditional markets.",Cointelegraph,https://cointelegraph.com/news/bitcoin-price-boring-action-cryptoquant-forecast,-0.078148,Neutral
2026-01-08,2026-01-08 03:44:43,Three Catalysts That Could Kickstart a Crypto Rally in 2026: Bitwise,"Bitcoin's next rally hinges on market stability, with analysts pointing to calmer crypto conditions and progress on U.S. crypto legislation.",Decrypt.co,https://decrypt.co/353925/three-catalysts-kickstart-crypto-rally-2026,0.259187,Somewhat-Bullish
2026-01-08,2026-01-08 06:06:47,Morgan Stanley Bitcoin ETF Will Build Firm's Clout: Exec,"Morgan Stanley has an ""intangible benefit"" up its sleeve even if its spot Bitcoin ETF isn't a huge success, says ProCap investment chief Jeff Park.",Cointelegraph,https://cointelegraph.com/news/bitcoin-etf-morgan-stanley-flows-reputational-procap-jeff-park,0.203684,Somewhat-Bullish
2026-01-08,2026-01-08 06:13:56,Gavin Newsom 'Stealing' People's Bitcoin? Gemini Exchange Co-Founder Accuses California Governor Of Feeding His 'Money Pit' Machine,"Tyler Winklevoss, co-founder of Gemini Space Station, Inc. ( NASDAQ:GEMI ) , slammed the state of California and Governor Gavin Newsom on Wednesday for approving a bill that lets authorities take control of unclaimed cryptocurrency.",Benzinga,https://www.benzinga.com/crypto/cryptocurrency/26/01/49774401/gavin-newsom-stealing-peoples-bitcoin-gemini-exchange-co-founder-accuses-california-governo,0.011879,Neutral
2026-01-08,2026-01-08 09:00:00,Why Larry Fink Has Changed His View of Bitcoin,"Bitcoin has matured and become a more widely accepted investment option over the years, even among institutional investors.",Motley Fool,https://www.fool.com/investing/2026/01/08/why-larry-fink-has-changed-his-view-of-bitcoin/,-0.073452,Neutral
2026-01-08,2026-01-08 10:20:25,"Bitcoin Targets Futures Gaps as it Dips Under $90,000","Bitcoin filled one of two new futures gaps with a trip below $90,000 as analysis predicted a potential bottom level for the next BTC price cycle.",Cointelegraph,https://cointelegraph.com/news/bitcoin-price-bottom-88k-next-cycle-last-cme-gap-open,0.049449,Neutral
2026-01-08,2026-01-08 10:30:00,"Should You Buy Bitcoin While It's Under $100,000?",Bitcoin dropped by more than 20% during the 2025 fourth quarter.,Motley Fool,https://www.fool.com/investing/2026/01/08/should-you-buy-bitcoin-while-its-under-100000/,0.132701,Neutral
2026-01-08,2026-01-08 11:00:00,Is XRP  ( Ripple )  the Next Bitcoin?,XRP is an emerging player in the cryptocurrency landscape.,Motley Fool,https://www.fool.com/investing/2026/01/08/is-xrp-ripple-the-next-bitcoin/,0.200869,Somewhat-Bullish
2026-01-08,2026-01-08 11:15:00,"Prediction: Bitcoin Will Hit $150,000 in 2026",The coin's lackluster 2025 might actually make 2026 a strong year.,Motley Fool,https://www.fool.com/investing/2026/01/08/prediction-bitcoin-will-hit-150000-in-2026/,-0.024349,Neutral
2026-01-08,2026-01-08 12:46:10,"The 3 Conditions To Extend The Bitcoin, Ethereum, XRP Rally: Bitwise","Matt Hougan, chief investment officer at Bitwise Invest, outlined three key conditions that must be met for cryptocurrency markets to extend their early 2026 rally and transition from a bounce into a sustained uptrend.",Benzinga,https://www.benzinga.com/crypto/cryptocurrency/26/01/49779421/the-3-conditions-to-extend-the-bitcoin-ethereum-xrp-rally-bitwise,-0.039371,Neutral
2026-01-08,2026-01-08 13:19:40,Crypto Liquidations Top $477M as Bitcoin Slips Below $90K,"Bitcoin's dip below $90,000 has triggered a liquidation spree as bullish momentum fades amid ETF outflows and thin liquidity.",Decrypt.co,https://decrypt.co/353953/crypto-liquidations-top-477m-as-bitcoin-slips-below-90k,0.08132,Neutral
2026-01-08,2026-01-08 14:58:00,The Hottest Trade of 2026 Isn't Bitcoin - It's XRP ETFs,XRP ETFs steal the spotlight in 2026 as a 25% January surge leaves Bitcoin behind.,Zacks Commentary,https://www.zacks.com/stock/news/2814350/the-hottest-trade-of-2026-isnt-bitcoin---its-xrp-etfs,0.226196,Somewhat-Bullish
2026-01-08,2026-01-08 15:26:32,"Bitcoin Price Forecast Says $76,000 BTC 'Is Coming'","Bearish BTC price takes are back in full force as Bitcoin gave back the majority of its 2026 recovery, when bulls failed to overcome $95,000 resistance.",Cointelegraph,https://cointelegraph.com/news/bitcoin-trader-maintains-76k-btc-price-target-as-2026-comeback-fizzles,-0.180815,Somewhat-Bearish
2026-01-08,2026-01-08 15:44:00,This $3 Stock Could Be Your Ticket to Millionaire Status,"BitFuFu has a funny name, but it could be a serious wealth grower if Bitcoin bounces back.",Motley Fool,https://www.fool.com/investing/2026/01/08/this-3-stock-could-be-your-ticket-to-millionaire-s/,0.08439,Neutral
2026-01-08,2026-01-08 15:49:34,"Bitcoin Could Drop To $50,000 In 2026 If Equity Markets Stay Volatile, Bloomberg Strategist Warns","Bitcoin ( CRYPTO: BTC ) is struggling around $90,000 support as Bloomberg Intelligence strategist Mike McGlone warns BTC could revisit $50,000 in 2026 if equity market volatility picks up.",Benzinga,https://www.benzinga.com/crypto/cryptocurrency/26/01/49788058/bitcoin-could-drop-to-50000-in-2026-if-equity-markets-stay-volatile-bloomberg-strategist-wa,-0.190453,Somewhat-Bearish
2026-01-08,2026-01-08 15:53:03,"Bitcoin, Ethereum, Crypto News & Price Indexes",Zcash's technical and fundamental catalysts raise the odds of ZEC price declining to as low as $200 in the coming weeks after core developers exited the project.,Cointelegraph,https://cointelegraph.com/,-0.058344,Neutral
2026-01-08,2026-01-08 16:09:48,"Bitcoin on Exchanges Can Be Legally Seized in South Korea, Supreme Court Affirms","The South Korean Supreme Court confirmed that Bitcoin stored on crypto exchanges can be seized under criminal law, rejecting an appeal.",Decrypt.co,https://decrypt.co/353988/bitcoin-exchanges-legally-seized-south-korea-supreme-court-affirms,0.190489,Somewhat-Bullish
2026-01-08,2026-01-08 16:33:56,"Bitcoin, Gold, and Silver in 2026: How Scarcity Is Being Repriced","Bitcoin, gold and silver are now viewed through new lenses of scarcity shaped by market structure, liquidity, access and price expectations.",Cointelegraph,https://cointelegraph.com/news/bitcoin-vs-gold-vs-silver-in-2026-how-investors-are-repricing-scarcity,0.090539,Neutral
2026-01-08,2026-01-08 17:00:00,$50K or $250K?: What Top Crypto Companies Predict for Bitcoin in 2026,"In the latest Cointelegraph video, we break down the 2026 Bitcoin forecasts from top crypto companies and the trends shaping the market ahead.",Cointelegraph,https://cointelegraph.com/news/top-crypto-companies-split-bitcoin-2026-outlook,-0.068402,Neutral
2026-01-08,2026-01-08 17:54:12,"BlackRock ETF Chief Says 'Still Very Early Days' For Bitcoin, Ethereum","BlackRock Inc. ( NYSE:BLK ) U.S. head of equity ETFs Jay Jacobs on Wednesday said that despite billions in inflows, crypto ETFs remain in their early days as financial advisors only recently gained platform access.",Benzinga,https://www.benzinga.com/crypto/cryptocurrency/26/01/49793131/blackrock-etf-chief-says-still-very-early-days-for-bitcoin-ethereum,0.113343,Neutral
2026-01-08,2026-01-08 18:05:00,BlackRock Buys $900M BTC as Long-Term Selling Hits 2017 Lows,"BlackRock adds $900 million in Bitcoin as long-term holder selling drops to 2017 lows, pointing to early signs of BTC accumulation.",Cointelegraph,https://cointelegraph.com/news/blackrock-adds-dollar900m-btc-as-bitcoin-long-term-selling-falls-to-2017-lows,0.094375,Neutral
2026-01-08,2026-01-08 18:35:24,Florida Lawmakers Renew Push to Launch State Bitcoin Reserve,"Florida lawmakers introduced another bill for the creation of a strategic Bitcoin reserve, less than a year after two attempts were shelved.",Decrypt.co,https://decrypt.co/353995/florida-lawmakers-renew-push-launch-state-bitcoin-reserve,0.220293,Somewhat-Bullish
2026-01-08,2026-01-08 19:02:42,"Bitcoin Back Above $90,000 As Ethereum, XRP, Dogecoin Trade Sideways","Bitcoin is back above $90,000 on Thursday afternoon as crypto markets look to digest their early-year gains. Coinglass data shows 132,723 traders were liquidated in the past 24 hours for $455.54 million. In the past 24 hours, top gainers include JasmyCoin, Bittensor and Lighter.",Benzinga,https://www.benzinga.com/crypto/cryptocurrency/26/01/49796167/bitcoin-back-above-90000-as-ethereum-xrp-dogecoin-trade-sideways,-0.038912,Neutral
2026-01-08,2026-01-08 19:13:50,Crypto Market Cools as Bitcoin Stays Within Death Cross: Analysis,"The post-New Year rally fizzled fast. Bitcoin is back in death cross territory, and the charts aren't giving bulls much to celebrate.",Decrypt.co,https://decrypt.co/354003/crypto-market-cools-bitcoin-death-cross-price-analysis,0.048337,Neutral
2026-01-08,2026-01-08 19:38:52,Bitcoin Casino No Deposit Bonus for US Players: BC Poker's $5 Free Bitcoin Explained,"Los Angeles, CA, Jan. 08, 2026 ( GLOBE NEWSWIRE ) -- Search interest around bitcoin casino no deposit bonus USA keeps climbing, and the reason is simple. American players want to try crypto casinos without risking money, without dealing with blocked payments, and without waiting days to withdraw ...",Benzinga,https://www.benzinga.com/pressreleases/26/01/g49797444/bitcoin-casino-no-deposit-bonus-for-us-players-bc-pokers-5-free-bitcoin-explained,-0.052868,Neutral
2026-01-08,2026-01-08 19:56:58,Crypto Has Stopped Trying To Be Exciting And That's The Bull Case,"If you've been watching crypto recently, you may have noticed something unusual. The headlines are quieter. Bitcoin ( CRYPTO: BTC ) and Ethereum ( CRYPTO: ETH ) prices are moving in relatively narrow ranges, and volatility has slowed compared to past cycles. For casual observers, this might feel ...",Benzinga,https://www.benzinga.com/Opinion/26/01/49797616/crypto-has-stopped-trying-to-be-exciting-and-thats-the-bull-case,0.304125,Somewhat-Bullish
2026-01-08,2026-01-08 20:55:59,Bitcoin Nears $91K And Bulls Are Not Done Yet,"Bitcoin bulls are making a run on $91,000 as start-of-the-year trading volumes highlight the market's expectation of a positive Q1.",Cointelegraph,https://cointelegraph.com/news/bitcoin-bulls-chase-dollar91k-as-early-2026-rally-finds-sustained-volume,0.012372,Neutral
2026-01-08,2026-01-08 21:17:38,"Myriad Moves: Traders Bet on Zcash Rebound, But Aren't Buying Another Bitcoin All-Time High","Top markets on Myriad this week include predictions on a new Bitcoin all-time high, Ethereum's next move, and whether Zcash will bounce back.",Decrypt.co,https://decrypt.co/354044/myriad-moves-traders-bet-zcash-rebound-arent-buying-bitcoin-high,-0.007203,Neutral
2026-01-08,2026-01-08 22:03:07,Nexo Launches Zero-Interest Crypto Loans for Bitcoin and Ether Holders,The offering expands Nexo's structured lending products to Bitcoin and Ether holders amid a broader recovery in crypto-backed lending.,Cointelegraph,https://cointelegraph.com/news/nexo-zero-interest-crypto-btc-eth-holders,0.169295,Somewhat-Bullish
2026-01-09,2026-01-09 02:15:35,Bitcoin to Hit 2.9M by 2050 as it Becomes Global Trade Currency: VanEck,"VanEck analysts said Bitcoin could handle 5-10% of global trade and make up 2.5% of central bank reserves by 2050, driving its strategic role as a monetary hedge.",Cointelegraph,https://cointelegraph.com/news/bitcoin-hit-2-9m-2050-global-trade-vaneck,0.047266,Neutral
2026-01-09,2026-01-09 02:25:08,"Bitcoin, Ethereum, XRP, Dogecoin Weaken, While Stocks, Oil Gain: Analyst Says BTC Needs To Hold This Level To Avoid Falling Below $70,000 - Grayscale Bitcoin Mini Trust  ( BTC )   ( ARCA:BTC ) ","Leading cryptocurrencies came under pressure on Thursday as investors trimmed risk appetite after the market's recent advances Bitcoin dipped below $90,000 in early trading but recovered to hover around $91,000. Trading volume barely increased over the last 24 hours.",Benzinga,https://www.benzinga.com/crypto/cryptocurrency/26/01/49804358/bitcoin-ethereum-xrp-dogecoin-weaken-while-stocks-oil-gain-analyst-says-btc-needs-to-hold-t,0.09156,Neutral
2026-01-09,2026-01-09 03:15:13,"Trump Isn't Giving Sam Bankman-Fried A Get Out Of Jail Card, Reiterates Resolve To Make US Global Crypto Leader - American Bitcoin  ( NASDAQ:ABTC ) ","President Donald Trump dismissed the idea of pardoning jailed cryptocurrency fraudster Sam Bankman-Fried, according to a report published Thursday.",Benzinga,https://www.benzinga.com/crypto/cryptocurrency/26/01/49804509/trump-isnt-giving-sam-bankman-fried-a-get-out-of-jail-card-reiterates-resolve-to-make-us-gl,0.237355,Somewhat-Bullish
2026-01-09,2026-01-09 03:46:47,US Bitcoin ETFs Clock Three-Day Outflow Streak as Risk Appetite Cools,"Tactical de-risking and declining investor sentiment are the reasons behind the recent spot U.S. ETF outflows, Decrypt was told.",Decrypt.co,https://decrypt.co/354073/bitcoin-etfs-three-day-outflow-streak-risk-appetite-cools,-0.007257,Neutral
2026-01-09,2026-01-09 04:06:14,Bitcoin Mining's Environmental Benefits Backed By Science,"Bitcoin mining is accelerating renewable energy deployment, replacing fossil-fuel heating, expanding energy access and cutting methane emissions at scale.",Cointelegraph,https://cointelegraph.com/news/4-things-bitcoin-mining-can-do-for-climate-change-esg-expert,0.244057,Somewhat-Bullish
2026-01-09,2026-01-09 06:24:49,Offline Crypto Solutions Could Allow Access to Bitcoin During Blackouts,Protests began in Iran in response to worsening economic conditions and as the Iranian rial hit record lows against the US dollar.,Cointelegraph,https://cointelegraph.com/news/iran-cut-internet-could-citizens-still-use-crypto,0.035484,Neutral
2026-01-09,2026-01-09 08:49:56,South Korea's Supreme Court Says Bitcoin Held on Exchanges Can Be Seized,"The ruling confirms that Bitcoin in Korean exchange accounts is an ""object of seizure"" under criminal law, aligning Seoul with US and EU enforcement practices.",Cointelegraph,https://cointelegraph.com/news/south-korea-exchange-held-bitcoin,0.053377,Neutral
2026-01-09,2026-01-09 09:34:49,"Bitcoin, Ether ETFs See January Outflows After Early-Year Rebound","After a brief January rebound, US spot Bitcoin and Ether ETFs saw heavy redemptions, extending a cautious trend that began after October's market reset.",Cointelegraph,https://cointelegraph.com/news/bitcoin-ether-etf-outflows-january-2026-pullback,0.011855,Neutral
2026-01-09,2026-01-09 10:45:00,3 Predictions for Bitcoin in 2026,"There's going to be a lot going on in 2026, but the crypto probably won't go to the moon.",Motley Fool,https://www.fool.com/investing/2026/01/09/3-predictions-for-bitcoin-in-2026/,0.1495,Neutral
2026-01-09,2026-01-09 12:04:51,"Bitcoin, Ethereum, XRP, Dogecoin Trade Flat Ahead Of Key Labor Market Data - Grayscale Bitcoin Mini Trust  ( BTC )   ( ARCA:BTC ) ","Bitcoin continues to trade around $90,000 as crypto sentiment remains neutral; liquidations stand at $222.72 million over the past 24 hours. Bitcoin ETFs saw $398.95 million in net outflows on Thursday, while Ethereum ETFs reported $159.2 million in net outflows.",Benzinga,https://www.benzinga.com/crypto/cryptocurrency/26/01/49808589/bitcoin-ethereum-xrp-dogecoin-trade-flat-ahead-of-key-labor-market-data,0.078254,Neutral
2026-01-09,2026-01-09 12:30:00,Bitcoin Has Dropped 28% Since Its Peak in October. Will It Continue to Fall in 2026?,It's important to be realistic about what's actually predictable and what's not.,Motley Fool,https://www.fool.com/investing/2026/01/09/bitcoin-has-dropped-28-since-its-peak-in-oct/,0.18432,Somewhat-Bullish
2026-01-09,2026-01-09 12:34:08,"Forget $150,000, Bitcoin's Real Target Is $2.9 Million: VanEck","VanEck released long-term capital market assumptions projecting Bitcoin ( CRYPTO: BTC ) could reach $2.9 million by 2050 in its base case, implying a 15% compound annual growth rate from current levels near $88,000.",Benzinga,https://www.benzinga.com/crypto/cryptocurrency/26/01/49809271/forget-150000-bitcoins-real-target-is-2-9-million-vaneck,0.038341,Neutral
2026-01-09,2026-01-09 13:43:37,"Bitcoin Can Hit $105,000 in Weeks Based on RSI Signals, Says Trader","Bitcoin RSI flipped bullish on several timeframes, leading one trader to a $105,000 BTC price target within ""three to four weeks."" ...",Cointelegraph,https://cointelegraph.com/news/bitcoin-rsi-bull-signals-multiply-price-battles-90k-control,0.043874,Neutral
2026-01-09,2026-01-09 13:45:07,"Trump 'Has All Kinds Of Reasons' To Buy Bitcoin Before Midterms, Cathie Wood Says",Ark Invest's CEO Cathie Wood predicts President Donald Trump will start buying Bitcoin ( CRYPTO: BTC ) for the strategic reserve before the 2026 midterms to maintain political momentum and crypto voter support.,Benzinga,https://www.benzinga.com/crypto/cryptocurrency/26/01/49811172/trump-has-all-kinds-of-reasons-to-buy-bitcoin-before-midterms-cathie-wood-says,0.187427,Somewhat-Bullish
2026-01-09,2026-01-09 14:15:52,Bitcoin Exchange Balances Are Falling As Market Structure Evolves - BlackRock  ( NYSE:BLK ) ,"Bitcoin ( CRYPTO: BTC ) is undergoing a notable shift beneath the surface of daily price action, as the amount of Bitcoin held on centralized exchanges continues to decline to levels last seen several years ago.",Benzinga,https://www.benzinga.com/Opinion/26/01/49812023/bitcoin-exchange-balances-are-falling-as-market-structure-evolves,0.158003,Somewhat-Bullish
2026-01-09,2026-01-09 15:00:00,"The Sports Geek Launches Second Annual ""Beat the Geek"" Pro Football Playoff Pick'em Contest With $10,000 in Prizes","HOUSTON, Jan. 9, 2026 /PRNewswire/ -- The Sports Geek has launched Beat the Geek, a free pick'em contest, for the second year running. The contest allows fans and bettors to compete against the Geek, an AI-powered pro football betting model, for up to $10,000 in Bitcoin ( BTC ) .",Benzinga,https://www.benzinga.com/pressreleases/26/01/n49813599/the-sports-geek-launches-second-annual-beat-the-geek-pro-football-playoff-pickem-contest-with-10-0,0.353492,Bullish
2026-01-09,2026-01-09 15:07:10,Bitcoin Traders Are Hands-Off Ahead of US Tariff Ruling,"Bitcoin traders avoided taking positions amid sideways BTC price action, while markets waited for a decision on US trade tariffs by the Supreme Court.",Cointelegraph,https://cointelegraph.com/news/bitcoin-price-clings-90k-traders-us-supreme-court-tariff-ruling,-0.019277,Neutral
2026-01-09,2026-01-09 15:11:24,"Altcoins Defy Bitcoin Slump as XRP, Solana Notch Double-Digit Gains",Experts note altcoins' superior performance compared to Bitcoin is driven by ETF narratives and markets awaiting key U.S. economic data.,Decrypt.co,https://decrypt.co/354116/altcoins-defy-bitcoin-slump-xrp-solana-double-digit-gains,0.226946,Somewhat-Bullish
2026-01-09,2026-01-09 17:30:00,"Bitcoin, Altcoin Rallies Suppressed By Selling Near Range Highs","Buyers are attempting to defend the near-term support in Bitcoin and select major altcoins, but the bears have not given up and continue to exert pressure near the intraday range highs.",Cointelegraph,https://cointelegraph.com/news/price-predictions-1-9-btc-eth-xrp-bnb-sol-doge-ada-bch-link-hype,-0.019374,Neutral
2026-01-09,2026-01-09 18:25:38,Bitcoin Is Set For A Rally In 2026 If These Levels Break: Report,"Bitcoin ( CRYPTO: BTC ) is setting up well for a rally in 2026, backed by several bullish technical indicators and receding sell pressure. What Happened: Glassnode data shows that profit-taking pressure has largely subsided, allowing Bitcoin to rebound from around $87,000 into the mid-$90,000 ...",Benzinga,https://www.benzinga.com/crypto/cryptocurrency/26/01/49821089/bitcoin-is-set-for-a-rally-in-2026-if-these-levels-break-report,0.123846,Neutral
2026-01-09,2026-01-09 18:30:00,Bitcoin's Next Parabolic Rally Hinges On A Key Data Point,"Long-term Bitcoin holders sold nearly $300 billion worth of BTC in 2025, but as this sell pressure declines, a bullish outlook for 2026 has emerged.",Cointelegraph,https://cointelegraph.com/news/bitcoin-s-next-super-rally-could-depend-on-this-key-data-point,-0.123528,Neutral
2026-01-09,2026-01-09 19:00:00,Bitcoin Steadies as ETF Flows Reverse and Altcoins Reprice,"Bitcoin steadied near $90,000 as ETF flows turned negative, altcoins continued a valuation reset and DeFi markets showed pockets of renewed activity.",Cointelegraph,https://cointelegraph.com/news/bitcoin-90k-etfs-institutions-reposition,0.060484,Neutral
2026-01-09,2026-01-09 19:35:51,Bitcoin's Overlooked Role In The Protests In Iran,"Bitcoin ( CRYPTO: BTC ) may play an underrated role in the recent protests in Iran, with the Iranian Revolutionary Guard reportedly moving $1 billion through crypto exchanges to evade sanctions. The Iranian rial crashed to a record 1.42 million per U.S. dollar in late December, having lost ...",Benzinga,https://www.benzinga.com/crypto/cryptocurrency/26/01/49823153/bitcoins-overlooked-role-in-the-protests-in-iran,0.00728,Neutral
2026-01-09,2026-01-09 19:38:34,"Bitcoin Holds $90,000 As Ethereum, XRP, Dogecoin Slide Over 1% - Grayscale Bitcoin Mini Trust  ( BTC )   ( ARCA:BTC ) ","Bitcoin is holding above $90,000 amid a solid U.S. jobs data release on Friday. Coinglass data shows 80,473 traders were liquidated in the past 24 hours for $202.65 million. In the past 24 hours, top gainers include Polygon, Pump.fun and Stacks. 3 Reasons Why Bitcoin, ETH, XRP Sentiment Is ...",Benzinga,https://www.benzinga.com/crypto/cryptocurrency/26/01/49823257/bitcoin-holds-90000-as-ethereum-xrp-dogecoin-slide-over-1,0.252099,Somewhat-Bullish
2026-01-09,2026-01-09 20:13:38,"Bitcoin Price Could Surge to $53 Million by 2050, Says VanEck-Here's Why",Could Bitcoin be worth more than $50 million per coin in 24 years? VanEck just put out its most bullish price prediction yet.,Decrypt.co,https://decrypt.co/354168/bitcoin-price-could-surge-53-million-2050-vaneck-heres-why,0.179561,Somewhat-Bullish
2026-01-09,2026-01-09 22:09:21,"Bitcoin Bulls Rest, Prepping For Rally To $101.5K","Bitcoin traders' risk sentiment turned bullish, with the proof being in this week's futures-led advance to $95,000. Will bulls make another attempt after retesting a key underlying support level?",Cointelegraph,https://cointelegraph.com/news/bitcoin-tests-key-support-as-bulls-reset-to-prepare-for-futures-led-rally-to-dollar101-5k,0.073305,Neutral
2026-01-10,2026-01-10 02:11:00,Where Will Bitcoin Be in 5 Years?,There's a major pitfall coming up that'll need to be avoided.,Motley Fool,https://www.fool.com/investing/2026/01/09/where-will-bitcoin-be-in-5-years/,0.012199,Neutral
2026-01-10,2026-01-10 09:12:11,Spot Bitcoin ETFs Lose $681M in First Week of 2026 as Risk Appetite Fades,Spot Bitcoin ETFs reversed early inflows in 2026 and posted four straight days of outflows as fading rate-cut hopes and rising geopolitical risks pushed investors into risk-off positioning.,Cointelegraph,https://cointelegraph.com/news/spot-bitcoin-etfs-lose-681m-first-week-2026-risk-off,0.141531,Neutral
2026-01-10,2026-01-10 12:42:39,Betterment Warns Users After Fake Crypto Promotion Promised Triple Returns,"The message claimed Betterment would ""triple"" Bitcoin and Ether deposits sent within hours, urging users to transfer $10,000 to crypto wallets.",Cointelegraph,https://cointelegraph.com/news/betterment-fake-crypto-promotion-triple-returns-warning,-0.012209,Neutral
2026-01-10,2026-01-10 16:01:08,"Weekend Round-Up: Bitcoin's Potential Rally, Ethereum's Surge And Trump's Stance On Crypto Fraud","This week was a rollercoaster ride in the world of cryptocurrency. Bitcoin is showing signs of a potential rally in 2026, while Ethereum has surged above $3,100. Let's dive into the details. Bitcoin is setting up well for a rally in 2026.",Benzinga,https://www.benzinga.com/crypto/cryptocurrency/26/01/49829508/weekend-round-up-bitcoins-potential-rally-ethereums-surge-and-trumps-stance-on-crypto-fraud,0.157909,Somewhat-Bullish
2026-01-10,2026-01-10 17:13:28,Bitcoin Whales Drop BTC Longs in New Bull Signal,Bitcoin whales began repeating a classic bull signal as they took BTC long positions off the table after a year of declining overall market exposure.,Cointelegraph,https://cointelegraph.com/news/bitfinex-whales-dump-btc-longs-135k-bitcoin-price-target,0.030562,Neutral
2026-01-10,2026-01-10 17:16:37,"Bitcoin Could Hit $53.4 Million by 2050 as Adoption Grows, VanEck Says","Global asset manager VanEck has projected a potential surge in the price of Bitcoin ( CRYPTO: BTC ) , which could reach as high as $53.4 million by 2050. VanEck's optimistic forecast predicts a compound annual growth rate ( CAGR ) of 29% for Bitcoin over the next quarter-century.",Benzinga,https://www.benzinga.com/crypto/cryptocurrency/26/01/49830394/bitcoin-could-hit-53-4-million-by-2050-as-adoption-grows-vaneck-says,0.349758,Somewhat-Bullish
2026-01-10,2026-01-10 18:31:19,Nobel Laureate Maria Machado Envisioned A Bitcoin National Reserve For 'New' Venezuela - But Bettors Doubt She'd Be Taking Over Caracas Anytime Soon - Grayscale Bitcoin Mini Trust  ( BTC )   ( ARCA:BTC ) ,"Following Nicolás Maduro's ouster, attention has turned to Venezuelan opposition leader María Corina Machado's potential return, and with her, the prospects for Bitcoin ( CRYPTO: BTC ) in the oil-rich nation.",Benzinga,https://www.benzinga.com/crypto/cryptocurrency/26/01/49830531/nobel-laureate-maria-machado-envisioned-a-bitcoin-national-reserve-for-new-venezuela-but-be,0.158442,Somewhat-Bullish
2026-01-10,2026-01-10 18:37:35,17 Years On and Hal Finney's 'Running Bitcoin' Post Is Still Celebrated,"Many in the Bitcoin community continue to speculate that cryptographer Hal Finney was Bitcoin's pseudonymous creator, Satoshi Nakamoto.",Cointelegraph,https://cointelegraph.com/news/bitcoiners-celebrate-17th-anniversary-hal-finney-bitcoin,0.04713,Neutral
2026-01-10,2026-01-10 20:11:27,Elderly Couple Duped Into 'Helping' Investigation in $1.3 Million Bitcoin ATM Scam,An elderly couple was swindled out of their $1.3 million retirement fund by scammers pretending to be representatives from the Federal Trade Commission ( FTC ) . The elaborate scam involved Bitcoin ATMs and gold bullion transactions.,Benzinga,https://www.benzinga.com/crypto/cryptocurrency/26/01/49830695/elderly-couple-duped-into-helping-investigation-in-1-3-million-bitcoin-atm-scam,-0.14696,Neutral
2026-01-10,2026-01-10 21:22:20,Bitcoin Network Mining Difficulty Falls in Jan 2026,The Bitcoin mining difficulty continued to push through to new all-time highs in 2025 amid a turbulent year for the mining industry.,Cointelegraph,https://cointelegraph.com/news/bitcoin-difficulty-falls-first-adjustment-2026,-0.284059,Somewhat-Bearish
2026-01-11,2026-01-11 06:20:38,Samson Mow Tips Elon Musk Will 'Go Hard' Into Bitcoin In 2026,Jan3 founder Samson Mow's predictions are among the more bullish outlooks compared with most recent forecasts from other crypto market participants.,Cointelegraph,https://cointelegraph.com/news/bitcoin-elon-musk-adoption-jan3-samson-mow,0.045445,Neutral
2026-01-11,2026-01-11 10:00:00,Got $500? 2 Cryptocurrencies to Buy and Hold for Decades,The returns for Bitcoin and Ethereum during the past decade have just been too good to ignore.,Motley Fool,https://www.fool.com/investing/2026/01/11/got-500-2-cryptocurrencies-to-buy-and-hold-for-dec/,0.158598,Somewhat-Bullish
2026-01-11,2026-01-11 11:00:00,Should You Forget Bitcoin and Buy Dogecoin Instead?,The dog token's much bigger trailing-10-year return can draw interest from some market participants.,Motley Fool,https://www.fool.com/investing/2026/01/11/should-you-forget-bitcoin-and-buy-dogecoin-instead/,0.310766,Somewhat-Bullish
2026-01-11,2026-01-11 11:15:00,Where Will Bitcoin Be in 3 Years?,"Bitcoin has a lot going for it, but the near term could be bumpy.",Motley Fool,https://www.fool.com/investing/2026/01/11/where-will-bitcoin-be-in-3-years/,0.158974,Somewhat-Bullish
2026-01-11,2026-01-11 14:37:48,"Bitcoin Power Law Gives $65,000 as Key Bear Market Level","Bitcoin power law analysis concluded that price may face a new battle around $65,000 if BTC spends 2026 as a year of consolidation.",Cointelegraph,https://cointelegraph.com/news/bitcoin-four-year-cycle-in-play-power-law-65k-retest,0.052839,Neutral
2026-01-11,2026-01-11 16:46:53,Binance Founder CZ Encourages Crypto Holders While Wells Fargo Buys Bitcoin,"Last week Wells Fargo begun to amass Bitcoin ( CRYPTO: BTC ) in substantial amounts. This development has elicited reactions from the cryptocurrency community, including a response from Changpeng Zhao, the founder of Binance.",Benzinga,https://www.benzinga.com/crypto/cryptocurrency/26/01/49831832/binance-founder-cz-encourages-crypto-holders-while-wells-fargo-buys-bitcoin,0.133925,Neutral
2026-01-12,2026-01-12 03:04:00,"Bitcoin, Ethereum, Dogecoin Gain, While XRP Slips: Analyst Says BTC Remains 'Structurally Weak' With No 'Credible' Signs Of Bottom - Grayscale Bitcoin Mini Trust  ( BTC )   ( ARCA:BTC ) ","Leading cryptocurrencies spiked on Sunday, but stock futures plunged after the Justice Department served subpoenas to the Federal Reserve. Bitcoin rallied in the evening, breaking past $91,500 as trading volume picked up dramatically. Volumes rose nearly 75% over the 24-hour period.",Benzinga,https://www.benzinga.com/crypto/cryptocurrency/26/01/49833244/bitcoin-ethereum-dogecoin-gain-while-xrp-slips-analyst-says-btc-remains-structurally-weak-w,-0.05051,Neutral
2026-01-12,2026-01-12 03:39:25,Bitcoin Shrugs Off Powell Probe as DOJ Targets Fed Chair,Experts note Bitcoin's hedge narrative could strengthen if Fed Chair Jerome Powell's criminal investigation is successful.,Decrypt.co,https://decrypt.co/354224/bitcoin-powell-probe-doj-fed-chair,-0.053649,Neutral
2026-01-12,2026-01-12 06:39:37,"Crypto Billionaire Michael Saylor Names Nvidia, Bitcoin Among 'Best Performing Assets' Of The Decade: Here's How They've Performed","Strategy Inc. ( NASDAQ:MSTR ) Executive Chair Michael Saylor highlighted on Sunday that the company has surpassed Wall Street giants since adopting the Bitcoin ( CRYPTO: BTC ) -focused approach, trailing only Nvidia Corp. ( NASDAQ:NVDA ) .",Benzinga,https://www.benzinga.com/crypto/cryptocurrency/26/01/49833865/crypto-billionaire-michael-saylor-names-nvidia-bitcoin-among-best-performing-assets-of-the-,0.141747,Neutral
2026-01-12,2026-01-12 09:01:37,Macro Volatility Clouds are Gathering for Bitcoin This Week,Bitcoin injected volatility as legal action against the Federal Reserve combined with market nerves over geopolitics at the start of a key week for inflation data.,Cointelegraph,https://cointelegraph.com/news/fed-rate-cuts-under-fire-5-things-bitcoin-this-week,-0.009704,Neutral
2026-01-12,2026-01-12 09:26:35,Adam Back's H100 And Future Holdings To Merge In Swiss Deal,Adam Back-backed Bitcoin treasury Future Holdings has agreed to a takeover proposal from Sweden-listed H100 Group as it eyes expansion into Switzerland.,Cointelegraph,https://cointelegraph.com/news/adam-back-future-holdings-h100-acquisition-switzerland,0.244922,Somewhat-Bullish
2026-01-12,2026-01-12 10:04:48,"Powell Probe May Introduce Bitcoin Risk Premia, Analysts Say",Bitcoin's non-sovereign narrative is gaining attention as reports of a probe into US Fed Chair Jerome Powell raise concerns over political pressure and markets.,Cointelegraph,https://cointelegraph.com/news/powell-investigation-risk-premia-bitcoin-analysts,0.088012,Neutral
2026-01-12,2026-01-12 10:59:30,Crypto ETPs Post $454M Outflows As Bitcoin Leads Losses,"Bitcoin led with $405 million of outflows last week, with the US shedding $569 million, as several altcoins and European funds posted modest inflows.",Cointelegraph,https://cointelegraph.com/news/crypto-etp-454-million-outflows-fed-rate-cut-hopes-fade,0.148107,Neutral
2026-01-12,2026-01-12 12:12:26,"Bitcoin, Ethereum Trade Flat While XRP, Dogecoin Slide 2% After ETF Outflows","Bitcoin is trading around $90,000 as broader crypto sentiment remains neutral despite macro tailwinds; liquidations stand at $211.88 million over the past 24 hours. Bitcoin ETFs saw $250 million in net outflows on Friday, while Ethereum ETFs reported $93.8 million in net outflows.",Benzinga,https://www.benzinga.com/crypto/cryptocurrency/26/01/49838405/bitcoin-ethereum-trade-flat-while-xrp-dogecoin-slide-2-after-etf-outflows,0.180348,Somewhat-Bullish
2026-01-12,2026-01-12 13:30:00,Prediction: Bitcoin Will Not Be Worth $1 Million in 5 Years,"Bitcoin may eventually hit $1 million, but not by 2030.",Motley Fool,https://www.fool.com/investing/2026/01/12/prediction-bitcoin-will-not-be-worth-1-million-in/,0.043327,Neutral
2026-01-12,2026-01-12 14:14:41,"Strategy Buys $1.25B in Bitcoin as Holdings Near 690,000 BTC","Strategy added 13,627 Bitcoin in a $1.25 billion purchase last week, extending its lead as the world's largest corporate BTC holder despite recent paper losses.",Cointelegraph,https://cointelegraph.com/news/strategy-adds-13627-bitcoin-1-25b-buy-2026,0.111851,Neutral
2026-01-12,2026-01-12 14:44:10,"Gold, Silver Hit New Highs as Bitcoin Trades Flat Ahead of Key Macroeconomic Events",Precious metals hit new highs as political pressure on the Federal Reserve spurred a safe-haven rush ahead of critical U.S. inflation data.,Decrypt.co,https://decrypt.co/354236/gold-silver-hit-new-highs-as-bitcoin-trades-flat-ahead-of-key-macroeconomic-events,0.029686,Neutral
2026-01-12,2026-01-12 15:24:28,Ethereum Prints Copycat 95% Rally Setup Against Bitcoin,ETH price could rally 95% versus Bitcoin if a decisive breakout above the key 0.042 BTC neckline confirms a bullish reversal.,Cointelegraph,https://cointelegraph.com/news/ethereum-set-for-95-percent-copycat-rally-against-bitcoin,0.048602,Neutral
2026-01-12,2026-01-12 15:30:38,Satoshi-Era Bitcoin Whale Moves $180M in BTC to Coinbase,"This is the first time the coins have moved since the summer of 2010, sparking speculation on social media.",Decrypt.co,https://decrypt.co/354240/satoshi-era-bitcoin-whale-moves-180m-in-btc-to-coinbase,0.037876,Neutral
2026-01-12,2026-01-12 15:48:02,"Strategy Spends $1.2 Billion on Bitcoin, Its Biggest BTC Buy Since July","Strategy notched its largest Bitcoin purchase in five months, following MSCI's decision to not exclude the company from its indices.",Decrypt.co,https://decrypt.co/354239/strategy-spends-1-2-billion-bitcoin-biggest-btc-buy-july,0.111144,Neutral
2026-01-12,2026-01-12 16:09:09,"Strategy Buys 13,627 BTC For $1.25 Billion But MSTR Teeters Around $150 Support - Strategy  ( NASDAQ:MSTR ) ","Strategy Inc. ( NASDAQ:MSTR ) acquired 13,627 Bitcoin ( CRYPTO: BTC ) for $1.25 billion at an average price of $91,519 per coin, but the stock is testing critical $150 support that threatens a breakdown. Strategy now holds 687,410 Bitcoin acquired for $51.80 billion at an average price of ...",Benzinga,https://www.benzinga.com/crypto/cryptocurrency/26/01/49849492/strategy-buys-13627-btc-for-1-25-billion-but-mstr-teeters-around-150-support,-0.120265,Neutral
2026-01-12,2026-01-12 16:32:24,Analysis: 'Book Closed' On Bitcoin Vs. Gold Debasement Trade,"Bitcoin failed to become investors' choice as the debasement trade as BTC price action slumps while gold and silver hit repeat all-time highs, said analysis.",Cointelegraph,https://cointelegraph.com/news/bitcoin-loses-to-gold-debasement-trade-with-btc-2-year-lows-analyst,0.041671,Neutral
2026-01-12,2026-01-12 16:43:00,Tom Lee's BitMine Buys $76 Million in Ethereum as Analysts Predict ETH Outperforming Bitcoin,"Publicly traded Ethereum treasury firm Bitmine Immersion Technologies added to its ETH stash, now valued around $13 billion.",Decrypt.co,https://decrypt.co/354244/tom-lee-bitmine-buys-76-million-ethereum-analysts-predict-outperforming-bitcoin,0.266803,Somewhat-Bullish
2026-01-12,2026-01-12 16:45:00,Why HUT 8 Stock Is a Sell Even After a 171% Surge in 6 Months,"After a 171% six-month rally, HUT faces downside as heavy Bitcoin exposure, power constraints and a stretched valuation limit upside.",Zacks Commentary,https://www.zacks.com/stock/news/2815907/why-hut-8-stock-is-a-sell-even-after-a-171-surge-in-6-months,0.051095,Neutral
2026-01-12,2026-01-12 18:10:56,"Bitcoin, Altcoins Find Firm Ground, But Bear May Sell Range Highs","Bitcoin and several major altcoins bounced off their strong support levels, but charts and trading volume suggest bears will continue to sell at the range highs.",Cointelegraph,https://cointelegraph.com/news/price-predictions-1-12-spx-dxy-btc-eth-xrp-bnb-sol-doge-ada-bch,-0.031221,Neutral
2026-01-12,2026-01-12 18:16:46,"Don't Expect Any Big Pumps For Bitcoin Just Yet, Bitfinex Warns",Bitcoin ( CRYPTO: BTC ) has rebounded from late-November lows as Bitfinex maintains a constructive medium-term outlook for 2026 but warns that near-term upside could be limited.,Benzinga,https://www.benzinga.com/crypto/cryptocurrency/26/01/49854479/dont-expect-any-big-pumps-for-bitcoin-just-yet-bitfinex-warns,-0.058419,Neutral
2026-01-12,2026-01-12 18:25:49,"Bitcoin, Ethereum ETFs Shed Nearly All 2026 Gains as Rate Cut Hopes Fade",Bitcoin and Ethereum ETFs are surrendering nearly all 2026 gains as fading Fed rate cut hopes drive sizable crypto fund outflows.,Decrypt.co,https://decrypt.co/354246/bitcoin-ethereum-etfs-shed-nearly-all-2026-gains-rate-cut-hopes-fade,0.098171,Neutral
2026-01-12,2026-01-12 19:15:00,"OG Whales Sell $286M, But BTC Bulls Still Aim For $100K","Bitcoin whales sold $286 million of BTC in January, but a slowdown in the distribution and accelerating bullish momentum could send BTC to $100,000 before the end of the month.",Cointelegraph,https://cointelegraph.com/news/bitcoin-whales-sell-dollar286m-but-odds-of-dollar100k-btc-high,0.067447,Neutral
2026-01-12,2026-01-12 19:34:16,Former 'Bitcoin Mayor' Eric Adams Reveals NYC Token to Fight 'Antisemitism and Anti-Americanism',"Eric Adams, the recently departed former mayor of New York City, endorsed a cryptocurrency called ""NYC Token"" from Times Square on Monday.",Decrypt.co,https://decrypt.co/354297/former-bitcoin-mayor-eric-adams-nyc-token-fight-antisemitism-anti-americanism,0.052478,Neutral
2026-01-12,2026-01-12 20:27:08,"Bitcoin Holds $91,000 As Ethereum, XRP, Dogecoin Drift Lower On Quiet Start To The Week","Bitcoin is holding around $91,000 as markets kick off the week with muted price action and broadly neutral sentiment. Coinglass data shows 105,562 traders were liquidated in the past 24 hours for $283.05 million. SoSoValue data shows net outflows of $250 million from spot Bitcoin ETFs on Friday.",Benzinga,https://www.benzinga.com/crypto/cryptocurrency/26/01/49858710/bitcoin-holds-91000-as-ethereum-xrp-dogecoin-drift-lower-on-quiet-start-to-the-week,0.074178,Neutral
2026-01-12,2026-01-12 21:30:00,Bitdeer Announces December 2025 Production and Operations Update,"SINGAPORE, Jan. 12, 2026 ( GLOBE NEWSWIRE ) -- Bitdeer Technologies Group ( NASDAQ: BTDR ) ( ""Bitdeer"" or the ""Company"" ) , a world-leading technology company for Bitcoin mining and AI cloud, today announced its unaudited mining and operations updates for December 2025.",GlobeNewswire,https://www.globenewswire.com/news-release/2026/01/12/3217381/0/en/Bitdeer-Announces-December-2025-Production-and-Operations-Update.html,0.20576,Somewhat-Bullish
2026-01-12,2026-01-12 21:30:00,Bitdeer Announces December 2025 Production and Operations Update - Bitdeer Technologies  ( NASDAQ:BTDR ) ,Increased self-mining hashrate to 55.2 EH/s on continued deployment of SEALMINERs Bitcoin production increased 339% year over year to 636 Bitcoin 8 units of GB200 deployed and under testing in Malaysia,Benzinga,https://www.benzinga.com/pressreleases/26/01/g49861159/bitdeer-announces-december-2025-production-and-operations-update,0.212481,Somewhat-Bullish
2026-01-12,2026-01-12 21:46:58,Fitch Warns Bitcoin-Backed Securities Pose High Market Value Risk,"Fitch said sharp Bitcoin price swings could quickly erode collateral backing these securities, increasing the risk of losses for lenders and investors.",Cointelegraph,https://cointelegraph.com/news/fitch-warns-bitcoin-backed-securities-market-value-risk,0.002497,Neutral
2026-01-12,2026-01-12 21:56:14,SEC Chair: 'Remains to be seen' Whether US will Seize Venezuela's Bitcoin,Several blockchain analysts said they were unable to verify whether the Latin American nation held $60 billion in the cryptocurrency.,Cointelegraph,https://cointelegraph.com/news/sec-chair-paul-atkins-us-seize-venezuela-bitcoin,0.105974,Neutral
2026-01-12,2026-01-12 22:22:39,"Stock Market Today, Jan. 12: Iren Jumps on Bernstein Naming It Top AI Pick After Microsoft Contract Win","On Jan. 12, 2026, a Bitcoin-linked data center operator's AI pivot and Microsoft deal put its growth strategy under the spotlight.",Motley Fool,https://www.fool.com/coverage/stock-market-today/2026/01/12/stock-market-today-jan-12-iren-jumps-on-bernstein-naming-it-top-ai-pick-after-microsoft-contract-win/,0.209355,Somewhat-Bullish
2026-01-12,2026-01-12 22:39:29,Why Bitcoin Cash Slumped 5% Over This Weekend,Bitcoin Cash has been among the worst-performing large-cap tokens over the course of the past weekend.,Motley Fool,https://www.fool.com/investing/2026/01/12/why-bitcoin-cash-slumped-5-over-this-weekend/,0.030989,Neutral
2026-01-13,2026-01-13 01:48:16,Bitcoin Strength Under Question As DOJ Fed Probe Looms,"Bitcoin rallied to $92,000 as Federal Reserve chair Jerome Powell spoke about a potential DOJ investigation into the Fed. Will BTC's strength hold?",Cointelegraph,https://cointelegraph.com/news/bitcoin-shows-strength-as-us-doj-mulls-fed-chair-investigation-will-btc-price-hold,0.058884,Neutral
2026-01-13,2026-01-13 02:24:31,"Bitcoin, Ethereum, XRP Hold Steady While Dogecoin Dips: Analyst Sees BTC Reclaiming $100,000 This Month If This Happens","Leading cryptocurrencies meandered, while stocks rallied to new highs on Monday amid key political and geopolitical developments. Bitcoin rose to $92,390 in the early trading hours before losing steam and retreating to $91,000 region. Trading volume nearly doubled over the last 24 hours to $38.78 ...",Benzinga,https://www.benzinga.com/crypto/cryptocurrency/26/01/49864472/bitcoin-ethereum-xrp-hold-steady-while-dogecoin-dips-analyst-sees-btc-reclaiming-100000-thi,0.00241,Neutral
2026-01-13,2026-01-13 05:55:47,"Bitwise CIO Argues for Bitcoin in 401 ( k ) s, as Senator Warren Questions SEC",US President Donald Trump opened the door for cryptocurrencies to be included in 401 ( k ) retirement plans in August last year with an executive order.,Cointelegraph,https://cointelegraph.com/news/bitwise-bitcoin-401k-ban-ridiculous-warren-sec,-0.078511,Neutral
2026-01-13,2026-01-13 05:59:55,Why Bitcoin May Be Underpricing January Rate Cut Odds,"Bitcoin's rangebound price action and volatility may compound mispriced odds of a Fed rate cut ahead of key CPI data, analysts say.",Decrypt.co,https://decrypt.co/354380/why-bitcoin-underpricing-january-rate-cut-odds,-0.298492,Somewhat-Bearish
2026-01-13,2026-01-13 06:18:25,VanEck Predicts Risk-On Q1 2026 With Improved Fiscal Clarity,"VanEck predicts investors will be more confident in Q1, citing improved fiscal visibility and monetary clarity, though the jury is still out on how Bitcoin fits into this picture.",Cointelegraph,https://cointelegraph.com/news/clearer-fiscal-and-monetary-signals-risk-on-outlook-q1-vaneck,0.095626,Neutral
2026-01-13,2026-01-13 07:46:46,"Cathie Wood Predicts 'Goldilocks' Boom In 2026: 5% GDP With Deflation, Calls Bitcoin 'Ultimate Diversifier' For Portfolios","ARK Invest CEO Cathie Wood is calling for an economic ""Goldilocks"" scenario in 2026, forecasting real GDP growth surging toward 5%, accompanied by falling inflation-and potentially outright deflation-driven by an AI-led productivity boom.",Benzinga,https://www.benzinga.com/markets/economic-data/26/01/49866250/cathie-wood-predicts-goldilocks-boom-in-2026-5-gdp-with-deflation-calls-bitcoin-ultimate-di,0.191745,Somewhat-Bullish
2026-01-13,2026-01-13 09:00:00,21shares launches BOLD ETP combining bitcoin and gold in a single regulated product,Approved by ...,GlobeNewswire,https://www.globenewswire.com/news-release/2026/01/13/3217495/0/en/21shares-launches-BOLD-ETP-combining-bitcoin-and-gold-in-a-single-regulated-product.html,0.23972,Somewhat-Bullish
2026-01-13,2026-01-13 10:30:00,"Here's Why I Just Raised My 2026 Price Target for Bitcoin to $150,000",Patching a major vulnerability will result in a higher price for the coin.,Motley Fool,https://www.fool.com/investing/2026/01/13/heres-why-i-just-raised-my-2026-price-target-for-b/,0.014678,Neutral
2026-01-13,2026-01-13 11:08:00,2 Things to Expect From Your First Bitcoin ETF Purchase in 2026,"If you're considering using a Bitcoin ETF instead of spot Bitcoin for your crypto exposure, you should know a couple of things before your first trade.",Motley Fool,https://www.fool.com/investing/2026/01/13/2-things-to-expect-from-first-bitcoin-etf-purchase/,0.165366,Somewhat-Bullish
2026-01-13,2026-01-13 11:51:50,21Shares Lists Bitcoin And Gold ETP On London Stock Exchange,The 21Shares Bitcoin Gold ETP allocates roughly two-thirds to gold and one-third to Bitcoin and now trades in pounds sterling and dollars on the London Stock Exchange.,Cointelegraph,https://cointelegraph.com/news/21shares-bold-etp-bitcoin-and-gold-exposure,0.283241,Somewhat-Bullish
2026-01-13,2026-01-13 11:59:28,"Bitcoin Taps $92,000 As Ethereum, XRP, Dogecoin Trend Higher","Bitcoin is battling for $92,000 as liquidations stand at $180.10 million over the past 24 hours. Bitcoin ETFs saw $116.7 million in net inflows on Monday, while Ethereum ETFs reported $5.07 million in net inflows.",Benzinga,https://www.benzinga.com/crypto/cryptocurrency/26/01/49868999/bitcoin-taps-92000-as-ethereum-xrp-dogecoin-trend-higher,0.108011,Neutral
2026-01-13,2026-01-13 12:29:00,Get Ready for Crypto Exposure as Morgan Stanley Joins the ETF Race,"Morgan Stanley files spot Bitcoin and Solana ETFs as crypto ETF inflows top $1.2B, signaling a regime change and fresh institutional capital.",Zacks Commentary,https://www.zacks.com/stock/news/2816215/get-ready-for-crypto-exposure-as-morgan-stanley-joins-the-etf-race,0.204828,Somewhat-Bullish
2026-01-13,2026-01-13 13:00:00,"Bitcoin Depot Acquires the Assets of Regional Bitcoin ATM Operator, Instant Coin Bank - Bitcoin Depot  ( NASDAQ:BTM ) , Bitcoin Depot  ( NASDAQ:BTMWW ) ","ATLANTA, Jan. 13, 2026 ( GLOBE NEWSWIRE ) -- Bitcoin Depot ( NASDAQ:BTM ) , a U.S.-based Bitcoin ATM ( ""BTM"" ) operator and leading fintech company, today announced its acquisition of Instant Coin Bank, a regional BTM operator with locations throughout Texas and Oklahoma.",Benzinga,https://www.benzinga.com/pressreleases/26/01/g49870829/bitcoin-depot-acquires-the-assets-of-regional-bitcoin-atm-operator-instant-coin-bank,0.191966,Somewhat-Bullish
2026-01-13,2026-01-13 13:40:45,"Global Central Banks Back Powell, Warn Fed Pressure Could Shake Markets","Crypto experts say political pressure on the US Federal Reserve could drive volatility, but also shift flows toward Bitcoin and gold in the long run.",Cointelegraph,https://cointelegraph.com/news/global-central-banks-back-powell-warn-fed-independence-crypto-impact,0.078251,Neutral
2026-01-13,2026-01-13 13:42:43,Bitcoin's Four-Year Cycle Broken: VanEck,"The investment manager sees a split Bitcoin outlook but is bullish on gold and AI stocks, as political risks challenge traditional market anchors.",Decrypt.co,https://decrypt.co/354389/bitcoins-four-year-cycle-broken-vaneck,0.235172,Somewhat-Bullish
2026-01-13,2026-01-13 13:56:13,"Morning Minute: Fidelity Calls Bitcoin 'Maturing,' Lays Out 2026 Bull and Bear Case",The financial services firm lays out a pretty straightforward bull case for Bitcoin as it matures-will it come to fruition?,Decrypt.co,https://decrypt.co/354390/morning-minute-fidelity-calls-bitcoin-maturing-lays-out-2026-bull-and-bear-case,0.082445,Neutral
2026-01-13,2026-01-13 15:18:39,Bitcoin Price Gains 1.5% as Risk Assets Celebrate US CPI Print,Bitcoin sought new weekly highs as US CPI numbers came in below expectations and President Donald Trump called for more interest-rate cuts.,Cointelegraph,https://cointelegraph.com/news/bitcoin-attempts-92k-breakout-stocks-new-record-low-us-cpi-data,-0.007306,Neutral
2026-01-13,2026-01-13 16:00:51,"Crypto Bill Draft Grants XRP, Solana and Dogecoin Same Legal Status as Bitcoin","The draft provision would treat tokens as ""non-ancillary"" assets, exempt from SEC securities rules, if they were in an ETF by 2026.",Decrypt.co,https://decrypt.co/354411/crypto-bill-draft-grants-xrp-solana-and-dogecoin-same-legal-status-as-bitcoin,0.173773,Somewhat-Bullish
2026-01-13,2026-01-13 16:15:00,Bitcoin-Gold Correlation Signals 50% or More BTC Price Gains by March,"Bitcoin may take the lead over gold in 2026 as liquidity expansion and cycle fractals point to a rally that can take BTC price to $144,000.",Cointelegraph,https://cointelegraph.com/news/bitcoin-gold-correlation-signals-at-least-50-btc-price-gains-by-march,0.109268,Neutral
2026-01-13,2026-01-13 16:15:00,Stablecoins or Bitcoin Salaries? How Regulation Is Shaping Pay Choices,"Why regulation favors stablecoins over Bitcoin for salaries and how compliance, volatility and payroll rules are shaping crypto wage adoption worldwide.",Cointelegraph,https://cointelegraph.com/explained/stablecoins-vs-bitcoin-salaries-why-regulation-pushes-one-ahead-of-the-other,0.217354,Somewhat-Bullish
2026-01-13,2026-01-13 17:15:00,BTC Breaks $93K as CLARITY Act Delay Tests Markets' Patience,"Bitcoin made new weekly highs above $93,000 despite a delay in the CLARITY Act legislation by US lawmakers. Can BTC hold its gains without a surge in ETF flows and retail investor demand?",Cointelegraph,https://cointelegraph.com/news/bitcoin-shrugs-off-clarity-act-delay-by-rallying-above-dollar93k,-0.004875,Neutral
2026-01-13,2026-01-13 17:50:58,"Bitcoin Likely To End Year Higher, But $150,000 Blow-Off Remains Uncertain: Report","Prominent crypto analyst Miles Deutscher outlined several themes he expects to shape digital asset markets in 2026, along with his outlook for Bitcoin's ( CRYPTO: BTC ) price by year-end.",Benzinga,https://www.benzinga.com/crypto/cryptocurrency/26/01/49884917/bitcoin-likely-to-end-year-higher-but-150000-blow-off-remains-uncertain-report,0.160862,Somewhat-Bullish
2026-01-13,2026-01-13 18:14:05,Bitcoin Climbs Above $93K as US Inflation Holds Steady,"Bitcoin hits $93K as volume surges, but sellers dominate-will it reach $100K or face more pressure ahead?",Decrypt.co,https://decrypt.co/354409/bitcoin-climbs-above-93k-us-inflation-holds-steady,-0.106177,Neutral
2026-01-13,2026-01-13 18:45:03,"Senate's Draft Bill Gives XRP, SOL, DOGE, Bitcoin-Like Status-Here's Why It Matters","The Senate Banking Committee released a draft bill Tuesday that would treat XRP ( CRYPTO: XRP ) , Solana ( CRYPTO: SOL ) , Dogecoin ( CRYPTO: DOGE ) , and more the same way regulators currently treat Bitcoin ( CRYPTO: BTC ) -as commodities, not securities.",Benzinga,https://www.benzinga.com/crypto/cryptocurrency/26/01/49886882/senates-draft-bill-gives-xrp-sol-doge-bitcoin-like-status-heres-why-it-matters,0.184506,Somewhat-Bullish
2026-01-13,2026-01-13 19:16:12,Why Bitcoin's Four-Year Cycle Faltered - and What Comes Next,"Bitcoin's muted 2025 rally and fading altcoin cycle point to a structural market shift, leaving crypto's 2026 outlook tied to institutions, rates and retail return.",Cointelegraph,https://cointelegraph.com/news/crypto-2026-comeback-hinges-three-outcomes-wintermute,0.122067,Neutral
2026-01-13,2026-01-13 20:44:33,"Strive, Semler Stocks Fall After Shareholders Approve Bitcoin Treasury Acquisition","Semler Scientific shareholders approved Strive's acquisition in an all-stock deal, but both Bitcoin treasury stocks dropped on the news.",Decrypt.co,https://decrypt.co/354436/strive-semler-stocks-fall-shareholders-approve-bitcoin-treasury-acquisition,0.082419,Neutral
2026-01-13,2026-01-13 22:04:40,Strive Shares Fall 12% After Semler Deal To Expand Bitcoin Treasury,"The all-stock deal adds Semler's 5,048 BTC to Strive's treasury, lifting total holdings to 12,797.9 BTC and ranking it 11th among public companies.",Cointelegraph,https://cointelegraph.com/news/vivek-ramaswamy-strive-acquire-semler-scientific-bitcoin-treasury,0.213129,Somewhat-Bullish
2026-01-13,2026-01-13 22:21:44,"XRP, Solana, Mid-Caps Show Relative Strength: Is A Rally Loading?","Cryptocurrencies underperformed during an otherwise risk-on week, with Bitcoin ( CRYPTO: BTC ) and Ethereum ( CRYPTO: ETH ) stuck in tight consolidation ranges even as select altcoins showed relative strength.",Benzinga,https://www.benzinga.com/crypto/cryptocurrency/26/01/49894259/xrp-solana-mid-caps-show-relative-strength-is-a-rally-loading,0.10361,Neutral
2026-01-13,2026-01-13 22:35:13,"Dogecoin Gets Bitcoin Status In Senate Bill-DOGE, SHIB Rally 5%",Dogecoin ( CRYPTO: DOGE ) and Shiba Inu ( CRYPTO: SHIB ) rallied 5% on Tuesday after the Senate Banking Committee released a draft bill that would give DOGE the same regulatory treatment as Bitcoin ( CRYPTO: BTC ) -classifying it as a commodity rather than a security.,Benzinga,https://www.benzinga.com/crypto/cryptocurrency/26/01/49894404/dogecoin-gets-bitcoin-status-in-senate-bill-doge-shib-rally-5,-0.142873,Neutral
2026-01-13,2026-01-13 23:43:05,Bitcoin Hits Two-Month High as CPI Steadies and Short Covering Accelerates,Bitcoin's rally drew fuel from short covering as steady inflation data and the start of earnings season reinforced trader expectations.,Decrypt.co,https://decrypt.co/354505/bitcoin-two-month-high-cpi-steadies-short-covering-accelerates,0.079544,Neutral
2026-01-14,2026-01-14 02:09:36,"Bitcoin Tops $96,000; Ethereum, XRP, Dogecoin Rally On Crypto Bill Progress: Analyst Says 'Dips Are For Buying' As $100,000 Comes In Focus For BTC - Grayscale Bitcoin Mini Trust  ( BTC )   ( ARCA:BTC ) ","Leading cryptocurrencies surged on Tuesday as the Senate prepares for the markup of a key bill aimed at regulating the cryptocurrency market. Bitcoin rose above $96,000 for the first time in nearly two months ,with trading volume surging 45% over the last 24 hours.",Benzinga,https://www.benzinga.com/crypto/cryptocurrency/26/01/49895666/bitcoin-tops-96000-ethereum-xrp-dogecoin-rally-on-crypto-bill-progress-analyst-says-dips-ar,0.164577,Somewhat-Bullish
2026-01-14,2026-01-14 02:27:36,"Bitcoin 5% Surge Driven By Spot Buys, $100K On Horizon: Analysts","""Retail FOMO"" may ramp up in the coming days if Bitcoin returns to $100,000, according to crypto sentiment platform Santiment.",Cointelegraph,https://cointelegraph.com/news/bitcoin-price-spot-buying-surge-forecasts-crypto-analysts,0.108543,Neutral
2026-01-14,2026-01-14 03:13:32,"October Crash Ended Altseason, Says Wintermute Report","Retail traders fled to Bitcoin and Ether after the October crypto crash last year, adding to an already tough year for altcoins.",Cointelegraph,https://cointelegraph.com/news/rattled-retail-rotate-to-btc-and-eth-after-october-crash-wintermute,0.04311,Neutral
2026-01-14,2026-01-14 04:42:20,Corporate Bitcoin Holdings Outpace Mining Supply By 3x,"Corporate Bitcoin treasuries expanded by 260,000 BTC in six months, three times the amount mined, with Strategy holding 60% of all corporate holdings.",Cointelegraph,https://cointelegraph.com/news/crypto-treasury-buying-outpaces-bitcoin-supply-3x,0.273302,Somewhat-Bullish
2026-01-14,2026-01-14 05:16:10,Bitcoin Advocates Press US Lawmakers on Stablecoin Tax Rules,"The groups urged Congress to extend crypto tax relief beyond stablecoins, warning the current approach would not simplify everyday payments.",Decrypt.co,https://decrypt.co/354512/bitcoin-advocates-press-us-lawmakers-stablecoin-tax-rules,0.024161,Neutral
2026-01-14,2026-01-14 05:49:06,Why Ethereum Could Be Ready to Outperform Bitcoin in 2026,"Ethereum could narrow its performance gap with Bitcoin in 2026 as capital rotates and on-chain activity improves, Decrypt was told.",Decrypt.co,https://decrypt.co/354515/ethereum-outperform-bitcoin-2026,0.155942,Somewhat-Bullish
2026-01-14,2026-01-14 08:05:00,Bitwise expands presence in Nordics with listing of seven crypto ETPs on Nasdaq Stockholm and two senior appointments,"Crypto specialist asset manager with USD 15 billion in client assets is introducing SEK-denominated ETPs for Bitcoin, Ethereum, Solana, and diversified crypto exposure. The listing of seven ETPs on Nasdaq Stockholm represents a targeted expansion of Bitwise's presence in the Nordic region.",Benzinga,https://www.benzinga.com/pressreleases/26/01/g49897652/bitwise-expands-presence-in-nordics-with-listing-of-seven-crypto-etps-on-nasdaq-stockholm-and-two-,0.151248,Somewhat-Bullish
2026-01-14,2026-01-14 10:00:00,MEXC Begins 2026 with Strong Reserves: January Audit Shows BTC Coverage at 158%,"VICTORIA, Seychelles, Jan. 14, 2026 ( GLOBE NEWSWIRE ) -- MEXC, the world's fastest-growing digital asset exchange and a pioneer of true zero-fee trading, updated its January Proof of Reserve Audit Report, confirming that all major assets remained above 100% reserve coverage, with BTC coverage ...",Benzinga,https://www.benzinga.com/pressreleases/26/01/g49898400/mexc-begins-2026-with-strong-reserves-january-audit-shows-btc-coverage-at-158,0.382764,Bullish
2026-01-14,2026-01-14 10:09:00,1 Top Bitcoin ETF I Plan to Load Up On in 2026,"With more than a dozen bitcoin ETFs to choose from, the choice comes down to cost. That puts one fund above the others.",Motley Fool,https://www.fool.com/investing/2026/01/14/1-top-bitcoin-etf-i-plan-to-load-up-on-in-2026/,0.271123,Somewhat-Bullish
2026-01-14,2026-01-14 11:05:41,"Bitcoin Eyes $100,000 Target as Analysis Shrugs Off Risk-Asset Bear Threats",Bitcoin held near yearly highs as traders weighed geopolitical risks and a potential US Supreme Court tariff ruling that markets appear to have already priced in.,Cointelegraph,https://cointelegraph.com/news/bitcoin-rests-96-5k-high-analysis-us-tariff-ruling-priced-in,0.019564,Neutral
2026-01-14,2026-01-14 12:40:36,"Bitcoin At $95,000 As Ethereum, XRP, Dogecoin Jump 5% As ETF Inflows Surge","Bitcoin traded near $95,000 as overall market sentiment rose to a neutral reading of 52. Bitcoin ETFs saw $753.7 million in net inflows on Tuesday, while Ethereum ETFs reported $130 million in net inflows.",Benzinga,https://www.benzinga.com/crypto/cryptocurrency/26/01/49901425/bitcoin-at-95000-as-ethereum-xrp-dogecoin-jump-5-as-etf-inflows-surge,0.120914,Neutral
2026-01-14,2026-01-14 13:19:40,Bitcoin ETFs Draw in $754M as BTC Clears $95K,"Bitcoin ETFs saw their highest daily inflow since October as BTC hit $95,000, but experts exercise caution as demand could be selective.",Decrypt.co,https://decrypt.co/354553/bitcoin-etfs-draw-in-754m-as-btc-clears-95k,0.244765,Somewhat-Bullish
2026-01-14,2026-01-14 13:26:28,DZ Bank Secures MiCA License for Regulated Crypto Services,"Retail crypto access will initially cover Bitcoin, Ether, Litecoin and Cardano through participating cooperative banks.",Cointelegraph,https://cointelegraph.com/news/dz-bank-mica-license-crypto-services-germany,0.221161,Somewhat-Bullish
2026-01-14,2026-01-14 13:32:56,MicroStrategy Trades Like A Bitcoin Fund - And Jan. 15 Could Bring A Market Jolt - Strategy  ( NASDAQ:MSTR ) ,"MicroStrategy Inc's ( NASDAQ:MSTR ) stock doesn't trade like a software company anymore - and Jan. 15 could force Wall Street to formally admit it. The company has effectively reinvented itself as a Bitcoin ( CRYPTO: BTC ) balance-sheet vehicle, with its equity price now moving far more in ...",Benzinga,https://www.benzinga.com/markets/tech/26/01/49903029/microstrategy-trades-like-a-bitcoin-fund-and-january-15-could-bring-a-market-jolt,-0.060159,Neutral
2026-01-14,2026-01-14 13:51:00,Is Bitcoin About to Break Out?,"A growing number of investors think Bitcoin might end the year above the $200,000 price level.",Motley Fool,https://www.fool.com/investing/2026/01/14/is-bitcoin-about-to-break-out/,0.137947,Neutral
2026-01-14,2026-01-14 13:55:11,"Bitcoin ETFs Rollercoaster, TradFi ETFs 2026 ""Abnormally High"" $46B","Bitcoin ETF flows have swung sharply in early 2026 as investors pour billions into traditional ETFs, leaving crypto funds lagging behind.",Cointelegraph,https://cointelegraph.com/news/bitcoin-etfs-rollercoaster-tradfi-etfs-2026-abnormally-high-46b,0.086014,Neutral
2026-01-14,2026-01-14 15:06:13,"Bitcoin, Ethereum, XRP Rallying But Here's Why Crypto Is A 'Ghost Town'","Benjamin Cowen, founder and CEO of IntoTheCryptoverse, says the crypto market may be entering a prolonged ""ghost town"" phase as retail investors continue to exit and show little sign of returning in the near term. What Happened: Cowen said retail participation was the primary driver of the major ...",Benzinga,https://www.benzinga.com/crypto/cryptocurrency/26/01/49907377/bitcoin-ethereum-xrp-rallying-but-heres-why-crypto-is-a-ghost-town,0.046369,Neutral
2026-01-14,2026-01-14 15:34:45,"Bitcoin Price Ignores PPI Overshoot to Hit $97,000","Bitcoin price action headed to new eight-week highs, diverging from US stock markets after higher-than-expected November PPI data.",Cointelegraph,https://cointelegraph.com/news/bitcoin-price-97k-despite-high-ppi-inflation-no-us-tariff-ruling,-0.057689,Neutral
2026-01-14,2026-01-14 15:36:08,Crypto Shorts Get Rekt: Liquidations Near $800M as Bitcoin Price Spikes,"Bitcoin is trading near $97,000 for the first time since November, with broader crypto market gains punishing bears over the last day.",Decrypt.co,https://decrypt.co/354572/crypto-shorts-get-rekt-liquidations-800m-bitcoin-price-spike,0.230728,Somewhat-Bullish
2026-01-14,2026-01-14 17:45:00,Bitcoin Hits 2026 High At $97K: What's Next?,"Bitcoin rallied to $97,500, and multiple data points suggest bulls are planning to push the price above $100,000. Is the bull market back?",Cointelegraph,https://cointelegraph.com/news/bitcoin-hits-2026-high-above-dollar97k-data-shows-sufficient-fuel-for-higher-prices,0.077802,Neutral
2026-01-14,2026-01-14 18:55:12,"Bitcoin Hits $97K, Altcoins Soar: Is The Bull Market Back?","Bitcoin inches toward $100,000 as ETH and select altcoins look to make fresh 2026 highs. Do technical charts confirm that the bull market has restarted?",Cointelegraph,https://cointelegraph.com/news/price-predictions-1-14-btc-eth-xrp-bnb-sol-doge-ada-xmr-bch-link,0.076522,Neutral
2026-01-14,2026-01-14 19:06:16,Trump Vs. Powell Fed Clash Fuels Crypto Rally As Traders Price in Lower Rates - Grayscale Bitcoin Mini Trust  ( BTC )   ( ARCA:BTC ) ,"A fresh wave of political pressure on the Federal Reserve is rippling through financial markets, and cryptocurrencies are among the biggest beneficiaries.",Benzinga,https://www.benzinga.com/Opinion/26/01/49918027/trump-vs-powell-fed-clash-fuels-crypto-rally-as-traders-price-in-lower-rates,0.18037,Somewhat-Bullish
2026-01-14,2026-01-14 19:41:11,"Bitcoin Miner CleanSpark Continues Expansion into AI, HPC with Acquisition",The company's move closer to artificial intelligence and high-performance computing followed many others repurposing some of their infrastructure away from mining crypto.,Cointelegraph,https://cointelegraph.com/news/cleanspark-mining-ai-hpc-texas-acquisition,0.049427,Neutral
2026-01-14,2026-01-14 19:49:12,"Bitcoin Hits $97,000 As Ethereum, XRP, Dogecoin Pop 2%","Bitcoin briefly spiked to $97,500 on Wednesday as improving macro sentiment boosted risk assets, driving a sharp increase in liquidations and renewed ETF demand. Coinglass data shows 149,828 traders were liquidated in the past 24 hours for $848.51 million.",Benzinga,https://www.benzinga.com/crypto/cryptocurrency/26/01/49919253/bitcoin-hits-97000-as-ethereum-xrp-dogecoin-pop-2,-0.017177,Neutral
2026-01-14,2026-01-14 20:55:23,"America's Grip on Bitcoin Mining Slips, Despite Trump's Ambitions for Dominance","North America is becoming a less dominant force in the Bitcoin mining industry, ceding newly minted BTC to adversaries like China.",Decrypt.co,https://decrypt.co/354627/americas-grip-bitcoin-mining-slips-despite-trump-ambitions-dominance,0.062493,Neutral
2026-01-14,2026-01-14 21:36:38,"Strategy, BitMine Rise While Bitcoin Miners Surge-As BTC Inches Towards $100K","Bitcoin mining stocks like Bitdeer and CleanSpark jumped Wednesday as BTC climbed above $97,000 for the first time since November.",Decrypt.co,https://decrypt.co/354583/strategy-bitmine-rise-bitcoin-miners-surge-bitcoin-near-100k,0.257247,Somewhat-Bullish
2026-01-14,2026-01-14 21:45:00,Bitcoin Rally To $105K Unlikely Due To Global Socioeconomic Factors,"Bitcoin finds renewed strength as inflows to the spot BTC ETFs resume, but data questions whether bulls can push the price to $105,000.",Cointelegraph,https://cointelegraph.com/news/bitcoin-rallies-as-spot-etf-inflows-soar-but-105k-looks-out-of-reach,-0.012403,Neutral
2026-01-14,2026-01-14 22:13:00,Shiba Inu vs. Bitcoin: Which Is More Likely to Be a Millionaire-Maker?,"Does the meme coin or the ""blue chip"" coin have a brighter future?",Motley Fool,https://www.fool.com/investing/2026/01/14/shiba-inu-vs-bitcoin-which-is-more-likely-to-be-a/,0.230826,Somewhat-Bullish
2026-01-14,2026-01-14 22:32:32,$100 Invested In Grayscale Bitcoin Trust  ( BTC )  5 Years Ago Would Be Worth This Much Today - Grayscale Bitcoin Trust  ( BTC )   ( ARCA:GBTC ) ,"Grayscale Bitcoin Trust ( BTC ) ( NYSE:GBTC ) has outperformed the market over the past 5 years by 2.17% on an annualized basis producing an average annual return of 14.93%. Currently, Grayscale Bitcoin Trust ( BTC ) has a market capitalization of $38.87 billion.",Benzinga,https://www.benzinga.com/insights/news/26/01/49924093/100-invested-in-grayscale-bitcoin-trust-btc-5-years-ago-would-be-worth-this-much-today,0.24399,Somewhat-Bullish
2026-01-15,2026-01-15 02:06:43,"Bitcoin Hits $97,000 Amid Senate Crypto Vote, Iran Developments; Ethereum, XRP, Dogecoin Fall: Analyst Says BTC's Trend Is 'Upwards' - Grayscale Bitcoin Mini Trust  ( BTC )   ( ARCA:BTC ) ","Bitcoin rallied, while the stock and oil markets retreated on Wednesday as geopolitical tensions and the upcoming vote on a cryptocurrency bill influenced investors' decisions. Bitcoin rallied to a 2-month high of $97,860, extending its gains this year to more than 10%.",Benzinga,https://www.benzinga.com/crypto/cryptocurrency/26/01/49925395/bitcoin-hits-97000-amid-senate-crypto-vote-iran-developments-ethereum-xrp-dogecoin-fall-ana,-0.052777,Neutral
2026-01-15,2026-01-15 03:07:28,TD Cowen Trims Strategy Price Target as Bitcoin Yield Outlook Softens,"TD Cowen cut its target but kept a buy rating, citing near-term modeling pressure from Strategy's aggressive Bitcoin buying.",Decrypt.co,https://decrypt.co/354684/td-cowen-trims-strategy-price-target-bitcoin-yield,0.104904,Neutral
2026-01-15,2026-01-15 03:54:49,Crypto Fear and Greed Hits Greed as Bitcoin Climbs Two Month High,Crypto traders and investors can use sentiment indexes to gauge the market and inform their decisions on whether conditions favor buying or selling.,Cointelegraph,https://cointelegraph.com/news/crypto-fear-greed-hits-greed-bitcoin-two-month-high,-0.201099,Somewhat-Bearish
2026-01-15,2026-01-15 05:23:41,Bitcoin New High Chances Depend On Monetary Expansion: Hayes,"Bitcoin should be able to steal some ""juice"" back from gold and the Nasdaq in 2026, with several catalysts supporting the idea of US dollar liquidity expansion.",Cointelegraph,https://cointelegraph.com/news/bitcoin-will-get-groove-back-despite-soaring-gold-and-nasdaq-arthur-hayes,0.046251,Neutral
2026-01-15,2026-01-15 05:34:54,Bitcoin Open Interest Falls 31% In Bullish Deleveraging Signal,"Bitcoin derivatives open interest fell 30% from October highs as deleveraging purged excess leverage, historically signaling market bottoms and recovery.",Cointelegraph,https://cointelegraph.com/news/bitcoin-oi-falls-30-resetting-markets-bullish-recovery-cryptoquant,0.213661,Somewhat-Bullish
2026-01-15,2026-01-15 06:06:14,"Peter Schiff Warns Traders Taking Profits In Gold, Silver And Buying Bitcoin ETFs And MSTR Stock: 'That's A Big Mistake'","Economist Peter Schiff questioned the sustainability of Bitcoin's ongoing rally on Wednesday, arguing that investors are mistakenly rotating profits from commodities into cryptocurrency-linked assets.",Benzinga,https://www.benzinga.com/crypto/cryptocurrency/26/01/49926150/peter-schiff-warns-traders-taking-profits-in-gold-silver-and-buying-bitcoin-etfs-and-mstr-s,0.188247,Somewhat-Bullish
2026-01-15,2026-01-15 08:54:00,"Should You Buy Bitcoin While It's Under $125,000?","At a current price of under $100,000, Bitcoin looks like a bargain.",Motley Fool,https://www.fool.com/investing/2026/01/15/should-you-buy-bitcoin-while-its-under-125000/,0.174104,Somewhat-Bullish
2026-01-15,2026-01-15 09:22:55,Lemon Launches Argentina's First Bitcoin-Backed Credit Card,"Crypto exchange Lemon has launched a Bitcoin-backed Visa credit card in Argentina, letting users lock up BTC as collateral to access peso credit lines without selling their coins.",Cointelegraph,https://cointelegraph.com/news/bitcoin-backed-credit-card-argentina-lemon,0.150019,Somewhat-Bullish
2026-01-15,2026-01-15 09:32:55,Bitcoin ETFs Post $840M Inflows As BTC Rallies Above $97K,Spot Bitcoin ETFs attracted over $1.7 billion in a three-day streak as BTC hit two-month highs and sentiment turned bullish.,Cointelegraph,https://cointelegraph.com/news/blackrock-leads-840-million-bitcoin-etf-inflows,-0.049631,Neutral
2026-01-15,2026-01-15 10:11:00,How Much Will 1 Bitcoin Be Worth in 2026?,Cardano's Charles Hoskinson thinks Bitcoin could almost double its previous all-time high.,Motley Fool,https://www.fool.com/investing/2026/01/15/how-much-will-1-bitcoin-be-worth-in-2026/,0.21701,Somewhat-Bullish
2026-01-15,2026-01-15 10:15:19,"Bitcoin RSI Leads Bullish Signals With All Eyes on $101,000","Bitcoin nears two-month highs as RSI divergence and a bullish MACD cross build, with BTC eyeing $101,000 as the next major reclaim level for trend confirmation.",Cointelegraph,https://cointelegraph.com/news/bitcoin-bottom-signal-btc-eyes-unique-101k-bear-market-reclaim,0.091991,Neutral
2026-01-15,2026-01-15 10:24:39,Is Bitcoin Heading for a 'Parabolic Blowoff' Mirroring Gold? Analysts Weigh In,Analysts debate whether Bitcoin will follow gold's scarcity-driven surge or take a more volatile path due to structural market differences.,Decrypt.co,https://decrypt.co/354699/is-bitcoin-heading-for-a-parabolic-blowoff-mirroring-gold-analysts-weigh-in,0.18231,Somewhat-Bullish
2026-01-15,2026-01-15 10:54:29,"2026 New Sovereign Bitcoin Reserves, TradFi Tokenization Adoption: Sygnum",Sygnum predicts US crypto regulation could spur sovereign Bitcoin reserves and accelerate tokenized bond issuance by major financial institutions in 2026.,Cointelegraph,https://cointelegraph.com/news/2026-sovereign-bitcoin-reserves-tradfi-tokenization-adoption-sygnum,0.207549,Somewhat-Bullish
2026-01-15,2026-01-15 11:20:00,Bitcoin's Recovery Pauses at $96K: What Will Trigger BTC Price Breakout?,"A pickup in Bitcoin spot demand and persistent spot ETF inflows could push BTC above the next significant hurdle at $98,000 and secure a sustained recovery.",Cointelegraph,https://cointelegraph.com/news/bitcoin-analysts-this-must-happen-100k-btc-price-comeback,0.026503,Neutral
2026-01-15,2026-01-15 12:41:05,"Short Squeeze Hits Top 500 Cryptos, Traders Unwind Bearish Bets",Crypto markets saw the biggest short squeeze since October as short positions were liquidated and Bitcoin outperformed the US dollar amid geopolitical uncertainty.,Cointelegraph,https://cointelegraph.com/news/short-squeeze-top-500-cryptos-traders-bearish-bets,0.031932,Neutral
2026-01-15,2026-01-15 13:00:00,NIP Group Bitcoin Mining Operations Produce 151.4 BTC in Initial Operating Period; Capacity Reaches 9.66 EH/s - NIP Group  ( NASDAQ:NIPG ) ,"ABU DHABI, United Arab Emirates, Jan. 15, 2026 ( GLOBE NEWSWIRE ) -- NIP Group Inc. ( ""NIPG"" or the ""Company"" ) ( NASDAQ:NIPG ) today reported that its Bitcoin mining operations produced approximately 151.4 BTC during the initial operating period from September through November 2025, ...",Benzinga,https://www.benzinga.com/pressreleases/26/01/g49931514/nip-group-bitcoin-mining-operations-produce-151-4-btc-in-initial-operating-period-capacity-reaches,0.221256,Somewhat-Bullish
2026-01-15,2026-01-15 13:18:14,"Bitcoin Taps $97,000 Powered By $843 Million ETF Inflows: What Is Going On?","U.S. spot Bitcoin ( CRYPTO: BTC ) ETFs pulled in $843.62 million Wednesday-the highest single-day total since October 7-as institutional money floods back into crypto after three months of cautious positioning, pushing BTC to test the critical $100,000 resistance level.",Benzinga,https://www.benzinga.com/crypto/cryptocurrency/26/01/49932344/bitcoin-taps-97000-powered-by-843-million-etf-inflows-what-is-going-on,0.149937,Neutral
2026-01-15,2026-01-15 13:52:55,Five Bitcoin Narratives Analysts Are Watching Beyond Price in 2026,"ETF flows, treasury stocks, mining fees, scaling trade-offs and regulation now explain Bitcoin's market shifts better than price alone.",Cointelegraph,https://cointelegraph.com/news/five-bitcoin-narratives-analysts-are-watching-beyond-price,0.078759,Neutral
2026-01-15,2026-01-15 15:07:50,"Crypto Wallet MetaMask Adds Tron Support Following Bitcoin, Solana Expansions","MetaMask continues adding chains as it expands beyond Ethereum, adding Tron support Thursday following last month's Bitcoin move.",Decrypt.co,https://decrypt.co/354727/crypto-wallet-metamask-adds-tron-following-bitcoin-solana,0.275798,Somewhat-Bullish
2026-01-15,2026-01-15 15:29:06,"Bitcoin Cools Its Comeback With a Dip to $95,500","Bitcoin halted its bullish BTC price rebound to dip below $96,000 on news that Middle East geopolitical tensions were easing.",Cointelegraph,https://cointelegraph.com/news/bitcoin-must-hold-94k-trader-btc-price-dips-us-open,0.216644,Somewhat-Bullish
2026-01-15,2026-01-15 16:08:12,"Bitcoin Lost To Gold In 2025, But Dollar Liquidity Fixes That In 2026, Arthur Hayes Claims","Bitcoin ( CRYPTO: BTC ) underperformed in 2025 while gold soared 120%, yet BitMex co-founder Arthur Hayes says dollar liquidity is about to return in 2026. The Professional Capital Management CEO used his latest essay to point out why Bitcoin traded flat while gold exploded and tech stocks ...",Benzinga,https://www.benzinga.com/crypto/cryptocurrency/26/01/49940929/bitcoin-lost-to-gold-in-2025-but-dollar-liquidity-fixes-that-in-2026-arthur-hayes-claims,0.125893,Neutral
2026-01-15,2026-01-15 16:59:03,Bitcoin Price Rallies in January as ETF inflows signal demand shift,"Sustained US Bitcoin ETF inflows are supporting prices near $97,000, raising questions about whether institutional demand is reshaping Bitcoin's market cycle.",Cointelegraph,https://cointelegraph.com/news/bitcoin-renewed-push-100k-fresh-institutional-demand,0.097442,Neutral
2026-01-15,2026-01-15 17:25:46,"Sats Terminal Integrates Morpho Into Borrow, Expanding DeFi Borrowing Options for Bitcoin Holders","A wallet-first, non-custodial way to borrow against bitcoin, with clear loan terms and side-by-side comparisons, now including Morpho as a DeFi borrowing option.",Benzinga,https://www.benzinga.com/pressreleases/26/01/g49944156/sats-terminal-integrates-morpho-into-borrow-expanding-defi-borrowing-options-for-bitcoin-holders,0.1921,Somewhat-Bullish
2026-01-15,2026-01-15 17:49:07,Esports Team Ninjas in Pyjamas Mines $14 Million in Bitcoin as Operation Expands,"NIP Group, the publicly traded firm behind esports team Ninjas in Pyjamas, is ramping up the Bitcoin mining operation it launched in 2025.",Decrypt.co,https://decrypt.co/354759/esports-team-ninjas-pyjamas-mines-14-million-bitcoin,0.194556,Somewhat-Bullish
2026-01-15,2026-01-15 18:11:41,CME Expands US Crypto Futures Lineup with New Altcoin Contracts,"The planned altcoins listings will expand CME's regulated crypto derivatives contracts beyond Bitcoin, Ether, XRP and Solana.",Cointelegraph,https://cointelegraph.com/news/cme-group-plans-launch-of-cardano-chainlink-and-stellar-futures,0.161137,Somewhat-Bullish
2026-01-15,2026-01-15 18:31:20,"Bitcoin Could Hit $105,000, Shorts Are In 'Deep Trouble,' Analyst Warns","Bitcoin ( CRYPTO: BTC ) is staging a massive reversal, prompting widely followed crypto trader DonAlt to predict a squeeze toward $105,000 as he warns shorts are ""in deep trouble"" after getting trapped above $92,000.",Benzinga,https://www.benzinga.com/crypto/cryptocurrency/26/01/49947001/bitcoin-could-hit-105000-shorts-are-in-deep-trouble-analyst-warns,-0.181825,Somewhat-Bearish
2026-01-15,2026-01-15 18:48:57,BTC Whales Turn Net Positive After Fastest Selloff In Years Ends,"Increasing Bitcoin whale balances highlight reaccumulation, aligning with renewed spot BTC ETF inflows. Will $100,000 become support soon?",Cointelegraph,https://cointelegraph.com/news/bitcoin-whale-balances-see-21percent-bounce-after-fastest-sell-off-since-2023-ends,0.014309,Neutral
2026-01-15,2026-01-15 20:05:54,"Lightning Strikes Twice as Solo Bitcoin Miners Beat the Odds, Each Earning $300K","Two solo Bitcoin miners struck rare wins this week, each earning nearly $300,000 as U.S. mining dominance continues to slip.",Decrypt.co,https://decrypt.co/354755/solo-bitcoin-miners-beat-odds-wins-300k-btc-bounty,0.254762,Somewhat-Bullish
2026-01-15,2026-01-15 20:59:52,"NiceHash Explains Untagged Bitcoin Blocks, Dispels Solo Miner Myth","Untagged Bitcoin blocks sparked solo-miner speculation before NiceHash confirmed they were mined during internal testing, highlighting limits of onchain attribution.",Cointelegraph,https://cointelegraph.com/news/nicehash-untagged-bitcoin-blocks-solo-miner-myth,-0.00486,Neutral
2026-01-15,2026-01-15 21:23:07,West Virginia Lawmaker Introduces Bill to Allow State Crypto Investments,"The legislation would allow the state's treasury to hold digital assets with a market capitalization of more than $750 billion, which applied only to Bitcoin as of January.",Cointelegraph,https://cointelegraph.com/news/west-virginia-bill-treasury-digital-assets,0.279827,Somewhat-Bullish
2026-01-15,2026-01-15 21:32:31,Iran's Crypto Economy Hit $7.8 Billion in 2025 as Protests Fueled Bitcoin Use: Chainalysis,"Iran's crypto activity accelerated in 2025, a new report says, driven by civilians and state actors turning to Bitcoin during periods of unrest.",Decrypt.co,https://decrypt.co/354785/irans-crypto-economy-hit-7-8-billion-in-2025-as-protests-fueled-bitcoin-use,0.095952,Neutral
2026-01-15,2026-01-15 22:30:00,Bitcoin Drops Pace At $97K As Retail Stays Sidelined: Did The Rally End?,"Bitcoin failed to hold $97,000 as its funding rate stalled and retail traders watched from the sidelines. Will TradFi reignite the rally to $100,000?",Cointelegraph,https://cointelegraph.com/news/bitcoin-rally-collapses-at-97k-as-funding-rate-stalls-retail-traders-sit-out,0.024669,Neutral
2026-01-16,2026-01-16 01:53:46,"Iran Turns to Crypto Amid Collapsing Economy, Protests","Bitcoin has become an ""element of resistance"" in Iran, providing liquidity in an increasingly restricted economic environment, says Chainalysis.",Cointelegraph,https://cointelegraph.com/news/bitcoin-use-surges-iran-protests-crypto-withdrawals,-0.183394,Somewhat-Bearish
2026-01-16,2026-01-16 02:03:37,"Bitcoin, Ethereum, XRP, Dogecoin Slip After Crypto Bill Stalls In Senate: BTC Could Jump To $105,000 If This Pattern Holds, Says Analyst - Grayscale Bitcoin Mini Trust  ( BTC )   ( ARCA:BTC ) ","Leading cryptocurrencies dipped on Thursday after a key cryptocurrency bill stalled in the Senate following opposition from industry giants. Bitcoin retreated after lifting to a 2-month high of $97,000, with trading volume dropping 13% over the last 24 hours.",Benzinga,https://www.benzinga.com/crypto/cryptocurrency/26/01/49955361/bitcoin-ethereum-xrp-dogecoin-slip-after-crypto-bill-stalls-in-senate-btc-could-jump-to-105,0.004827,Neutral
2026-01-16,2026-01-16 03:00:21,Peter Schiff Has Advice For Iranians Dealing With Collapse Of Their Currency And Instead Of Bitcoin He Wants Them To Choose A Crypto Like This,Economist Peter Schiff said in an interview aired Thursday that he'd prefer a gold-backed cryptocurrency over Bitcoin ( CRYPTO: BTC ) during a crisis like the one in Iran.,Benzinga,https://www.benzinga.com/crypto/cryptocurrency/26/01/49955681/peter-schiff-has-advice-for-iranians-dealing-with-collapse-of-their-currency-and-instead-of,0.106999,Neutral
2026-01-16,2026-01-16 05:59:12,Policy Forces Reshape Bitcoin Trading as Four-Year Cycle Weakens,Bitcoin is increasingly trading on fiscal and regulatory signals as policy-driven liquidity expectations reshape market behavior in 2026.,Decrypt.co,https://decrypt.co/354842/policy-forces-reshape-bitcoin-trading-four-year-cycle,0.10335,Neutral
2026-01-16,2026-01-16 09:10:06,KBC Bank To Launch MiCA-Regulated Crypto Trading in Belgium,Belgian bank KBC will launch Bitcoin and Ether trading for retail investors via its Bolero platform as Belgium's MiCA regime comes into force.,Cointelegraph,https://cointelegraph.com/news/kbc-bank-belgium-bitcoin-ether-trading-february,0.079106,Neutral
2026-01-16,2026-01-16 09:30:00,Could Buying Bitcoin Today Set You Up for Life?,"Bitcoin still has potential to grow, but don't expect the same returns as the past few years.",Motley Fool,https://www.fool.com/investing/2026/01/16/could-buying-bitcoin-today-set-you-up-for-life/,0.179161,Somewhat-Bullish
2026-01-16,2026-01-16 10:10:00,This 1 Big Reason to Buy Bitcoin Just Got Reaffirmed by President Trump,The president is attacking the independence of the Federal Reserve because it won't implement the policies he wants.,Motley Fool,https://www.fool.com/investing/2026/01/16/this-1-big-reason-to-buy-bitcoin-just-got-reaffirm/,0.009862,Neutral
2026-01-16,2026-01-16 10:28:08,"Bitcoin Recoils to $95K, But Classic Chart Pattern Projects 18% Gains","The recovery could continue as long as Bitcoin achieved a daily close above $98,000, with the technical setup projecting 18% gains ahead.",Cointelegraph,https://cointelegraph.com/news/bitcoin-traders-predict-strong-run-up-classic-chart-113k,0.170985,Somewhat-Bullish
2026-01-16,2026-01-16 12:08:01,"Bitcoin At $95,000 Ethereum, XRP, Dogecoin Slide On Market Structure Bill Delay","Bitcoin hovers around $95,000 as sentiment took a slight hit from news around the crypto market structure bill. Bitcoin ETFs saw $100.1 million in net inflows on Thursday, while Ethereum ETFs reported $164.4 million in net inflows.",Benzinga,https://www.benzinga.com/crypto/cryptocurrency/26/01/49960804/bitcoin-at-95000-ethereum-xrp-dogecoin-slide-on-market-structure-bill-delay,-0.021712,Neutral
2026-01-16,2026-01-16 12:35:03,Jefferies 'Greed & Fear' Strategist Drops Bitcoin on Quantum Risk,"Jefferies' Greed & Fear strategist Christopher Wood has slashed a 10% Bitcoin allocation from his portfolio and moved into gold, citing the quantum risk to BTC, Bloomberg reports.",Cointelegraph,https://cointelegraph.com/news/efferies-greed-fear-strategist-cuts-bitcoin-allocation,-0.182096,Somewhat-Bearish
2026-01-16,2026-01-16 12:54:13,Here's Why Bitcoin is a Better Scarce Asset Than Gold: Ark Invest's Cathie Wood,"Bitcoin's fixed supply makes it a superior scarce asset to gold when demand rises, according to the Ark Invest CEO's 2026 Outlook report.",Decrypt.co,https://decrypt.co/354873/heres-why-bitcoin-is-a-better-scarce-asset-than-gold-ark-invests-cathie-wood,0.212473,Somewhat-Bullish
2026-01-16,2026-01-16 14:00:00,Riot Announces Fee Simple Acquisition of Land and First Data Center Lease with AMD at the Rockdale Site,"CASTLE ROCK, Colo., Jan. 16, 2026 ( GLOBE NEWSWIRE ) -- Riot Platforms, Inc. ( NASDAQ: RIOT ) ( ""Riot"" or ""the Company"" ) , a Bitcoin-driven industry leader in the development of large-scale data centers and bitcoin mining applications, is pleased to announce a series of transformative ...",GlobeNewswire,https://www.globenewswire.com/news-release/2026/01/16/3220348/0/en/Riot-Announces-Fee-Simple-Acquisition-of-Land-and-First-Data-Center-Lease-with-AMD-at-the-Rockdale-Site.html,0.151656,Somewhat-Bullish
2026-01-16,2026-01-16 15:48:39,"Bitcoin is Still in Bear Market Territory Below $101,000, Says Research",Bitcoin market research warned that BTC faced another bear market in 2026 if it was unable to reclaim its yearly moving average.,Cointelegraph,https://cointelegraph.com/news/bitcoin-copying-2022-bear-market-rally-despite-btc-price-gains,-0.207701,Somewhat-Bearish
2026-01-16,2026-01-16 15:59:15,"Bitcoin Approaches $100,000, But Here's Why That May Be A Bull Trap","Bitcoin ( CRYPTO: BTC ) is slowly pushing up to $100,000, but traders warn the zone offers little clarity on near-term bullish or bearish direction. Analyzing on-chain data, trader Snow said Bitcoin's swift rally from roughly $89,000 to $97,000 created a false sense that the market had ...",Benzinga,https://www.benzinga.com/crypto/cryptocurrency/26/01/49968644/bitcoin-approaches-100000-but-heres-why-that-may-be-a-bull-trap,-0.121844,Neutral
2026-01-16,2026-01-16 16:17:35,Bitcoin and Ethereum Waver-Why Did Trading Volume Drop?,"Bitcoin, Ethereum, and the broader crypto market cooled after a busy week on Capitol Hill ...",Decrypt.co,https://decrypt.co/354916/bitcoin-ethereum-waver-trading-volume-drop,0.0,Neutral
2026-01-16,2026-01-16 17:07:48,Bitcoin Now Most Undervalued Versus Gold: What Does It Mean for BTC Price?,"BTC price surged nearly 150% after a similar BTC-gold undervaluation signal in late 2022, highlighting how extreme discounts have preceded major rallies.",Cointelegraph,https://cointelegraph.com/news/bitcoin-most-undervalued-versus-gold-will-btc-price-rebound,0.231593,Somewhat-Bullish
2026-01-16,2026-01-16 17:27:00,Reasons Why You Should Retain MARA Stock in Your Portfolio,"MARA's Q3 showed momentum beyond Bitcoin mining, with AI inference infrastructure going live and expanded energy partnerships supporting diversification.",Zacks Commentary,https://www.zacks.com/stock/news/2819092/reasons-why-you-should-retain-mara-stock-in-your-portfolio,0.27655,Somewhat-Bullish
2026-01-16,2026-01-16 17:31:20,Nasdaq Warns Bitcoin Hardware Maker Canaan About Delisting,Bitcoin miner Canaan faces Nasdaq delisting deadline as shares languish below $1 despite major hardware order and brief October rally.,Decrypt.co,https://decrypt.co/354933/nasdaq-warns-bitcoin-hardware-maker-canaan-delisting,0.189556,Somewhat-Bullish
2026-01-16,2026-01-16 17:39:00,IREN or HUT: Which Bitcoin Infrastructure Stock Should You Bet On?,"IREN Limited's vertically integrated, renewable-powered platform and AI pivot set it apart from HUT 8 amid Bitcoin volatility and rising data-center demand.",Zacks Commentary,https://www.zacks.com/stock/news/2819112/iren-or-hut-which-bitcoin-infrastructure-stock-should-you-bet-on,0.206344,Somewhat-Bullish
2026-01-16,2026-01-16 18:09:15,Bitcoin Just Flashed Its Most Reliable Bullish Signal: Analysis,"The price of Bitcoin is down today, but BTC also just flashed its most-watched bullish signal. Is a recovery rally on the way?",Decrypt.co,https://decrypt.co/354918/bitcoin-bullish-signal-golden-cross-price-analysis,0.227292,Somewhat-Bullish
2026-01-16,2026-01-16 18:11:27,Why Shares of Riot Platforms Are Surging Today,The Bitcoin miner announced several moves that make it more of a bet on artificial intelligence.,Motley Fool,https://www.fool.com/investing/2026/01/16/why-shares-of-riot-platforms-are-surging-today/,0.199557,Somewhat-Bullish
2026-01-16,2026-01-16 18:13:56,Crypto Rally Stalls As BTC Falls Short Of $98K: Will Dip Buyers Arrive?,"The crypto market rally lost momentum as Bitcoin met resistance near $98,000, but technical charts suggest traders will actively buy dips to underlying support levels in altcoins and BTC.",Cointelegraph,https://cointelegraph.com/news/price-predictions-1-16-btc-eth-xrp-bnb-sol-doge-ada-xmr-bch-link,0.012097,Neutral
2026-01-16,2026-01-16 18:15:07,Bitcoin Miner Riot Platforms Deepens AI/HPC Push with Texas Land Deal,"The deal followed Riot announcing last week that it sold more than $160 million of its Bitcoin holdings as part of a strategy shift, to broaden use of its data centers.",Cointelegraph,https://cointelegraph.com/news/riot-platforms-bitcoin-ai-hpc-texas-land-deal,0.078839,Neutral
2026-01-16,2026-01-16 19:00:00,"Bitcoin Above $95K, US Lawmakers Delay CLARITY Act","Bitcoin breached the $95,000 mark this week amid a wider market recovery, as investors digested regulatory delays to the much-awaited CLARITY Act in the US.",Cointelegraph,https://cointelegraph.com/news/bitcoin-rallies-etf-flows-rebound-us-crypto-policy,0.191406,Somewhat-Bullish
2026-01-16,2026-01-16 19:20:00,$100K Bitcoin Price Depends on Weeks Of Steady BTC ETF Inflows,"Bitcoin ETF inflows have rebounded, but the total assets under management remains 24% below the all-time high, indicating the recovery has just started.",Cointelegraph,https://cointelegraph.com/news/bitcoin-etf-inflows-cross-dollar1-8b-will-btc-respond-with-a-rally-to-dollar100k,0.250947,Somewhat-Bullish
2026-01-16,2026-01-16 19:22:18,"Canaan Stock Falls After Nasdaq Compliance Notice, Bitcoin Mining Metrics Jump - Canaan  ( NASDAQ:CAN ) ","Canaan Inc - ADR ( NASDAQ:CAN ) shares are trading lower Friday afternoon after the crypto-mining hardware maker disclosed it has fallen out of compliance with Nasdaq's minimum bid rule, even as it reported strong year-end operating metrics. Here's what investors need to know.",Benzinga,https://www.benzinga.com/trading-ideas/movers/26/01/49976016/canaan-stock-falls-after-nasdaq-compliance-notice-bitcoin-mining-metrics-jump,0.119733,Neutral
2026-01-16,2026-01-16 19:23:28,"In 2025, Bitcoin Fell 6% And Gold Rose 65%-But Cathie Wood Says BTC Will Win In 2026","Bitcoin ( CRYPTO: BTC ) fell 6% in 2025 while gold surged 65%, but ARK Invest CEO Cathie Wood says Bitcoin wins in 2026 because gold just hit valuations only seen once in 125 years-during the Great Depression.",Benzinga,https://www.benzinga.com/crypto/cryptocurrency/26/01/49976063/in-2025-bitcoin-fell-6-and-gold-rose-65-but-cathie-wood-says-btc-will-win-in-2026,0.069812,Neutral
2026-01-16,2026-01-16 19:31:52,"Bitcoin Seized From Samourai Wallet Has Not Been Sold, White House Says",Advocates for the incarcerated Samourai Wallet developers have argued that the DOJ liquidated the Bitcoin funds against the president's wishes.,Decrypt.co,https://decrypt.co/354941/bitcoin-seized-samourai-wallet-reserve-not-sold-white-house,0.023914,Neutral
2026-01-16,2026-01-16 19:49:05,US Lender Newrez to Recognize Crypto Holdings in Mortgage Qualification,"The new policy will allow borrowers to use Bitcoin, Ether, crypto ETFs and US dollar-backed stablecoins for asset verification and income estimates without liquidation.",Cointelegraph,https://cointelegraph.com/news/us-lender-newrez-crypto-holdings-mortgage-approval,0.074838,Neutral
2026-01-16,2026-01-16 20:52:39,Bitcoin Is Now A 'Macro Asset' And Set For 2026 'Risk Reboot': Report,"Binance sees Bitcoin ( CRYPTO: BTC ) on track to become a macro-driven financial asset, fueled by institutional adoption, regulated products, and advancing stablecoin regulation.",Benzinga,https://www.benzinga.com/crypto/cryptocurrency/26/01/49979000/bitcoin-is-now-a-macro-asset-and-set-for-2026-risk-reboot-report,0.239455,Somewhat-Bullish
2026-01-16,2026-01-16 21:25:55,BTC Stalls Near $98K as Spot Trader Demand Fades,"Bitcoin's rejection near $98,000 took place as spot traders ran out of energy and short-term investors harvested profits. Will bears defend the resistance level throughout the weekend?",Cointelegraph,https://cointelegraph.com/news/bitcoin-spot-traders-lose-ground-as-btc-bears-defend-dollar98k,-0.051568,Neutral
2026-01-16,2026-01-16 21:38:58,Michael Saylor Pushes Back on Criticism of Bitcoin Treasury Companies,"Speaking on the What Bitcoin Did podcast, Strategy chairman Michael Saylor pushed back against criticism of companies issuing equity or debt to buy Bitcoin.",Cointelegraph,https://cointelegraph.com/news/michael-saylor-criticism-bitcoin-treasury-companies,-0.022008,Neutral
2026-01-16,2026-01-16 22:59:17,"Stock Market Today, Jan. 16: Riot Platforms Surges After Securing AMD Data Center Lease","On Jan. 16, 2026, a landmark AMD data center lease and Rockdale land purchase put this Bitcoin miner's AI ambitions in sharper focus.",Motley Fool,https://www.fool.com/coverage/stock-market-today/2026/01/16/stock-market-today-jan-16-riot-platforms-surges-after-securing-amd-data-center-lease/,0.087558,Neutral
2026-01-16,2026-01-16 23:08:30,"Bitcoin At $95,000 As Ethereum, XRP, Dogecoin Trend Lower After Crypto Bill Delay","Bitcoin is trading around $95,000 as traders remained cautious following the Senate's decision to postpone debate on a crypto market structure bill. Coinglass data shows 93,705 traders were liquidated in the past 24 hours for $181.70 million. In the past 24 hours, top gainers include Story, Dash ...",Benzinga,https://www.benzinga.com/crypto/cryptocurrency/26/01/49982229/bitcoin-at-95000-as-ethereum-xrp-dogecoin-trend-lower-after-crypto-bill-delay,-0.004876,Neutral
2026-01-17,2026-01-17 00:05:47,DOJ Didn't Sell Any Bitcoin Forfeited From Samourai case,"Selling the Bitcoin would have violated President Donald Trump's Executive Order 14233, which mandates that any Bitcoin obtained through criminal or civil forfeiture ""shall not be sold."" ...",Cointelegraph,https://cointelegraph.com/news/doj-didnt-sell-any-bitcoin-tied-to-samourai-case,0.016774,Neutral
2026-01-17,2026-01-17 07:00:09,"Scam, corruption cases spark Chinese debate about future of virtual money","The seizure of enormous cryptocurrency caches in two high-profile criminal cases in China - a former head of the central bank's digital currency research institute accused of corruption, and an alleged scam centre kingpin linked to about US$15 billion in bitcoin - have sparked questions in the ...",South China Morning Post,https://www.scmp.com/economy/china-economy/article/3340176/scam-and-corruption-cases-spark-debate-china-over-cryptocurrencies-future,-0.099854,Neutral
2026-01-17,2026-01-17 09:54:24,"Crypto User Loses $282M in Bitcoin, Litecoin in Social Engineering Attack","The crypto user was reportedly deceived by an attacker impersonating Trezor support, tricked into revealing their hardware wallet seed phrase.",Cointelegraph,https://cointelegraph.com/news/crypto-user-loses-282m-bitcoin-litecoin-social-engineering-attack,-0.214124,Somewhat-Bearish
2026-01-17,2026-01-17 11:27:56,Bitcoin ETFs See $1.42B Inflows as Institutional Demand Rebuilds,"Spot Bitcoin ETFs posted their strongest week since October as institutional investors returned via regulated products, helped by reduced whale selling and tightening effective supply.",Cointelegraph,https://cointelegraph.com/news/bitcoin-etf-inflows-surge-as-institutional-demand-returns,0.091088,Neutral
2026-02-01,2026-02-01 02:33:46,"SOL Falls To $95 As Bitcoin, Gold, Silver Sell-off: What's Next?","SOL falls to lows not seen since April 2025, but Solana's price-to-fundamentals gap and its wider correlation to macro markets may provide hope for investors.",Cointelegraph,https://cointelegraph.com/news/sol-drops-to-95-as-bitcoin-ai-stocks-and-gold-sell-off-will-traders-buy-the-dip,0.078206,Neutral
2026-02-01,2026-02-01 04:29:14,'Decent Chance' Bitcoin Already Bottomed at $77K: Analyst,"Bitcoin advocate and accountant Rajat Soni warned, ""Never trust a weekend pump or dump,"" as Bitcoin plunged and over $2 billion was wiped from the crypto market.",Cointelegraph,https://cointelegraph.com/news/bitcoin-s-price-may-have-seen-deepest-pullback-at-77k-analyst,-0.224005,Somewhat-Bearish
2026-02-01,2026-02-01 15:00:00,BexBack Launches No-KYC Crypto Perpetual Futures Trading with 100x Leverage and 100% Deposit Bonus,"SINGAPORE, Feb. 01, 2026 ( GLOBE NEWSWIRE ) -- On January 31, 2026, the cryptocurrency market experienced a sharp pullback, with Bitcoin briefly falling to $76,000 and Ethereum dropping to $2,250.",Benzinga,https://www.benzinga.com/pressreleases/26/02/g50288748/bexback-launches-no-kyc-crypto-perpetual-futures-trading-with-100x-leverage-and-100-deposit-bonus,0.312963,Somewhat-Bullish
2026-02-01,2026-02-01 15:00:00,BexBack Launches No-KYC Crypto Perpetual Futures Trading with 100x Leverage and 100% Deposit Bonus,"SINGAPORE, Feb. 01, 2026 ( GLOBE NEWSWIRE ) -- On January 31, 2026, the cryptocurrency market experienced a sharp pullback, with Bitcoin briefly falling to $76,000 and Ethereum dropping to $2,250.",Business Insider,https://markets.businessinsider.com/news/stocks/bexback-launches-no-kyc-crypto-perpetual-futures-trading-with-100x-leverage-and-100-deposit-bonus-1035769812,0.340207,Somewhat-Bullish
2026-02-01,2026-02-01 15:01:09,"Weekend Round-Up: Tesla's Bitcoin Losses, US Crypto Bill Progress, Bitcoin's Downtrend And More","This week in the world of cryptocurrency was a mixed bag. While Tesla Inc. reported significant paper losses on its Bitcoin holdings, the U.S. Senate Committee took a step forward in establishing federal regulations for digital assets. Meanwhile, Bitcoin's price took a hit, and analysts predict ...",Benzinga,https://www.benzinga.com/crypto/cryptocurrency/26/02/50288752/weekend-round-up-teslas-bitcoin-losses-us-crypto-bill-progress-bitcoins-downtrend-and-more,0.085264,Neutral
2026-02-01,2026-02-01 15:37:35,Bitcoin Adds to Bear Market Worries as $49K Becomes a Target,"Bitcoin bear market history was ""repeating,"" said BTC price analysis after key support failed and realized price flipped to new resistance.",Cointelegraph,https://cointelegraph.com/news/bitcoin-price-forecasts-sub-50k-levels-btc-copies-old-bear-markets,-0.055763,Neutral
2026-02-01,2026-02-01 17:44:00,"Bitcoin Sell-Off Pushes IBIT Investor Returns Into the Red, CIO Says","Based on dollar-weighted flows, aggregate returns for investors in BlackRock's iShares Bitcoin Trust have turned negative following Bitcoin's recent sell-off.",Cointelegraph,https://cointelegraph.com/news/bitcoin-sell-off-ibit-investor-returns,0.046838,Neutral
2026-02-01,2026-02-01 20:36:13,"US Winter Storm Hits Bitcoin Miner Production, Data Shows",New CryptoQuant data shows how January's US winter storm disrupted Bitcoin mining as operators curtailed power use amid grid stress.,Cointelegraph,https://cointelegraph.com/news/bitcoin-miner-output-us-winter-storm-latest-data,-0.053489,Neutral
2026-02-02,2026-02-02 00:39:41,Strategy's Saylor Hints It Bought Bitcoin Dip After Weekend Slide,"The latest crash came after US President Donald Trump nominated Kevin Warsh to replace Federal Reserve chair Jerome Powell, sending Bitcoin down to $75,892 late on Sunday.",Cointelegraph,https://cointelegraph.com/news/strategy-hints-bought-bitcoin-after-weekend-crash,-0.099805,Neutral
2026-02-02,2026-02-02 01:59:28,"Bitcoin, Ethereum, XRP Decline, While Dogecoin Trades Flat; Analyst Says BTC's Underperformance Against Gold 'Tremendous Opportunity' To Scale In - Grayscale Bitcoin Mini Trust  ( BTC )   ( ARCA:BTC ) ","Risk-off sentiment strengthened Sunday, triggered by a massive sell-off in leading cryptocurrencies and precious metals. Bitcoin dived below $76,000, marking its worst sell-off since early April, when President Donald Trump's sweeping tariff measures sent the market into a tailspin.",Benzinga,https://www.benzinga.com/crypto/cryptocurrency/26/02/50289864/bitcoin-ethereum-xrp-decline-while-dogecoin-trades-flat-analyst-says-btcs-underperformance-,0.031709,Neutral
2026-02-02,2026-02-02 03:07:08,"Jim Cramer Says Michael Saylor Should 'Jam-Up' Bitcoin To $82,000: 'That Way Some Ill-Advised Folks Will Shout Double Bottom' - Strategy  ( NASDAQ:MSTR ) ","Popular market commentator Jim Cramer offered a cheeky take on Bitcoin's ( CRYPTO: BTC ) latest crash Sunday, urging Strategy Inc. ( NASDAQ:MSTR ) founder Michael Saylor to ""jam up"" the apex cryptocurrency.",Benzinga,https://www.benzinga.com/crypto/cryptocurrency/26/02/50290008/jim-cramer-says-michael-saylor-should-jam-up-bitcoin-to-82000-that-way-some-ill-advised-fol,-0.114184,Neutral
2026-02-02,2026-02-02 03:33:17,Liquidity Drought Not Crypto Breakdown Behind BTC Drop: Pal,"Bitcoin's decline is mirroring SaaS stocks, proving that it is unlikely a crypto-specific narrative is driving the recent selloff, one analyst argues.",Cointelegraph,https://cointelegraph.com/news/liquidity-drought-hurting-crypto-markets-raoul-pal,-0.123437,Neutral
2026-02-02,2026-02-02 04:38:23,"Cathie Wood Notes Bullish Moves In Gold Led Bitcoin Bounces In Last 2 Major Cycles, Calls These Cryptos 'Good Diversifiers' - Grayscale Bitcoin Mini Trust  ( BTC )   ( ARCA:BTC ) ","Ark Invest founder Cathie Wood pitched cryptocurrencies as ""diversifiers"" in the current market on Saturday, pointing to historical data showing gold price rallies before Bitcoin's ( CRYPTO: BTC ) bull run. In an X post, Wood noted Bitcoin's low correlation with gold returns since early 2020, ...",Benzinga,https://www.benzinga.com/crypto/cryptocurrency/26/02/50290195/cathie-wood-notes-bullish-moves-in-gold-led-bitcoin-bounces-in-last-2-major-cycles-calls-th,0.138833,Neutral
2026-02-02,2026-02-02 04:42:40,Bitcoin Derivatives Signal Elevated Stress Following Market Rout,"Bitcoin's weekend plunge opened a rare CME futures gap, as macro and geopolitical pressures drove a broad deleveraging.",Decrypt.co,https://decrypt.co/356594/bitcoin-derivatives-signal-elevated-stress,-0.028897,Neutral
2026-02-02,2026-02-02 05:51:32,Bitcoin ETF Investors Underwater After $2.8B Outflow Wave,"Bitcoin fell as low as $74,600 on Monday following a weekend rout, a nine-month low. for the cryptocurrency.",Cointelegraph,https://cointelegraph.com/news/average-bitcoin-etf-buy-underwater-after-investors-pull-2-8b-2-weeks,-0.206139,Somewhat-Bearish
2026-02-02,2026-02-02 09:11:44,Bitcoin Bets On Polymarket Signal Sharp 2026 Downside Risk,Bitcoin bets on Polymarket show elevated downside risk in 2026 as analysts point to bearish trends and tight US liquidity conditions.,Cointelegraph,https://cointelegraph.com/news/polymarket-odds-bitcoin-below-65k-72-percent,-0.164123,Somewhat-Bearish
2026-02-02,2026-02-02 10:18:14,"Bitcoin is Expected to Dive Below $50,000 Before Bottoming","Bitcoin price action headed toward the 2021 bull market highs as crypto traders warned over a future sub-$50,000 BTC price bottom.",Cointelegraph,https://cointelegraph.com/news/btc-price-heads-back-to-2021-five-things-bitcoin-this-week,-0.094516,Neutral
2026-02-02,2026-02-02 10:21:43,"Barry Silbert Sees Latest Slump As 'Gift From Crypto Gods,' Drops His Top Bets Even As Bitcoin Sinks Under $75,000","Barry Silbert, CEO of cryptocurrency conglomerate Digital Currency Group, described the latest cryptocurrency crash as a god-sent opportunity poised to trigger significant capital inflows back into the sector.",Benzinga,https://www.benzinga.com/crypto/cryptocurrency/26/02/50292186/barry-silbert-sees-latest-slump-as-gift-from-crypto-gods-drops-his-top-bets-even-as-bitcoin,0.002424,Neutral
2026-02-02,2026-02-02 10:40:57,Crypto Funds Post Two-Week Outflows Amid Bitcoin Slide,"Crypto ETPs posted two consecutive weeks of outflows, totaling $3.43 billion and driving $1 billion in year-to-date losses, according to CoinShares.",Cointelegraph,https://cointelegraph.com/news/crypto-funds-second-red-week-1-7-billion-outflows,-0.065087,Neutral
2026-02-02,2026-02-02 10:48:08,Bitcoin is under pressure after a brutal week. Here's why,Cryptocurrency markets fell as global equities and precious metals sold off while bitcoin liquidations exacerbated downside moves.,CNBC,https://www.cnbc.com/2026/02/02/bitcoin-btc-price-today-cryptocurrency.html,-0.227867,Somewhat-Bearish
2026-02-02,2026-02-02 11:31:16,Michael Saylor's Bitcoin Gamble Faces Test Thursday As Strategy Reports Q4 Earnings: What Investors Can Expect,Strategy Inc. ( NASDAQ:MSTR ) is set to report earnings for the fourth quarter of 2025 after the market close on Thursday. Here's what investors need to know before the announcement.,Benzinga,https://www.benzinga.com/crypto/cryptocurrency/26/02/50293395/michael-saylors-bitcoin-gamble-faces-test-thursday-as-strategy-reports-q4-earnings-what-inv,0.057352,Neutral
2026-02-02,2026-02-02 11:54:10,"Bitcoin Plunges Below $78,000 As Ethereum, XRP, Dogecoin See Weekend Fire Sale","Bitcoin fell below $80,000 over the weekend as a sharp selloff in gold and silver weighed on risk assets; liquidations stand at $821.97 million over the past 24 hours. Bitcoin ETFs saw $509.7 million in net outflows on Friday, while Ethereum ETFs reported $252.9 million in net outflows.",Benzinga,https://www.benzinga.com/crypto/cryptocurrency/26/02/50293960/bitcoin-plunges-below-78000-as-ethereum-xrp-dogecoin-see-weekend-fire-sale,-0.034087,Neutral
2026-02-02,2026-02-02 12:19:50,Binance Begins $1B SAFU BTC Conversion With First $100M Buy,"Binance has kicked off its $1 billion SAFU conversion into Bitcoin with a $100 million purchase, shifting its user protection fund out of stablecoins and into BTC.",Cointelegraph,https://cointelegraph.com/news/binance-buys-dip-first-100m-bitcoin-safu,0.178608,Somewhat-Bullish
2026-02-02,2026-02-02 13:00:00,Bitcoin Volatility Highlights Alternative Infrastructure Participation Models Such as Bitcoin Everlight,"SAN FRANCISCO, Feb. 02, 2026 ( GLOBE NEWSWIRE ) -- Bitcoin Everlight confirmed that its public presale is currently in Phase 2, with BTCL priced at $0.0010, as cumulative contributions exceed $250,000.",Benzinga,https://www.benzinga.com/pressreleases/26/02/g50295967/bitcoin-volatility-highlights-alternative-infrastructure-participation-models-such-as-bitcoin-ever,0.148216,Neutral
2026-02-02,2026-02-02 13:15:00,OG Advisory Group Appoints Lincoln Tan as Managing Director to Lead Asia Expansion,"NEW YORK, Feb. 02, 2026 ( GLOBE NEWSWIRE ) -- OG Advisory Group, a leading investor relations and strategic communications firm focused on Bitcoin and AI, announced today that Lincoln Tan has joined the firm as Managing Director.",Benzinga,https://www.benzinga.com/pressreleases/26/02/g50296696/og-advisory-group-appoints-lincoln-tan-as-managing-director-to-lead-asia-expansion,0.244674,Somewhat-Bullish
2026-02-02,2026-02-02 13:30:17,Hong Kong crypto investors stay cautious but upbeat as bitcoin sell-off deepens,"Hong Kong's cryptocurrency investors remain cautiously optimistic despite a sharp market sell-off over the weekend that pushed major digital assets to months-long lows. Bitcoin slid to US$74,541 on Monday morning, its lowest level in 10 months, extending a decline of about 40 per cent from its ...",South China Morning Post,https://www.scmp.com/business/article/3342126/hong-kong-crypto-investors-stay-cautious-upbeat-bitcoin-sell-deepens,0.048246,Neutral
2026-02-02,2026-02-02 13:44:08,Strategy Buys 855 BTC As Price Briefly Falls Below Cost Basis,"Latest filings show Strategy bought 855 Bitcoin at about $88,000 each last week, as BTC briefly fell below its average cost for the first time since 2023.",Cointelegraph,https://cointelegraph.com/news/saylor-strategy-buys-75m-btc-dip-below-75k,-0.04269,Neutral
2026-02-02,2026-02-02 13:51:28,"Bitcoin's Crash Below $80,000 Means ETF Holders Now Sit On A $7B Loss","Approximately 10% of all Bitcoin ( CRYPTO: BTC ) -roughly 2 million coins- held by traditional financial institutions are now at unrealized losses approaching $7 billion, according to Bianco Research's Jim Bianco.",Benzinga,https://www.benzinga.com/crypto/cryptocurrency/26/02/50298019/bitcoins-crash-below-80000-means-etf-holders-now-sit-on-a-7b-loss,-0.104608,Neutral
2026-02-02,2026-02-02 13:56:46,"Trump's Fed Nomination 'Mixed' Signal Bitcoin, US Liquidity: Economist","Warsh's nomination as the new Fed chair has ignited US liquidity drought concerns, but his interest rate policy may hold the silver lining for risk asset recovery, according to market analysts.",Cointelegraph,https://cointelegraph.com/news/trump-fed-nomination-mixed-signal-bitcoin-liquidity,0.129537,Neutral
2026-02-02,2026-02-02 14:08:21,Morning Minute: Bitcoin Hit $75k After Weekend Washout,"Trump's Warsh nomination seemingly set off a sell cascade for crypto majors, starting Thursday and running all weekend.",Decrypt.co,https://decrypt.co/356607/morning-minute-bitcoin-hit-75k-after-weekend-washout,-0.170595,Somewhat-Bearish
2026-02-02,2026-02-02 14:31:10,"Bitcoin Is Not Broken, Raoul Pal Says: The Real Reason For The Dump To $78,000","Macro investor Raoul Pal sees the recent selloff in Bitcoin ( CRYPTO: BTC ) and crypto as a temporary U.S. liquidity squeeze, not a broken market cycle.",Benzinga,https://www.benzinga.com/crypto/cryptocurrency/26/02/50299419/bitcoin-is-not-broken-raoul-pal-says-the-real-reason-for-the-dump-to-78000,-0.007376,Neutral
2026-02-02,2026-02-02 15:19:30,Strategy slides after bitcoin briefly dips below crypto firm's key breakeven level,"Bitcoin fell as low as about $74,500 early Monday, dipping below Strategy's average purchase price of $76,052 per token.",CNBC,https://www.cnbc.com/2026/02/02/strategy-slides-after-bitcoin-briefly-dips-below-crypto-firms-key-breakeven-level-.html,-0.02643,Neutral
2026-02-02,2026-02-02 15:26:00,"Bitcoin Bull Market Likely Not Coming Back, Traders Admit","Bitcoin printed its fourth red monthly candle in a row as BTC price dropped below $80,000, with traders dismissing the bull market returning.",Cointelegraph,https://cointelegraph.com/news/bitcoin-bull-market-confirmed-over-btc-price-4-red-monthly-candle,-0.041062,Neutral
2026-02-02,2026-02-02 15:31:09,"Michael Saylor Uses 'Dry Powder' To Add 855 BTC To Strategy's War Chest, But Jim Cramer Is Not Impressed","Strategy ( NASDAQ:MSTR ) bought 855 Bitcoin ( CRYPTO: BTC ) at an average price of $87,974 last week as CNBC's Jim Cramer questions whether executive chairman Michael Saylor has enough capital left to defend the sell-off.",Benzinga,https://www.benzinga.com/crypto/cryptocurrency/26/02/50303071/michael-saylor-uses-dry-powder-to-add-855-btc-to-strategys-war-chest-but-jim-cramer-is-not-,-0.04625,Neutral
2026-02-02,2026-02-02 15:33:09,"Coinbase Stock Drops As Bitcoin Slips Below $80,000 - Coinbase Global  ( NASDAQ:COIN ) ","Shares of Coinbase Global Inc ( NASDAQ:COIN ) and other crypto-related companies are trading lower Monday morning as Bitcoin ( CRYPTO: BTC ) struggles to regain footing after crashing below $80,000.",Benzinga,https://www.benzinga.com/trading-ideas/movers/26/02/50303192/coinbase-stock-drops-as-bitcoin-slips-below-80000,0.012222,Neutral
2026-02-02,2026-02-02 16:32:07,Strategy  ( MSTR )  Stock Drops: What's Going On? - Strategy  ( NASDAQ:MSTR ) ,Strategy Inc Class A ( NASDAQ:MSTR ) shares are trading lower Monday as the company faces mounting pressure on its Bitcoin ( CRYPTO: BTC ) holdings. The decline comes amid a broader market pullback where approximately 10% of all Bitcoin held by traditional institutions is now sitting at ...,Benzinga,https://www.benzinga.com/trading-ideas/movers/26/02/50305711/strategy-mstr-stock-drops-whats-going-on,-0.04832,Neutral
2026-02-02,2026-02-02 17:07:01,"Bitcoin, Ethereum ETF Investments Flip Negative for 2026 as Crypto Funds Shed $1.7B",U.S.-listed crypto funds led withdrawals as Bitcoin and Ethereum prices slid after Donald Trump's nomination of Kevin Warsh for Fed chair.,Decrypt.co,https://decrypt.co/356622/bitcoin-ethereum-etf-investments-flip-negative-for-2026-as-crypto-funds-shed-1-7b,-0.009568,Neutral
2026-02-02,2026-02-02 17:09:21,Strategy's Bitcoin Bet Dips Underwater as Firm Adds to $56 Billion BTC Stash,"Strategy's Bitcoin bet showed losses on paper for the first time in years, as it tumbled below the firm's average purchase price on Sunday.",Decrypt.co,https://decrypt.co/356623/strategy-bitcoin-bet-dips-underwater-adds-56-billion-btc-stash,0.038342,Neutral
2026-02-02,2026-02-02 17:42:00,"Strategy Set to Report Q4 Earnings: Buy, Sell or Hold the Stock?","MSTR's Q4 results are likely to have benefited from rising Bitcoin holdings and improved capital access, but valuation and weak software demand remain risks.",Zacks Commentary,https://www.zacks.com/stock/news/2827325/strategy-set-to-report-q4-earnings-buy-sell-or-hold-the-stock,0.296311,Somewhat-Bullish
2026-02-02,2026-02-02 17:44:43,"If Ethereum Becomes A Treasury Asset, These Stocks Could Benefit - BitMine Immersion  ( AMEX:BMNR ) , CME Group  ( NASDAQ:CME ) ",Tom Lee and several crypto focused firms are starting to frame Ethereum not as a speculative token but as something closer to strategic financial infrastructure. The idea is straightforward. Bitcoin is digital gold. Ethereum is a programmable settlement layer.,Benzinga,https://www.benzinga.com/Opinion/26/02/50308746/if-ethereum-becomes-a-treasury-asset-these-stocks-could-benefit,0.254798,Somewhat-Bullish
2026-02-02,2026-02-02 17:54:54,"Relief Rally Leads To Green Bitcoin, Altcoin Charts, But Will It Last?","Bullish traders finally showed up to buy the dip in Bitcoin and altcoins as they fell to new 2026 lows, but selling at the intraday range highs may prove that the market correction is far from over.",Cointelegraph,https://cointelegraph.com/news/price-predictions-2-2-spx-dxy-btc-eth-bnb-xrp-sol-doge-ada-bch,-0.126233,Neutral
2026-02-02,2026-02-02 18:13:28,Bitcoin Down 11% In A Week: What Is Going On?,"Bitcoin's ( CRYPTO: BTC ) slide below $80,000 has raised fears of a deeper collapse, but market structure suggests the next leg down may be more compressed than in past cycles.",Benzinga,https://www.benzinga.com/crypto/cryptocurrency/26/02/50310038/bitcoin-down-11-in-a-week-what-is-going-on,-0.070659,Neutral
2026-02-02,2026-02-02 19:00:00,Big Banks Are Loading up on Bitcoin. Should Individual Investors Do the Same?,The world's top cryptocurrency could still have a bright future.,Motley Fool,https://www.fool.com/investing/2026/02/02/big-banks-are-loading-up-on-bitcoin-should-individ/,0.180001,Somewhat-Bullish
2026-02-02,2026-02-02 19:20:44,Bitcoin Traders Swing Bearish as BTC Price Languishes Below $80K,Myriad users give Bitcoin a 68% chance of dropping to $69K after the asset fell to its lowest price since 2024 this weekend.,Decrypt.co,https://decrypt.co/356605/bitcoin-traders-swing-bearish-btc-languishes-below-80k,-0.265576,Somewhat-Bearish
2026-02-02,2026-02-02 19:20:58,"Bitcoin, Ethereum, XRP Bleed, But Why Is HYPE Up Another 10%?","Bitcoin ( CRYPTO: BTC ) , Ethereum ( CRYPTO: ETH ) , and XRP ( CRYPTO: XRP ) continue bleeding lower, but Hyperliquid ( CRYPTO: HYPE ) surged 10% after the decentralized exchange unveiled plans to add prediction markets through its HIP-4 proposal.",Benzinga,https://www.benzinga.com/crypto/cryptocurrency/26/02/50312469/bitcoin-ethereum-xrp-bleed-but-why-is-hype-up-another-10,0.016907,Neutral
2026-02-02,2026-02-02 19:57:18,"Bitcoin, Ethereum, XRP, Dogecoin Trade Sideways After Weekend Crash","Bitcoin is trading sideways after the U.S. ISM PMI climbed to its highest level since 2022, easing recession fears. Coinglass data shows 184,994 traders were liquidated in the past 24 hours for $765.88 million. In the past 24 hours, top gainers include Stable, Stacks and Canton.",Benzinga,https://www.benzinga.com/crypto/cryptocurrency/26/02/50313457/bitcoin-ethereum-xrp-dogecoin-trade-sideways-after-weekend-crash,-0.149321,Neutral
2026-02-02,2026-02-02 20:03:56,Was The Bitcoin Bottom $75K?: Here's 4 Supporting Data Points,"Data suggests Bitcoin is unlikely to fall further than its year-to-date low of $74,680. Cointelegraph explains why.",Cointelegraph,https://cointelegraph.com/news/4-reasons-why-75k-may-have-been-bitcoin-s-2026-price-bottom,-0.039418,Neutral
2026-02-02,2026-02-02 20:13:58,"The $80K Question: Bitcoin's ""What Am I, Really?"" Identity Crisis Cost Investors 15% in One Day","On January 29, 2026, Bitcoin ( CRYPTO: BTC ) crashed 15% from $96,000 to $80,000 in one day. The remarkable part was not the crash itself. It was that Bitcoin fell when two opposite things happened at the same time. Equity markets crashed. That should have helped Bitcoin as a safe asset.",Benzinga,https://www.benzinga.com/Opinion/26/02/50314167/80k-question-bitcoin-what-am-i-really-identity-crisis-cost-investors-15-percent-in-one-day,-0.13944,Neutral
2026-02-02,2026-02-02 21:15:34,Why Did Bitcoin Drop More Than 6% This Weekend?,There's seemingly no place for investors to hide right now.,Motley Fool,https://www.fool.com/investing/2026/02/02/why-did-bitcoin-drop-more-than-6-this-weekend/,0.0,Neutral
2026-02-02,2026-02-02 21:45:44,Bitcoin Falls Into 'Extreme Fear': How Low Will It Go?,Bitcoin has dropped by 13% in the last 30 days and the charts are screaming caution. Where does the price of BTC go from here?,Decrypt.co,https://decrypt.co/356677/bitcoin-price-extreme-fear-how-low-will-it-go,-0.049233,Neutral
2026-02-02,2026-02-02 21:59:24,"Stock Market Today, Feb. 2: Robinhood Markets Falls on Bitcoin Weakness and Lower Crypto Trading Volumes","Crypto jitters are testing this trading app's reliance on digital-asset activity and retail risk appetite, today, Feb. 2, 2026.",Motley Fool,https://www.fool.com/coverage/stock-market-today/2026/02/02/stock-market-today-feb-2-robinhood-markets-falls-on-bitcoin-weakness-and-lower-crypto-trading-volumes/,-0.13484,Neutral
2026-02-02,2026-02-02 22:01:04,BTC Hits Record Undervaluation Amid ETF Outflows: Bitwise,"Bitcoin flashed a major discount signal after capital outflows increased following BTC's abrupt drop below $75,000. Historical data now points to a potential 10% rebound rally in the short-term.",Cointelegraph,https://cointelegraph.com/news/bitcoin-hits-fire-sale-value-as-capital-flows-capitulate-bitwise,-0.055265,Neutral
2026-02-02,2026-02-02 23:10:04,Will GameStop Dump Its Bitcoin? CEO Says 'Way More Compelling' Move Ahead,GameStop moved its entire Bitcoin stash to an institutional exchange as CEO Ryan Cohen signals M&A now outranks crypto.,Decrypt.co,https://decrypt.co/356724/gamestop-dump-bitcoin-ceo-compelling-move-ahead,0.047987,Neutral
2026-02-03,2026-02-03 01:05:33,ISM Manufacturing PMI Rise is Bullish For Bitcoin,The rise and fall of the manufacturing index from mid-2020 through 2023 closely mirrored Bitcoin and the broader crypto market's price movements over the same timeframe.,Cointelegraph,https://cointelegraph.com/news/ism-manufacturing-pmi-rise-bullish-bitcoin,-0.035466,Neutral
2026-02-03,2026-02-03 01:53:08,"Gold, Silver Rebound; Bitcoin, Ethereum, Dogecoin Also Trim Losses: Why This Analyst Sees 1-2 Years Of 'Strong Bull Market' Ahead - Grayscale Bitcoin Mini Trust  ( BTC )   ( ARCA:BTC ) ","Leading cryptocurrencies recovered, alongside stocks and gold, on Monday, as investors showed a higher risk appetite. Bitcoin pared some losses Monday, following a brutal sell-off that wiped all of its post-election ""Trump rally."" Trading volume for the apex cryptocurrency surged 35%.",Benzinga,https://www.benzinga.com/crypto/cryptocurrency/26/02/50321213/gold-silver-rebound-bitcoin-ethereum-dogecoin-also-trim-losses-why-this-analyst-sees-1-2-ye,-0.024461,Neutral
2026-02-03,2026-02-03 02:42:11,BTC Faces Possible 6 Month Recovery After Key Price Level Was Lost,"Multiple charts and historical data suggest that Bitcoin's recovery from its weekend crash below $75,000 could take at least 6 months.",Cointelegraph,https://cointelegraph.com/news/bitcoin-flash-crash-recovery-to-dollar100k-may-take-6-months-analyst,-0.127631,Neutral
2026-02-03,2026-02-03 03:48:14,"Tether Launches MiningOS, An Open-Source Bitcoin Mining Platform","Tether first announced plans for an open-source mining OS in June last year as it wanted Bitcoin miners to ""enter the game"" without expensive third-party vendors.",Cointelegraph,https://cointelegraph.com/news/tether-releases-open-source-operating-system-for-bitcoin-miners,0.146053,Neutral
2026-02-03,2026-02-03 05:03:10,Bitcoin's Sell-Off May Carry a Silver Lining,Bitcoin's latest sell-off has revived debate over whether the move reflects short-term liquidity stress or something deeper.,Decrypt.co,https://decrypt.co/356741/bitcoins-sell-off-may-carry-silver-lining,0.117942,Neutral
2026-02-03,2026-02-03 06:14:24,Bitcoin May Continue to Fall as No Catalysts Appear: Galaxy,"Galaxy's Alex Thorn says Bitcoin's realized price is currently $56,000, a level it is likely to fall to without clear drivers to spark a rally.",Cointelegraph,https://cointelegraph.com/news/bitcoin-risks-56k-reasons-for-gains-elusive-galaxy,0.057363,Neutral
2026-02-03,2026-02-03 08:24:51,ING Germany Launches Crypto ETPs And ETNs For Retail Clients,"ING Germany expands crypto access with Bitwise ETPs and VanEck ETNs covering Bitcoin, Ether, Solana, XRP and other major digital assets.",Cointelegraph,https://cointelegraph.com/news/ing-germany-crypto-etp-etn-bitwise-vaneck,0.117472,Neutral
2026-02-03,2026-02-03 08:56:31,AI Tops Family Office Investments as Crypto Lags: JPMorgan Report,"Almost 89% of the family offices polled by JPMorgan report zero crypto exposure, with average allocations to digital assets and Bitcoin remaining well below 1%.",Cointelegraph,https://cointelegraph.com/news/ai-tops-family-office-investments-crypto-jpmorgan-report-2026,0.1881,Somewhat-Bullish
2026-02-03,2026-02-03 09:08:37,Dogecoin Surges As Elon Musk Says SpaceX Will Put DOGE 'On The Literal Moon' Next Year,"Dogecoin ( CRYPTO: DOGE ) is rallying in the wee hours of Tuesday after Elon Musk said his space technology company SpaceX will likely put the memecoin ""on the moon"" next year. The dog-themed cryptocurrency was up over 4% over the last 24 hours, outperforming heavyweights such as Bitcoin ( ...",Benzinga,https://www.benzinga.com/crypto/cryptocurrency/26/02/50323059/dogecoin-surges-as-elon-musk-says-spacex-will-put-doge-on-the-literal-moon-next-year,0.154411,Somewhat-Bullish
2026-02-03,2026-02-03 10:28:45,Bitcoin ETFs Rebound $562M After $1.5B Outflows,"Spot Bitcoin ETFs drew $562 million in inflows Monday, partially offsetting $1.5 billion outflows last week, while Ether ETFs remained in the red.",Cointelegraph,https://cointelegraph.com/news/bitcoin-etf-bounce-561m-inflows-headwinds-linger,-0.040598,Neutral
2026-02-03,2026-02-03 10:32:08,"Stock Market Today: S&P 500, Nasdaq 100 Futures Gain Amid Gold, Silver Rebound-Palantir Technologies, SanDisk, PepsiCo In Focus - State Street SPDR S&P 500 ETF Trust  ( ARCA:SPY ) ","U.S. stock futures were higher on Tuesday following Monday's positive close. Futures of major benchmark indices were higher. Gold and Silver staged a rebound from Monday's low; however, Bitcoin ( CRYPTO: BTC ) was still trading below the $80,000 per coin mark.",Benzinga,https://www.benzinga.com/markets/equities/26/02/50323627/stock-market-today-sp-500-nasdaq-100-futures-gain-amid-gold-silver-rebound-palantir-technologies,0.173151,Somewhat-Bullish
2026-02-03,2026-02-03 10:53:26,Bitcoin Traders Bet on Price Rebound as BTC Eyes $85K Liquidity Grab,"The return of spot Bitcoin ETF inflows could fuel a Bitcoin price recovery, as signs of a potential rebound to $80,000 and $85,000 emerge.",Cointelegraph,https://cointelegraph.com/news/bitcoin-traders-explain-why-btc-price-rebound-toward-85k,0.087289,Neutral
2026-02-03,2026-02-03 11:49:42,Bitcoin Analysts Disagree Over Reflation Trade After PMI Overshoot,Bitcoin price correlation with PMI sparked disagreement among analysts after the latter spiked above 50 for the first time since 2022.,Cointelegraph,https://cointelegraph.com/news/bitcoin-reflation-bets-diverge-after-us-pmi-breaks-three-year-resistance,-0.040728,Neutral
2026-02-03,2026-02-03 12:09:41,Xapo Bank Data Shows Bitcoin-Backed Loans Skew Long-Term,Xapo Bank's Digital Wealth Report says borrowers are keeping Bitcoin-backed loans open longer during the product's first year of activity.,Cointelegraph,https://cointelegraph.com/news/xapo-bitcoin-backed-loans-long-term-planning-2025,0.214991,Somewhat-Bullish
2026-02-03,2026-02-03 14:15:00,SRx Health Solutions Significantly Reduces Short Position of Cryptocurrency Portfolio Amidst Current Market Volatility,"NORTH PALM BEACH, Fla., Feb. 03, 2026 ( GLOBE NEWSWIRE ) -- SRx Health Solutions, Inc. ( NYSE American: SRXH ) ( the ""Company"" ) today announced it has significantly reduced its short position across its cryptocurrency portfolio of Bitcoin and Ethereum amidst current market volatility.",GlobeNewswire,https://www.globenewswire.com/news-release/2026/02/03/3231206/0/en/SRx-Health-Solutions-Significantly-Reduces-Short-Position-of-Cryptocurrency-Portfolio-Amidst-Current-Market-Volatility.html,0.030996,Neutral
2026-02-03,2026-02-03 14:21:00,"TIAN RUIXIANG Announces Groundbreaking USD1.5 billion plan to acquire 15,000 BTC from a Strategic Investor, Unveiling Deep AI and Cryptocurrency Synergy Partnership","Beijing, Feb. 03, 2026 ( GLOBE NEWSWIRE ) -- TIAN RUIXIANG Holdings Ltd, ( Nasdaq: TIRX, the ""Company"" ) , today announced a transformative strategic agreement with a prominent global digital asset investor and industry trailblazer. Under the landmark deal, the investor will inject 15,000 ...",GlobeNewswire,https://www.globenewswire.com/news-release/2026/02/03/3231215/0/en/TIAN-RUIXIANG-Announces-Groundbreaking-USD1-5-billion-plan-to-acquire-15-000-BTC-from-a-Strategic-Investor-Unveiling-Deep-AI-and-Cryptocurrency-Synergy-Partnership.html,0.362705,Bullish
2026-02-03,2026-02-03 14:43:36,"Bitcoin ETFs See $562 Million In Inflows, But BTC Is Stuck At $78,000","U.S. spot Bitcoin ( CRYPTO: BTC ) ETFs recorded $561.9 million in net inflows on Monday, snapping a four-day outflow streak. BlackRock's IBIT ( NASDAQ:IBIT ) and Fidelity's FBTC ( NYSE:FBTC ) led the buying with $142 million and $153.4 million in inflows respectively.",Benzinga,https://www.benzinga.com/crypto/cryptocurrency/26/02/50334712/bitcoin-etfs-see-562-million-in-inflows-but-btc-is-stuck-at-78000,0.074079,Neutral
2026-02-03,2026-02-03 15:20:00,"Zacks Investment Ideas feature highlights: Ark Invest, BlackRock, IBIT, GLD and SLV","Ark Invest says inflation fears are overblown as real-time data shows prices plunging, while traditional hedges like bitcoin, gold and silver slide.",Zacks Commentary,https://www.zacks.com/stock/news/2828012/zacks-investment-ideas-feature-highlights-ark-invest-blackrock-ibit-gld-and-slv,-0.126839,Neutral
2026-02-03,2026-02-03 15:24:30,Fundstrat Co-Founder Tom Lee Says Crypto Bottom Is in Following Market Slump,Lee claims Bitcoin and Ethereum may have found a floor after a sharp selloff and volatility in the precious metals market.,Decrypt.co,https://decrypt.co/356783/fundstrat-co-founder-tom-lee-says-crypto-bottom-is-in-following-market-slump,-0.014575,Neutral
2026-02-03,2026-02-03 16:02:44,"Bitcoin Could Drop Below $60K, Says Galaxy Analyst-Here's Why","Bitcoin has fallen 38% from its all-time high, but it might be headed for a slide below $60,000, according to a Galaxy analyst.",Decrypt.co,https://decrypt.co/356789/bitcoin-could-drop-below-60k-galaxy-analyst-heres-why,-0.143504,Neutral
2026-02-03,2026-02-03 16:36:29,"Bitcoin Lacks Strength for $80K Retest as Gold, Silver Edge Higher","Bitcoin failed to attack $80,000 resistance as gold sought a $5,000 reclaim, while analysis argued that ""crypto winter"" began in January 2025.",Cointelegraph,https://cointelegraph.com/news/bitcoin-crypto-winter-soon-over-bitwise-exec-gold-retargets-5k,0.103564,Neutral
2026-02-03,2026-02-03 16:43:32,"So, Who Is Kevin Warsh And What Does He Mean For Bitcoin?","After months of discussion and endless speculation, we finally know who Trump's nominee for the next Fed chair will be- Kevin Warsh, one of the more hawkish nominees going into this much-anticipated decision.",Benzinga,https://www.benzinga.com/Opinion/26/02/50341634/so-who-is-kevin-warsh-and-what-does-he-mean-for-bitcoin,0.146441,Neutral
2026-02-03,2026-02-03 17:32:00,"Prediction: Bitcoin Will Hit $100,000 in 2026",Bitcoin is already down double digits this year.,Motley Fool,https://www.fool.com/investing/2026/02/03/prediction-bitcoin-will-hit-100000-in-2026/,0.25006,Somewhat-Bullish
2026-02-03,2026-02-03 17:32:55,"VistaShares Debuts BTYB, a Treasury ETF with Bitcoin-Linked Exposure",The NYSE-listed BTYB allocates most of its assets to US Treasurys while using options strategies to provide weekly income and Bitcoin-linked exposure.,Cointelegraph,https://cointelegraph.com/news/vistashares-treasury-etf-options-based-bitcoin-exposure,0.299186,Somewhat-Bullish
2026-02-03,2026-02-03 17:41:31,"Bitcoin, Ethereum Are In 'Crypto Winter', But Spring Is Not Far Off, Bitwise's Matt Hougan Says","Bitcoin ( CRYPTO: BTC ) and Ethereum ( CRYPTO: ETH ) are in ""crypto winter"", according to Bitwise Chief Investment Officer Matt Hougan, who says the end may be closer than investors think. Hougan argues crypto entered winter in January 2025, but ETF and Digital Asset Treasury flows masked ...",Benzinga,https://www.benzinga.com/crypto/cryptocurrency/26/02/50344375/bitcoin-ethereum-are-in-crypto-winter-but-spring-is-not-far-off-bitwises-matt-hougan-says,0.007383,Neutral
2026-02-03,2026-02-03 18:08:00,CleanSpark Gears Up to Report Q1 Earnings: What's in the Offing?,CLSK's fiscal Q1 performance is likely to have been pressured by capital-heavy AI builds and bitcoin volatility amid limited near-term revenue support.,Zacks Commentary,https://www.zacks.com/stock/news/2828242/cleanspark-gears-up-to-report-q1-earnings-whats-in-the-offing,0.069565,Neutral
2026-02-03,2026-02-03 18:19:51,"Cathie Wood's Ark Invest Doubles Down on BitMine, Coinbase Stocks Amid Bitcoin Plunge","Cathie Wood's investment firm, Ark Invest, added exposure to crypto-related equities despite a continuing slide in crypto prices.",Decrypt.co,https://decrypt.co/356813/cathie-woods-ark-invest-doubles-down-bitmine-coinbase-stocks-bitcoin-plunge,0.151836,Somewhat-Bullish
2026-02-03,2026-02-03 19:14:24,"Bitcoin Crashes To $73,000 As Gold, Silver Rebound 5%","Bitcoin ( CRYPTO: BTC ) has found fresh lows around $73,000, despite gold and silver rebounding 5% each on Tuesday. Gold posted its largest single-day gain since November 2008, rebounding from a two-day collapse that saw prices plunge from record highs above $5,600 to as low as $4,405 on Monday.",Benzinga,https://www.benzinga.com/crypto/cryptocurrency/26/02/50348702/bitcoin-crashes-to-73000-as-gold-silver-rebound-5,-0.270317,Somewhat-Bearish
2026-02-03,2026-02-03 19:16:21,"Bitcoin breaks below $73,000 to lowest since November 2024 as heavy selling resumes","Bitcoin fell below $73,000 on Tuesday as investors sold the asset to hedge against heightened geopolitical and economic uncertainties.",CNBC,https://www.cnbc.com/2026/02/03/bitcoin-price-today.html,-0.255241,Somewhat-Bearish
2026-02-03,2026-02-03 19:33:43,"Bitcoin Plummets to 15-Month Low as Crypto, Stock Prices Tumble","The price of Bitcoin nearly touched $73,000 on Tuesday for the first time since November 2024 as investors flee risk assets.",Decrypt.co,https://decrypt.co/356820/bitcoin-plummets-15-month-low-crypto-stock-prices-tumble,0.039096,Neutral
2026-02-03,2026-02-03 19:46:01,Bitcoin Hits 2026 Low Under $73K But Analyst Says It's Normal,"Bitcoin fell under $73,000 as futures liquidations soared and worries over this week's US corporate earnings triggered a stock sell-off. Will traders finally step in to buy ""discounted"" BTC?",Cointelegraph,https://cointelegraph.com/news/bitcoin-loses-dollar73k-us-stocks-sell-off-analyst-says-btc-trading-is-normal,-0.163988,Somewhat-Bearish
2026-02-03,2026-02-03 20:07:34,"Jeffrey Epstein Invested in Bitcoin Firm Blockstream, Invited Founder Adam Back to Island",Adam Back confirmed that convicted sex offender Jeffrey Epstein invested in Blockstream as newly released emails point to a planned island visit.,Decrypt.co,https://decrypt.co/356672/jeffrey-epstein-invested-bitcoin-firm-blockstream-invited-adam-back-island,0.026139,Neutral
2026-02-03,2026-02-03 20:18:56,"Bitcoin Plummets Below $75,000 As Ethereum, XRP, Dogecoin Nosedive On Geopolitical Uncertainty","Bitcoin slid below $75,000 after a sharp 6% daily drop amid rising geopolitical uncertainty tied to Iran-U.S. nuclear talks. Coinglass data shows 156,179 traders were liquidated in the past 24 hours for $630.76 million. In the past 24 hours, top losers include Canton, Dash and Optimism.",Benzinga,https://www.benzinga.com/crypto/cryptocurrency/26/02/50351038/bitcoin-plummets-below-75000-as-ethereum-xrp-dogecoin-nosedive-on-geopolitical-uncertainty,-0.130528,Neutral
2026-02-03,2026-02-03 20:54:02,"Tian Ruixiang Says Investor to Contribute 15,000 Bitcoin for Equity",The Nasdaq-listed insurance brokerage said an unnamed investor would contribute BTC as part of a deal that also includes an AI- and crypto-focused strategic partnership.,Cointelegraph,https://cointelegraph.com/news/tian-ruixiang-plans-acquire-15-000-bitcoin-equity-linked-deal,0.188904,Somewhat-Bullish
2026-02-03,2026-02-03 20:57:38,Dogecoin Slides As Bitcoin Sells Off: What's Going On?,"Dogecoin ( CRYPTO: DOGE ) is trading lower Tuesday afternoon, moving in the red alongside Bitcoin ( CRYPTO: BTC ) as the broader crypto market pulled back. Bitcoin fell below $75,000 after sliding roughly 6% on the day, pressured by rising geopolitical uncertainty surrounding Iran-U.S. ...",Benzinga,https://www.benzinga.com/trading-ideas/movers/26/02/50352483/dogecoin-slides-as-bitcoin-sells-off-whats-going-on,0.041237,Neutral
2026-02-03,2026-02-03 21:24:41,Bitcoin's Next Step May Depend On US Credit And Debt Conditions,"Bitcoin's volatility spiked, and its price plummeted to fresh lows as worrying US economic conditions emerged. Will credit stress data signal the next accumulation phase for BTC?",Cointelegraph,https://cointelegraph.com/news/next-bitcoin-accumulation-phase-may-hinge-on-credit-stress-timing-data,-0.055819,Neutral
2026-02-04,2026-02-04 01:33:00,Alleged Bitcoin Ransom Note Sent to TMZ in Case Involving 'Today' Show Host's Missing Mother,Authorities say they are reviewing reports of a Bitcoin ransom note tied to the case of Today show host Savannah Guthrie's missing mother.,Decrypt.co,https://decrypt.co/356867/alleged-bitcoin-ransom-note-tmz-guthrie-missing-mother,-0.211853,Somewhat-Bearish
2026-02-04,2026-02-04 01:56:55,"Bitcoin, Ethereum, XRP Slide Further, Dogecoin Flat As Crypto Market Shivers In 'Extreme Fear' - Analyst Sees Hope For 'Short-Term Relief Rally' - Grayscale Bitcoin Mini Trust  ( BTC )   ( ARCA:BTC ) ","Leading cryptocurrencies plunged deeper on Wednesday Bitcoin tumbled below $73,000 to touch its lowest level since November 2024, wiping nearly all of the gains since President Donald Trump assumed office. Ethereum sank to a nine-month low of $2,100, while Dogecoin traded flat, helped by Elon ...",Benzinga,https://www.benzinga.com/crypto/cryptocurrency/26/02/50361641/bitcoin-ethereum-xrp-slide-further-dogecoin-flat-as-crypto-market-shivers-in-extreme-fear-a,-0.056338,Neutral
2026-02-04,2026-02-04 02:33:54,"Cathie Wood Loads Up On Coinbase, Circle, Robinhood As Crypto Market Gripped By 'Extreme Fear' Amid Bitcoin Crash - Coinbase Global  ( NASDAQ:COIN ) ","Leading cryptocurrencies extended their selloff as Bitcoin ( CRYPTO: BTC ) slid below $73,000 to its lowest level since November 2024, triggering more than $750 million in liquidations amid ""extreme fear"" sentiment.",Benzinga,https://www.benzinga.com/etfs/broad-u-s-equity-etfs/26/02/50361888/cathie-wood-loads-up-on-coinbase-circle-robinhood-as-crypto-market-gripped-by-extreme-,0.211718,Somewhat-Bullish
2026-02-04,2026-02-04 02:56:26,"Anthony Scaramucci Says He's 'Buying Bitcoin' As Apex Crypto Dips Below $73,000: 'Accumulate, Don't Speculate'",SkyBridge Capital CEO and vocal cryptocurrency advocate Anthony Scaramucci advised steady accumulation rather than speculative trading for Bitcoin ( CRYPTO: BTC ) on Tuesday amid the apex cryptocurrency's ongoing decline.,Benzinga,https://www.benzinga.com/crypto/cryptocurrency/26/02/50361999/anthony-scaramucci-says-hes-buying-bitcoin-as-apex-crypto-dips-below-73000-accumulate-dont-,-0.024642,Neutral
2026-02-04,2026-02-04 03:20:47,Bitcoin Risks Further Slide as Momentum Weakens Below Key Support,"Fragile momentum and macro uncertainty are keeping Bitcoin and the broader crypto market at risk of further declines, analysts say.",Decrypt.co,https://decrypt.co/356871/bitcoin-risks-further-slide-momentum-weakens-key-support,-0.169075,Somewhat-Bearish
2026-02-04,2026-02-04 04:54:59,Galaxy CEO Mike Novogratz Points To Quantum Uncertainty As 'Big Excuse' Behind Early Investors Selling Off Bitcoin: 'Not A Huge Issue' - Coinbase Global  ( NASDAQ:COIN ) ,"Galaxy Digital Inc. ( NASDAQ: GLXY ) CEO Mike Novogratz on Tuesday called quantum uncertainty a ""big excuse"" for Bitcoin ( CRYPTO: BTC ) whales and long-term holders selling off their positions, even though he downplayed its long-term industry impact.",Benzinga,https://www.benzinga.com/crypto/cryptocurrency/26/02/50362280/galaxy-ceo-mike-novogratz-points-to-quantum-uncertainty-as-big-excuse-behind-early-investor,-0.07742,Neutral
2026-02-04,2026-02-04 06:19:04,"Jim Cramer Sets Bitcoin 'Line In The Sand,' Urges Michael Saylor To Act Before Strategy's Q4 Earnings - Strategy  ( NASDAQ:MSTR ) ","Popular market commentator and TV personality Jim Cramer made a rather dramatic plea to Strategy Inc. ( NASDAQ:MSTR ) Chair Michael Saylor on Tuesday, urging him to act and stop Bitcoin's ( CRYPTO: BTC ) decline.",Benzinga,https://www.benzinga.com/crypto/cryptocurrency/26/02/50362593/jim-cramer-sets-bitcoin-line-in-the-sand-urges-michael-saylor-to-act-before-strategys-q4-ea,-0.113791,Neutral
2026-02-04,2026-02-04 08:03:00,Bitwise lists Diaman Bitcoin & Gold ETP on Deutsche Börse Xetra,Exposure to Bitcoin and gold through a rules-based index methodology ETP designed to simultaneously provide exposure to both growth-oriented and defensive assets Dynamic allocation framework based on market trends and volatility indicators,Benzinga,https://www.benzinga.com/pressreleases/26/02/g50363191/bitwise-lists-diaman-bitcoin-gold-etp-on-deutsche-b-rse-xetra,0.227495,Somewhat-Bullish
2026-02-04,2026-02-04 08:07:51,Mohamed El-Erian Says Gold Has Outperformed Bitcoin Over 5 Years-Says It's Happening Again In 2026,"Economist Mohamed A. El-Erian noted on Tuesday that gold has delivered higher returns than Bitcoin ( CRYPTO: BTC ) over the last five years. El-Erian, the Chief Economic Advisor at Allianz, took to X, comparing the performance of the two marquee assets.",Benzinga,https://www.benzinga.com/crypto/cryptocurrency/26/02/50363230/mohamed-el-erian-says-gold-has-outperformed-bitcoin-over-5-years-says-its-happening-again-i,0.236032,Somewhat-Bullish
2026-02-04,2026-02-04 08:31:06,Spot Bitcoin ETF AUM Hits Lowest Level Since April 2025,"Spot Bitcoin ETF AUM fell below $100 billion after $272 million in outflows, pushing year-to-date losses close to $1.3 billion.",Cointelegraph,https://cointelegraph.com/news/bitcoin-etf-aum-below-100-billion-first-since-april-2025,0.069241,Neutral
2026-02-04,2026-02-04 10:00:00,Crypto Crash: Is Bitcoin a Buy After Its 40% Plunge?,Bitcoin just fell to its lowest level in almost a year.,Motley Fool,https://www.fool.com/investing/2026/02/04/crypto-crash-is-bitcoin-a-buy-after-its-40-plunge/,-0.041588,Neutral
2026-02-04,2026-02-04 10:35:35,Whale's $9B Bitcoin Sale Not Quantum Concern: Galaxy Digital,Company pushes back after reports suggest a $9B Bitcoin sale by a wealthy client was tied to quantum computing fears.,Cointelegraph,https://cointelegraph.com/news/whale-9b-bitcoin-sale-not-quantum-concerns-galaxy-digital,0.031687,Neutral
2026-02-04,2026-02-04 11:19:09,"Bitcoin At $76,000 As Ethereum, XRP, Dogecoin Reel From 'Extreme Fear' Sentiment","Bitcoin is trading near $76,000 as market sentiment deteriorates further into extreme fear. U.S. Spot Bitcoin ETF assets under management have fallen below $100 billion for the first time since April 2025; liquidations stand at $682.58 million over the past 24 hours.",Benzinga,https://www.benzinga.com/crypto/cryptocurrency/26/02/50365288/bitcoin-at-76000-as-ethereum-xrp-dogecoin-reel-from-extreme-fear-sentiment,-0.094852,Neutral
2026-02-04,2026-02-04 12:11:57,BTC Downtrend Not Over? Why Bitcoin's Next 'Liquidity Magnet' Could be $65K,"Bitcoin price data presented a strong argument about why the current market structure is weak, supporting BTC's potential to go even lower.",Cointelegraph,https://cointelegraph.com/news/bitcoin-bounces-76k-but-data-suggests-btc-price-downtrend-not-over,-0.15837,Somewhat-Bearish
2026-02-04,2026-02-04 12:47:26,Michael Burry: Bitcoin Has 'No Organic Use Case' To Stop Its Descent,"""Big Short"" investor Michael Burry warned that Bitcoin ( CRYPTO: BTC ) has been exposed as purely speculative with ""no organic use case reason to slow or stop its descent,"" as BTC wiped out all post-election gains.",Benzinga,https://www.benzinga.com/crypto/cryptocurrency/26/02/50369889/michael-burry-bitcoin-has-no-organic-use-case-to-stop-its-descent,-0.305521,Somewhat-Bearish
2026-02-04,2026-02-04 13:01:57,Mercado Bitcoin Deploys $20M in Private Credit on Rootstock,Brazil's Mercado Bitcoin has issued more than $20 million in tokenized private credit on Bitcoin sidechain Rootstock and is targeting $100 million by April.,Cointelegraph,https://cointelegraph.com/news/mercado-bitcoin-expands-latam-rwa-push,0.243309,Somewhat-Bullish
2026-02-04,2026-02-04 13:09:50,Sentiment Shifts on Strategy's Bitcoin Bid as Crypto Market Selloff Deepens,"Prediction market users increasingly think that Strategy will sell some BTC-but analysts don't think Bitcoin's price crash ""changes anything."" ...",Decrypt.co,https://decrypt.co/356903/sentiment-shifts-on-strategys-bitcoin-bid-as-crypto-market-selloff-deepens,0.062237,Neutral
2026-02-04,2026-02-04 13:15:00,Fold Launches Unified App Experience to Bring Bitcoin Rewards and Everyday Spending Into One Financial Home,"PHOENIX, Feb. 04, 2026 ( GLOBE NEWSWIRE ) -- Fold Holdings, Inc. ( NASDAQ: FLD ) ( ""Fold"" or the ""Company"" ) , a bitcoin financial services company making it easy for individuals to earn, save and spend bitcoin through everyday financial tools, today announced the launch of a new Fold app ...",GlobeNewswire,https://www.globenewswire.com/news-release/2026/02/04/3232026/0/en/Fold-Launches-Unified-App-Experience-to-Bring-Bitcoin-Rewards-and-Everyday-Spending-Into-One-Financial-Home.html,0.283747,Somewhat-Bullish
2026-02-04,2026-02-04 13:15:00,Fold Launches Unified App Experience to Bring Bitcoin Rewards and Everyday Spending Into One Financial Home - Fold Holdings  ( NASDAQ:FLD ) ,"Over the past year, Fold has paid close attention to how customers use money and bitcoin. The updated app experience reflects that feedback by bringing balances, transactions, bitcoin rewards, and spending activity into a single, easy-to-navigate hub.",Benzinga,https://www.benzinga.com/pressreleases/26/02/g50371110/fold-launches-unified-app-experience-to-bring-bitcoin-rewards-and-everyday-spending-into-one-finan,0.458136,Bullish
2026-02-04,2026-02-04 14:00:00,Pain or Gain Ahead for Cryptocurrency ETFs?,"Bitcoin falls below $80K on Fed hawk fears, hurting crypto ETFs. Liquidity worries linger despite regulatory clarity and AI hopes.",Zacks Commentary,https://www.zacks.com/stock/news/2828704/pain-or-gain-ahead-for-cryptocurrency-etfs,0.053811,Neutral
2026-02-04,2026-02-04 14:01:35,"Bitcoin, Ethereum Liquidations Hit $704M In 24 Hours-And $70,000 Could Break, Polymarket Predicts",Bitcoin ( CRYPTO: BTC ) traders are bracing for more pain after liquidations reached $704 million in a single 24-hour period. The sharp sell-off has crypto investors turning to prediction markets for clues on where the bottom might be. Polymarket is currently flashing warning signs for the ...,Benzinga,https://www.benzinga.com/markets/prediction-markets/26/02/50372994/bitcoin-ethereum-liquidations-hit-704m-in-24-hours-and-70000-could-break-polymarket-pr,-0.014639,Neutral
2026-02-04,2026-02-04 14:03:45,Bitcoin Traders Eye 200-Week Trendlines for a BTC Price Bottom,"Bitcoin is approaching its 200-week moving averages, a long-term support zone traders say could help define a potential BTC price floor.",Cointelegraph,https://cointelegraph.com/news/bitcoin-key-trendline-68k-lining-up-save-btc-price-traders,0.097968,Neutral
2026-02-04,2026-02-04 15:30:00,Bitcoin-native USDT protocol joins CTDG Dev Hub,"An emerging protocol enabling native USDT transactions on Bitcoin becomes the latest participant of CTDG Dev Hub, a developer-centric technical hub by Cointelegraph focused on protocol design, implementation approaches, and network upgrade proposals.",Cointelegraph,https://cointelegraph.com/news/bitcoin-native-usdt-protocol-joins-ctdg-dev-hub,0.221763,Somewhat-Bullish
2026-02-04,2026-02-04 17:01:49,"UBS CEO Details Crypto Plans Following Report of Bitcoin, Ethereum Trading for Wealthy Clients","Publicly traded Swiss bank UBS is working on plans to offer digital assets trading and tokenized service offerings for users, its CEO said.",Decrypt.co,https://decrypt.co/356924/ubs-ceo-details-crypto-plans-bitcoin-ethereum-trading-wealthy-clients,0.374877,Bullish
2026-02-04,2026-02-04 17:08:58,Michael Saylor Loses $47 Billion Unrealized Profit As Bitcoin Dumps Below Strategy's Cost Basis - Strategy  ( NASDAQ:MSTR ) ,"Strategy ( NASDAQ:MSTR ) is now $630 million underwater on its Bitcoin ( CRYPTO: BTC ) holdings, wiping out $47 billion in unrealized profits from just four months ago as Bitcoin plunged below the company's $76,037 average cost basis.",Benzinga,https://www.benzinga.com/crypto/cryptocurrency/26/02/50383828/michael-saylor-loses-47-billion-unrealized-profit-as-bitcoin-dumps-below-strategys-cost-bas,-0.023975,Neutral
2026-02-04,2026-02-04 17:23:59,Stacks and Fireblocks Partner To Bring Bitcoin-Based DeFi to Institutions,"The Bitcoin network has an average block time of about 10 minutes, which creates a challenge for decentralized finance applications.",Cointelegraph,https://cointelegraph.com/news/fireblocks-stacks-institutional-bitcoin-defi,-0.030926,Neutral
2026-02-04,2026-02-04 17:31:12,"Bitcoin Price Action Makes Lower Lows After Failed $76,000 Relief Bounce","Bitcoin fell to its lowest levels since November 2024 after beating its previous bottom, with $70,000 BTC price support and under coming into focus.",Cointelegraph,https://cointelegraph.com/news/bitcoin-price-new-15-month-low-under-73k-crypto-liquidates-800m,0.014656,Neutral
2026-02-04,2026-02-04 17:58:50,Bitcoin Mining Stocks Dive as BTC Price Drops 20% in a Week,Shares in publicly traded Bitcoin miners are tumbling as the top crypto asset extends its losses to nearly 20% on the week.,Decrypt.co,https://decrypt.co/356931/bitcoin-mining-stocks-plunge-btc-price-drops-20-percent,0.014808,Neutral
2026-02-04,2026-02-04 18:09:04,Robinhood Stock Dives 10% As Bitcoin Pullback Hits Crypto Players - Robinhood Markets  ( NASDAQ:HOOD ) ,"Robinhood Markets Inc ( NASDAQ:HOOD ) shares are trading lower Wednesday afternoon as Bitcoin ( CRYPTO: BTC ) slid to around $72,500 at the time of publication, pressuring one of the market's most popular ways to bet on retail crypto demand.",Benzinga,https://www.benzinga.com/trading-ideas/movers/26/02/50386765/robinhood-stock-dives-10-as-bitcoin-pullback-hits-crypto-players,0.063421,Neutral
2026-02-04,2026-02-04 18:20:34,"Software Stocks Plummet, Bitcoin Erases Post-Trump Election Rally: What's Moving Markets Wednesday? - Grayscale Bitcoin Mini Trust  ( BTC )   ( ARCA:BTC ) , iShares Expanded Tech-Software Sector ETF  ( BATS:IGV ) , iShares Russell 2000 ETF  ( ARCA:IWM ) , Invesco QQQ Trust, Series 1  ( NASDAQ:QQQ ) ","The software-led tech selloff extended into Wednesday, with the iShares Expanded Tech-Software Sector ETF ( NYSE:IGV ) falling for a seventh straight session and sliding back to levels last seen during the April 2025 tariff shock. The weakness spilled across the broader tech complex.",Benzinga,https://www.benzinga.com/markets/equities/26/02/50387282/software-stocks-plummet-bitcoin-erases-post-trump-election-rally-whats-moving-markets-wednesday,-0.381184,Bearish
2026-02-04,2026-02-04 18:30:37,Bitnomial Lists First US-regulated Tezos Futures,"The listing follows Bitnomial's January launch of Aptos futures, as the exchange continues expanding US-regulated derivatives beyond Bitcoin and Ether.",Cointelegraph,https://cointelegraph.com/news/bitnomial-launches-us-regulated-tezos-xtz-futures,0.061906,Neutral
2026-02-04,2026-02-04 18:34:31,Can the Government 'Bail Out' Bitcoin? Congressman Prompts Bizarre Exchange With Treasury Secretary,"Treasury Secretary Scott Bessent got into a yelling match with another congressman over the Trump family's crypto company, during testimony on Capitol Hill.",Decrypt.co,https://decrypt.co/356936/can-government-bitcoin-congressman-bizarre-exchange-treasury-secretary,0.004808,Neutral
2026-02-04,2026-02-04 18:43:50,"Bitcoin Falls To New 2026 Low, Altcoins Crumble: Is $56K BTC Next?","Bitcoin price fell to a 15-month low of $72,169, leading one analyst to say a revisit of BTC's realized price near $56,000 may occur in a few months. Do charts hint at a rebound rally before the weekend?",Cointelegraph,https://cointelegraph.com/news/price-predictions-2-4-btc-eth-bnb-xrp-sol-doge-ada-bch-hype-xmr,-0.065092,Neutral
2026-02-04,2026-02-04 18:48:33,Scott Bessent: US Treasury Has No Authority To 'Bail Out' Bitcoin,The comments came during Bessent's Congressional testimony on Wednesday in a tense exchange with California Representative Brad Sherman.,Cointelegraph,https://cointelegraph.com/news/us-treasury-bessent-wont-bail-out-bitcoin,0.152354,Somewhat-Bullish
2026-02-04,2026-02-04 19:02:20,Coinbase Stock Slips As Bitcoin Pullback Hits Crypto Sentiment - Coinbase Global  ( NASDAQ:COIN ) ,"Coinbase Global Inc ( NASDAQ:COIN ) is trading lower alongside a pullback in major cryptocurrencies, with Bitcoin ( CRYPTO: BTC ) changing hands around $73,000 at the time of publication. Here's what investors need to know. Coinbase Global shares are retreating from recent levels.",Benzinga,https://www.benzinga.com/trading-ideas/movers/26/02/50388702/coinbase-stock-slips-as-bitcoin-pullback-hits-crypto-sentiment,0.114785,Neutral
2026-02-04,2026-02-04 19:22:00,Early Bitcoin Dev Calls on Adam Back to Resign After Epstein Files Revelations,Bitcoin developer Luke Dashjr urged Blockstream CEO Adam Back to step down following a new release of files related to Jeffrey Epstein.,Decrypt.co,https://decrypt.co/356929/bitcoin-dev-calls-adam-back-resign-epstein-files,-0.040334,Neutral
2026-02-04,2026-02-04 19:26:51,IREN Earnings: Inside The $9.7B Microsoft Bet - IREN  ( NASDAQ:IREN ) ,"IREN Ltd ( NASDAQ:IREN ) used to dig for Bitcoin ( CRYPTO: BTC ) . Now it wants to mine the cloud. In less than two years, the company has leapt from crypto pioneer to ""Neocloud"" upstart - and Thursday's second quarter earnings will decide whether that reinvention looks visionary or overreach.",Benzinga,https://www.benzinga.com/trading-ideas/previews/26/02/50389630/iren-9-7-billion-microsoft-bet-hits-the-earnings-moment-of-truth,-0.066681,Neutral
2026-02-04,2026-02-04 19:27:25,"Bitcoin bleeds for second straight day, nearly grazes $72,000","Bitcoin sank as low as $72,096.20 on Wednesday, marking its second consecutive day breaking below the $73,000 level.",CNBC,https://www.cnbc.com/2026/02/04/bitcoin-bleeds-for-second-straight-day-nearly-grazes-72000.html,0.021522,Neutral
2026-02-04,2026-02-04 19:35:00,"Prediction: Bitcoin Will Hit $100,000 in 2026",The world's top cryptocurrency is down but not out.,Motley Fool,https://www.fool.com/investing/2026/02/04/prediction-bitcoin-will-hit-100k-in-2026/,0.094167,Neutral
2026-02-04,2026-02-04 19:45:00,$55B in BTC Futures Positions Unwound In 30 Days: Will Bitcoin Recover?,Futures traders drastically reduced their activity as Bitcoin's weakness extends and new year-to-date lows become a daily occurrence. Cointelegraph reviews traders' BTC price expectations.,Cointelegraph,https://cointelegraph.com/news/bitcoin-open-interest-falls-by-dollar55b-in-30-days-what-s-next-for-btc-price,-0.062407,Neutral
2026-02-04,2026-02-04 19:50:31,Treasury Secretary Scott Bessent Says US Has No Authority To 'Bail Out' Bitcoin,"Treasury Secretary Scott Bessent pushed back against speculation around a Strategic Bitcoin reserve, making clear that the federal government has no legal authority to support or ""bail out"" Bitcoin ( CRYPTO: BTC ) using public funds.",Benzinga,https://www.benzinga.com/crypto/cryptocurrency/26/02/50390454/treasury-secretary-scott-bessent-says-us-has-no-authority-to-bail-out-bitcoin,0.20946,Somewhat-Bullish
2026-02-04,2026-02-04 20:37:19,"Bitcoin Hits 15-Month Low As Fear-Driven Selling Drags Ethereum, XRP, Dogecoin Lower","Bitcoin is hovering around 15-month lows as market sentiment stays firmly in ""Extreme Fear"" territory. Coinglass data shows 145,087 traders were liquidated in the past 24 hours for $631.75 million. In the past 24 hours, top gainers include Midnight, Morpho and LayerZero.",Benzinga,https://www.benzinga.com/crypto/cryptocurrency/26/02/50392352/bitcoin-hits-15-month-low-as-fear-driven-selling-drags-ethereum-xrp-dogecoin-lower,-0.127723,Neutral
2026-02-04,2026-02-04 21:02:26,Is iShares Bitcoin Trust the Best Bitcoin ETF You Can Buy?,"The iShares Bitcoin Trust is the largest spot bitcoin ETF, but is there a better option out there?",Motley Fool,https://www.fool.com/coverage/etfs/2026/02/04/is-ishares-bitcoin-trust-the-best-bitcoin-etf-you-can-buy/,0.234408,Somewhat-Bullish
2026-02-04,2026-02-04 22:08:38,"$2.9B Bitcoin ETF Outflow, Bearish Futures Data Project More BTC Downside","Bitcoin's 12-day ETF outflows, derivatives data and the crypto market in tandem trading with tech stocks suggest traders will continue to cut exposure to risk assets.",Cointelegraph,https://cointelegraph.com/news/spot-bitcoin-etf-outflows-total-2-9b-as-btc-price-drops-to-new-2026-low,-0.245492,Somewhat-Bearish
2026-02-04,2026-02-04 22:12:00,Bitdeer Announces Fourth Quarter 2026 Earnings Conference Call For February 12th 2026,"SINGAPORE, Feb. 04, 2026 ( GLOBE NEWSWIRE ) -- Bitdeer Technologies Group ( NASDAQ: BTDR ) ( ""Bitdeer"" or the ""Company"" ) , a world-leading technology company for Bitcoin mining and AI infrastructure, today announced that it has scheduled its fourth quarter 2025 earnings conference call and ...",GlobeNewswire,https://www.globenewswire.com/news-release/2026/02/04/3232569/0/en/Bitdeer-Announces-Fourth-Quarter-2026-Earnings-Conference-Call-For-February-12th-2026.html,0.19421,Somewhat-Bullish
2026-02-04,2026-02-04 22:41:38,Dogecoin Falls Wednesday As Bitcoin Hits 15-Month Low,"Dogecoin ( CRYPTO: DOGE ) is trading lower on Wednesday evening as Bitcoin ( CRYPTO: BTC ) slides to its lowest level in 15 months, dragging down the broader crypto market.",Benzinga,https://www.benzinga.com/trading-ideas/movers/26/02/50398908/dogecoin-falls-wednesday-as-bitcoin-hits-15-month-low,-0.106171,Neutral
2026-02-05,2026-02-05 02:05:55,"Bitcoin, Ethereum, XRP, Dogecoin Deepen Losses, While Gold, Silver Hold Steady: Analyst Says Crypto Momentum 'Deteriorating Faster' - Grayscale Bitcoin Mini Trust  ( BTC )   ( ARCA:BTC ) ","Leading cryptocurrencies fell further on Wednesday, while gold and silver held steady, as risk-off sentiment dominated the market. Bitcoin dipped under $72,000, now just 4% from its previous bull-cycle peak of $69,700.",Benzinga,https://www.benzinga.com/crypto/cryptocurrency/26/02/50400366/bitcoin-ethereum-xrp-dogecoin-deepen-losses-while-gold-silver-hold-steady-analyst-says-cryp,-0.019498,Neutral
2026-02-05,2026-02-05 03:07:33,Bitcoin Extends Selloff as Macro Pressures and Leverage Unwind,"The latest decline reflects a broader unwind in leverage, with investors reassessing Bitcoin's short-term role as an inflation hedge.",Decrypt.co,https://decrypt.co/357025/bitcoin-extends-selloff-macro-pressures-leverage-unwind,0.016992,Neutral
2026-02-05,2026-02-05 04:10:44,XRP Sentiment Extremely Higher Than Bitcoin And Ethereum: Santiment,"Social media sentiment has turned ""extremely bearish"" toward Bitcoin and Ethereum this week, according to analytics platform Santiment.",Cointelegraph,https://cointelegraph.com/news/xrp-traders-sentiment-high-bitcoin-ethereum-santiment,-0.10656,Neutral
2026-02-05,2026-02-05 04:38:20,Bhutan Sells $22.3M Bitcoin As Mining Conditions Worsen,"Bhutan has slipped to the seventh-largest nation-state Bitcoin holder, with its stash falling from 13,295 BTC in October 2024 to 5,700 BTC.",Cointelegraph,https://cointelegraph.com/news/bhutan-reportedly-sells-more-bitcoin-from-its-reserve,-0.079136,Neutral
2026-02-05,2026-02-05 04:42:54,"Anthony Scaramucci Says Bitcoin Doesn't Reward 'Being Early,' But Rather Those Who Are 'Psychologically Intact'","SkyBridge Capital CEO Anthony Scaramucci maintained his bullish outlook on Bitcoin ( CRYPTO: BTC ) on Wednesday, despite the leading cryptocurrency's continued slide. In an X post, Scaramucci stressed that long-term success in Bitcoin depends on risk management and maintaining financial ...",Benzinga,https://www.benzinga.com/crypto/cryptocurrency/26/02/50400880/anthony-scaramucci-says-bitcoin-doesnt-reward-being-early-but-rather-those-who-are-psycholo,0.135401,Neutral
2026-02-05,2026-02-05 06:11:31,Coinbase Premium Hits Yearly Lows Amid Institutional Selloff,The price difference between Bitcoin on Coinbase and Binance has dropped to its lowest level since December 2024.,Cointelegraph,https://cointelegraph.com/news/coinbase-premium-gap-falls-to-yearly-low-signalling-institutional-selling-cryptoquant,-0.207658,Somewhat-Bearish
2026-02-05,2026-02-05 06:13:30,Bitcoin ETFs 'Hanging In There' Despite Price Plunge: Analyst,"Bitcoin ETFs may be sitting on their ""biggest losses"" since launching in January 2024, but there is a silver lining, according to an ETF analyst.",Cointelegraph,https://cointelegraph.com/news/bitcoin-etf-flows-performance-btc-downtrend-analyst,-0.088074,Neutral
2026-02-05,2026-02-05 07:30:00,"Bitwise Crypto Industry Innovators ETF: Buy, Sell, or Hold in 2026?",The Bitwise Crypto Industry Innovators ETF is flat year to date as Bitcoin has a slow start to the year.,Motley Fool,https://www.fool.com/investing/2026/02/05/bitwise-crypto-industry-innovators-etf-buy-sell-or/,0.247955,Somewhat-Bullish
2026-02-05,2026-02-05 07:59:41,"Trump's Crypto Competition With China Futile, Says Peter Schiff: 'Chinese Leadership Is Too Smart To Care About Bitcoin'","Economist Peter Schiff questioned on Wednesday President Donald Trump's push to make the U.S. the ""world capital"" of Bitcoin ( CRYPTO: BTC ) , arguing that Beijing couldn't care less about the leading cryptocurrency.",Benzinga,https://www.benzinga.com/crypto/cryptocurrency/26/02/50401974/trumps-crypto-competition-with-china-futile-says-peter-schiff-chinese-leadership-is-too-sma,-0.036669,Neutral
2026-02-05,2026-02-05 08:38:20,"Bitcoin Sees First $69,000 Dip in 15 Months as 'Someone Enormous' Sells","Bitcoin selling pressure sparked a retreat below the 2021 bull market high, with lower BTC price targets still expected to be hit.",Cointelegraph,https://cointelegraph.com/news/bitcoin-price-erases-15-months-bull-market-69k-comedown,-0.155345,Somewhat-Bearish
2026-02-05,2026-02-05 10:02:22,Bitcoin ETFs Extend Losses As Daily Outflows Hit $545 Million,"Bitcoin ETFs saw $545 million in daily outflows as BTC neared $70,000, though analysts said most investors were holding positions despite market weakness.",Cointelegraph,https://cointelegraph.com/news/bitcoin-etf-545-million-outflows-btc-nears-70k,-0.05513,Neutral
2026-02-05,2026-02-05 10:07:01,Bhutan Transfers $22M in Bitcoin Amid Market Downturn,Analysts see routine treasury management as Bhutan moves Bitcoin to a market maker while the crypto trades 44% below its all-time high.,Decrypt.co,https://decrypt.co/357036/bhutan-transfers-22m-in-bitcoin-amid-market-downturn,0.026039,Neutral
2026-02-05,2026-02-05 10:22:24,"'Dr. Doom' Nouriel Roubini Sees An Incoming 'Crypto Apocalypse,' Warns Policymakers To Wake Up Before It's Too Late","Renowned economist Nouriel Roubini argued that the future of money won't be shaped by cryptocurrency, highlighting the ongoing crash in Bitcoin ( CRYPTO: BTC ) and other leading tokens.",Benzinga,https://www.benzinga.com/crypto/cryptocurrency/26/02/50403094/dr-doom-nouriel-roubini-sees-an-incoming-crypto-apocalypse-warns-policymakers-to-wake-up-be,-0.063546,Neutral
2026-02-05,2026-02-05 11:00:00,Here's How Many iShares Bitcoin Trust ETF Shares You'll Need to Own the Equivalent of 1 Bitcoin,There are plenty of ways to buy the dip on Bitcoin.,Motley Fool,https://www.fool.com/investing/2026/02/05/buy-i-shares-bitcoin-trust-etf-bitcoin/,0.193523,Somewhat-Bullish
2026-02-05,2026-02-05 11:22:09,What's Going On With HIVE Digital Stock Thursday? - HIVE Digital Technologies  ( NASDAQ:HIVE ) ,"HIVE Digital Technologies Ltd. ( NASDAQ:HIVE ) announced on Thursday exceptional Bitcoin ( CRYPTO: BTC ) production results for January 2026, marked by 290% year-over-year hashrate growth. Bitcoin Produced: 297 BTC, a 191% increase from January 2025.",Benzinga,https://www.benzinga.com/markets/equities/26/02/50404350/whats-going-on-with-hive-digital-stock-thursday,0.318964,Somewhat-Bullish
2026-02-05,2026-02-05 12:22:41,"Bitcoin Crashes Below $70,000 As Ethereum, XRP, Dogecoin Plunge 8% - Grayscale Bitcoin Mini Trust  ( BTC )   ( ARCA:BTC ) ","Bitcoin extended is down over 8% in 24 hours as liquidations stand at $1.03 billion over the past 24 hours. Bitcoin ETFs saw $544.9 million in net outflows on Wednesday, while Ethereum ETFs reported $79.5 million in net outflows.",Benzinga,https://www.benzinga.com/crypto/cryptocurrency/26/02/50406806/bitcoin-crashes-below-70000-as-ethereum-xrp-dogecoin-plunge-8,-0.043919,Neutral
2026-02-05,2026-02-05 13:00:00,LM Funding America Announces January 2026 Production and Operational Update,"- Bitcoin treasury as of January 31, 2026 was 364.1 BTC valued at $29.1 million or $1.36 per ...",GlobeNewswire,https://www.globenewswire.com/news-release/2026/02/05/3232915/0/en/LM-Funding-America-Announces-January-2026-Production-and-Operational-Update.html,0.182822,Somewhat-Bullish
2026-02-05,2026-02-05 13:06:59,$1M Lightning Payment Tests Bitcoin's Institutional Rails,"A $1 million Lightning transfer between SDM and Kraken was used to test whether Bitcoin's main scaling layer could handle seven‑figure, institutional‑grade payments.",Cointelegraph,https://cointelegraph.com/news/lightning-payment-bitcoin-layer-2-institutional,0.094584,Neutral
2026-02-05,2026-02-05 13:29:37,"Bitcoin drops below $70,000 as sell-off continues","Some market watchers have suggested $70,000 is a key level to watch and a break below that could lead to more falls for bitcoin.",CNBC,https://www.cnbc.com/2026/02/05/bitcoin-price-today-70000-in-focus.html,-0.128552,Neutral
2026-02-05,2026-02-05 13:31:54,"'Crypto As We Know It Is Over': Why Investors Are Turning Away From Bitcoin, Ethereum, XRP","Crypto venture capital firms are struggling to raise new funds, with major firms pivoting away entirely and half of Paradigm's team departing in two months. Commitments to crypto VC funds remain at historic lows and didn't recover during Bitcoin's ( CRYPTO: BTC ) generational bull run, according ...",Benzinga,https://www.benzinga.com/crypto/cryptocurrency/26/02/50409213/crypto-as-we-know-it-is-over-why-investors-are-turning-away-from-bitcoin-ethereum-xrp,0.012016,Neutral
2026-02-05,2026-02-05 13:32:17,"Bitcoin under US$70,000 for first time since Trump's election win amid Fed fears","Bitcoin tumbled through the key US$70,000 level on Thursday ‌as a slide in the world's largest cryptocurrency showed no signs of stopping. Bitcoin fell by as much as ‍3.8 per cent to a low of US$69,858, its weakest since November 2024, when Republican Donald Trump won the US presidential ...",South China Morning Post,https://www.scmp.com/news/world/united-states-canada/article/3342555/bitcoin-dips-below-us70000-wiping-out-gains-trump-election-win-amid-warsh-fed-fears,-0.084493,Neutral
2026-02-05,2026-02-05 14:13:11,Bitcoin May Drop Below $64K as Veteran Raises 'Campaign Selling' Alarm,"Bitcoin risks a deeper slide as miners and US spot ETFs cut BTC exposure, adding supply pressure during a fragile downtrend.",Cointelegraph,https://cointelegraph.com/news/bitcoin-price-may-drop-below-64k-veteran-campaign-selling,-0.115451,Neutral
2026-02-05,2026-02-05 14:32:00,"Bitcoin Plunges Below $70,000, But Underwater ETF Buyers Haven't Sold  ( Yet )  - Grayscale Bitcoin Mini Trust  ( BTC )   ( ARCA:BTC ) ","Despite a sharp pullback in crypto prices, Bitcoin ( CRYPTO: BTC ) ETF investors have largely held their positions, signaling stronger conviction than many expected.",Benzinga,https://www.benzinga.com/crypto/cryptocurrency/26/02/50411748/bitcoin-plunges-below-70000-but-underwater-etf-buyers-havent-sold-yet,-0.110853,Neutral
2026-02-05,2026-02-05 14:38:44,"IREN Stock Falls As Bitcoin Weakens, Earnings Ahead - IREN  ( NASDAQ:IREN ) ","IREN Limited ( NASDAQ:IREN ) shares are trading lower Thursday. IREN shares often moves alongside Bitcoin ( CRYPTO: BTC ) , which is trading lower today, down 3.79% at $70,251.44 at the time of writing. IREN shares are retreating from recent levels. Why is IREN stock dropping?",Benzinga,https://www.benzinga.com/trading-ideas/movers/26/02/50412260/iren-stock-falls-as-bitcoin-weakens-earnings-ahead,0.009811,Neutral
2026-02-05,2026-02-05 15:34:00,"The Zacks Analyst Blog Highlights BITI, SETH, SBIT and ETHD",Crypto ETFs like BITI and SETH gain attention as Bitcoin and Ethereum slide amid dollar strength and rising Fed hawkish fears.,Zacks Commentary,https://www.zacks.com/stock/news/2830023/the-zacks-analyst-blog-highlights-biti-seth-sbit-and-ethd,0.136843,Neutral
2026-02-05,2026-02-05 15:41:58,"Bitcoin Crashes Below $67K, Erasing All Gains Since Trump's Election Win","Bitcoin has fallen more than 9% on the day, cratering to a price not seen since before President Trump's 2024 election win.",Decrypt.co,https://decrypt.co/357061/bitcoin-crashes-67k-erasing-gains-trump-election-win,-0.180653,Somewhat-Bearish
2026-02-05,2026-02-05 15:42:52,"Bitcoin, Gold, XRP Whales Are Betting On Judy Shelton To Become Fed Chair-Even Though Trump Already Announced His Choice","President Trump has tapped Kevin Warsh, but on Polymarket, the ""fat lady"" hasn't sung-and a group of mystery whales are betting a fortune that Warsh is in for an unexpected disappointment.",Benzinga,https://www.benzinga.com/markets/prediction-markets/26/02/50417221/bitcoin-gold-xrp-whales-are-betting-on-judy-shelton-to-become-fed-chair-even-though-tr,0.194472,Somewhat-Bullish
2026-02-05,2026-02-05 15:50:19,Is Michael Burry Accidentally Bullish On Bitcoin?,"Michael Burry's latest two-word post - ""$BTC Patterns"" - came with a simple annotated chart and ignited a debate: was he flashing a warning, or quietly handing Bitcoin ( CRYPTO: BTC ) bulls a roadmap?",Benzinga,https://www.benzinga.com/crypto/cryptocurrency/26/02/50417749/michael-burry-bullish-bitcoin,0.031596,Neutral
2026-02-05,2026-02-05 16:27:48,"Robinhood Stock Drops As Bitcoin Slides Toward $67,000 - Robinhood Markets  ( NASDAQ:HOOD ) ","Robinhood Markets Inc ( NASDAQ:HOOD ) shares are trading lower as Bitcoin ( CRYPTO: BTC ) slipped toward $67,000, extending a pullback that earlier drove Bitcoin below $70,000 and left many ETF buyers in the red.",Benzinga,https://www.benzinga.com/trading-ideas/movers/26/02/50419820/robinhood-stock-drops-as-bitcoin-slides-toward-67000,0.007276,Neutral
2026-02-05,2026-02-05 16:35:51,"XRP Leads Crypto Losses as Ethereum, Dogecoin Prices Crater Alongside Bitcoin","XRP crashes 15% as crypto markets plunge into ""Extreme Fear"" territory, wiping out over $1.4 billion in value for traders.",Decrypt.co,https://decrypt.co/357044/xrp-leads-crypto-losses-ethereum-dogecoin-crater-bitcoin,-0.081192,Neutral
2026-02-05,2026-02-05 17:03:34,Strategy Stock Hits 52-Week Low As Bitcoin Slips - Strategy  ( NASDAQ:MSTR ) ,"Strategy Inc ( NASDAQ:MSTR ) shares plunged to a new 52-week low on Thursday as Bitcoin ( CRYPTO: BTC ) tumbled below $68,000, triggering widespread selling across cryptocurrency-linked equities.",Benzinga,https://www.benzinga.com/markets/equities/26/02/50421426/strategy-stock-hits-52-week-low-as-bitcoin-slips,-0.098753,Neutral
2026-02-05,2026-02-05 17:44:28,"Here's Why Bitcoin Analysts Say BTC Market Has Entered ""Full Capitulation""","Panic selling by short-term holders, extreme fear, and oversold RSI suggested that BTC could be nearing the final phase of capitulation.",Cointelegraph,https://cointelegraph.com/news/three-signs-bitcoin-price-near-full-capitulation,-0.234904,Somewhat-Bearish
2026-02-05,2026-02-05 18:10:30,Why Wall Street Sold Bitcoin Cheaper Than China - For 21 Straight Days - Grayscale Bitcoin Mini Trust  ( BTC )   ( ARCA:BTC ) ,This wasn't random. Coinbase serves Wall Street institutions. Binance serves global retail. When the premium goes deeply negative for 21 consecutive days ( its worst streak in a year ) it means one thing: America's biggest money was selling into offshore bids.,Benzinga,https://www.benzinga.com/Opinion/26/02/50424124/why-wall-street-sold-bitcoin-cheaper-than-china-for-21-straight-days,-0.053928,Neutral
2026-02-05,2026-02-05 18:14:55,BitMine Stock Continues To Fall: What's Happening? - BitMine Immersion  ( AMEX:BMNR ) ,BitMine Immersion Tech ( NASDAQ:BMNR ) shares are dipping on Thursday as crypto‑related stocks slide alongside a pullback in Bitcoin and Ethereum. BitMine Immersion stock is showing notable weakness. Why are BMNR shares down? Analyst Michael van de Poppe also warned that volatility is ...,Benzinga,https://www.benzinga.com/trading-ideas/movers/26/02/50424307/bitmine-stock-continues-to-fall-whats-happening,-0.009712,Neutral
2026-02-05,2026-02-05 18:15:04,"Software's Freefall Continues, Bitcoin Dips To 16-Month Lows - Estee Lauder Cos  ( NYSE:EL ) ","Software stocks plunged for an eighth straight session on Thursday, putting the sector on track for its longest losing streak since May 2021, as investors grow increasingly concerned that artificial intelligence could undermine demand across the SaaS economy.",Benzinga,https://www.benzinga.com/markets/equities/26/02/50424311/stock-market-news-software-crash-bitcoin-plunges-strategy,-0.231194,Somewhat-Bearish
2026-02-05,2026-02-05 18:17:43,"Bitcoin, Ethereum, XRP Sentiment Turns Extremely Bearish In Crypto Market Crash","Bitcoin ( CRYPTO: BTC ) , Ethereum ( CRYPTO: ETH ) and XRP ( CRYPTO: XRP ) are reeling from double-digit percentage crashes, with crypto sentiment deep in extreme fear.",Benzinga,https://www.benzinga.com/crypto/cryptocurrency/26/02/50424492/bitcoin-ethereum-xrp-sentiment-turns-extremely-bearish-in-crypto-market-crash,-0.044534,Neutral
2026-02-05,2026-02-05 18:27:48,"Bitcoin Crash Could Deepen to $38K, Say Analysts-Here's Why","Bitcoin has already tumbled far from its October high, but history suggests the rout could deepen before momentum shifts, according to Stifel.",Decrypt.co,https://decrypt.co/357089/bitcoin-crash-deepen-38k-analysts-heres-why,-0.150185,Somewhat-Bearish
2026-02-05,2026-02-05 18:37:29,"CleanSpark Drops Ahead Of Earnings As Bitcoin Plunges Below $68,000 - Cleanspark  ( NASDAQ:CLSK ) ","CleanSpark Inc ( NASDAQ:CLSK ) shares tumbled on Thursday, as investors brace for the Bitcoin ( CRYPTO: BTC ) miner's first-quarter fiscal 2026 earnings report scheduled for release after the market close today.",Benzinga,https://www.benzinga.com/markets/equities/26/02/50425302/cleanspark-drops-ahead-of-earnings-as-bitcoin-plunges-below-68000,-0.062558,Neutral
2026-02-05,2026-02-05 18:46:07,"Bitcoin Crashes To $65,000-And Breaks A Historical Trendline In The Process","Bitcoin ( CRYPTO: BTC ) has breaken below the critical 1,000-day exponential moving average for the first time since 2023, as $1.5 billion in net outflows over three days mark one of the most severe selling periods in recent history.",Benzinga,https://www.benzinga.com/crypto/cryptocurrency/26/02/50425705/bitcoin-crashes-to-65000-and-breaks-a-historical-trendline-in-the-process,-0.226046,Somewhat-Bearish
2026-02-05,2026-02-05 19:48:29,"Bitcoin, Ethereum, XRP Plunge 10% In $1.5 Billion Liquidation Tsunami","Bitcoin fell right through the $70,000 mark on Thursday, with over $1.5 billion in liquidations sweeping through the markets. Trader Notes: Trader Altcoin Sherpa said Bitcoin is revisiting its 200-week exponential moving average for the first time since 2023, a level that has historically acted ...",Benzinga,https://www.benzinga.com/crypto/cryptocurrency/26/02/50427852/bitcoin-ethereum-xrp-plunge-10-in-1-5-billion-liquidation-tsunami,-0.096456,Neutral
2026-02-05,2026-02-05 20:15:27,Myriad Moves: How Low Will Bitcoin and Ethereum Go?,"Top markets on Myriad this week include predictions on Bitcoin and Ethereum's next respective stops, plus the outcome of Super Bowl LX.",Decrypt.co,https://decrypt.co/357123/myriad-moves-how-low-bitcoin-ethereum-go,0.024277,Neutral
2026-02-05,2026-02-05 20:21:09,"Dogecoin, Shiba Inu Crater 10% As Historic Eight-Figure Outflows Hit","Dogecoin ( CRYPTO: DOGE ) and Shiba Inu ( CRYPTO: SHIB ) have crashed 11%, with Bitcoin's ( CRYPTO: BTC ) collapse triggering panic selling across meme coins. Spot data shows a massive $29.67 million outflow from Dogecoin on Thursday-one of the largest single-day outflows in months.",Benzinga,https://www.benzinga.com/crypto/cryptocurrency/26/02/50428991/dogecoin-shiba-inu-crater-10-as-historic-eight-figure-outflows-hit,-0.38967,Bearish
2026-02-05,2026-02-05 20:21:14,Bitcoin Crashes Under $64K: Is It Time For A Bounce?,"Bitcoin touched new lows under $64,000 as market selling reached a historic level, and analysts warn that the bottom is not in. Does data support analysts' sub-$60,000 prediction?",Cointelegraph,https://cointelegraph.com/news/bitcoin-slips-under-dollar64k-as-record-high-selling-intensifies-where-is-the-price-bottom,0.03888,Neutral
2026-02-05,2026-02-05 21:10:09,Bitcoin Miners Could Face Crisis After BTC Price Falls 50% From Peak,"The price of Bitcoin crashed below $63,000 on Thursday, not far above the average production cost of publicly traded miners.",Decrypt.co,https://decrypt.co/357071/bitcoin-miners-face-crisis-btc-price-falls-50-percent,-0.059539,Neutral
2026-02-05,2026-02-05 21:35:13,Strategy Stock Stalls On Q4 Earnings Beat As Bitcoin Remains In Freefall - Strategy  ( NASDAQ:MSTR ) ,"Total revenue was up 1.9% year-over-year. Here's a breakdown of revenue by segment. Subscription Services: $51.8 million, up 62.1% year-over-year Product Licenses and Subscription Services: $59.6 million, up 26.3% year-over-year Product Support: $48.5 million, down 16.9% year-over-year",Benzinga,https://www.benzinga.com/markets/earnings/26/02/50433915/strategy-stock-stalls-on-q4-earnings-beat-as-bitcoin-remains-in-freefall,0.058935,Neutral
2026-02-05,2026-02-05 22:00:10,Bitcoin Giant Strategy Records $12.4 Billion Q4 Loss as MSTR Shares Hit 18-Month Low,"Michael Saylor called his firm a ""digital fortress,"" but leading Bitcoin treasury Strategy has taken some serious hits in recent months.",Decrypt.co,https://decrypt.co/357129/bitcoin-giant-strategy-12-4-billion-q4-loss-shares-18-month-low,-0.002412,Neutral
2026-02-05,2026-02-05 22:17:26,Bitcoin's Chance Of Returning To $90K By March Is Slim,"Bitcoin dropped under 63,000 as investors reacted to dismal US economic data, a weakening stock market and fears of an AI industry bubble. Does data forecast a return to $90,000 by March?",Cointelegraph,https://cointelegraph.com/news/will-bitcoin-rebound-to-dollar90k-by-march-here-s-what-btc-options-say,-0.165848,Somewhat-Bearish
2026-02-05,2026-02-05 22:41:35,"Crypto Treasuries Fall Deeply Underwater as Bitcoin, Ethereum and Solana Dive",Prominent publicly traded crypto treasury firms are underwater on their holdings as Bitcoin and Ethereum keep falling.,Decrypt.co,https://decrypt.co/357130/crypto-treasury-underwater-bitcoin-ethereum-solana-dive,-0.052956,Neutral
2026-02-05,2026-02-05 23:36:13,Strategy Reports $12.4B Fourth Quarter Loss As Bitcoin Falls,Strategy executives Phong Le and Andrew Kang say the company is on a strong financial footing despite it now being down 17.5% on its Bitcoin holdings.,Cointelegraph,https://cointelegraph.com/news/strategy-reports-12b-loss-q4-2025,0.122795,Neutral
2026-02-06,2026-02-06 01:52:34,BlackRock's Bitcoin ETF Hits Daily Volume Record of $10B,"Traders were active in BlackRock's iShares Bitcoin Trust ETF on Thursday as Bitcoin plummeted, falling 12% in the last 24 hours.",Cointelegraph,https://cointelegraph.com/news/blackrock-ibit-daily-volume-record-10-billion-bitcoin-crash,-0.140439,Neutral
2026-02-06,2026-02-06 02:28:24,Does Bitcoin's Retreat Signal a New Bear Market for Crypto?,A single-day 14% drop and a drawdown of more than 50% have pushed Bitcoin into territory typically associated with bear markets.,Decrypt.co,https://decrypt.co/357151/bitcoins-retreat-signal-new-bear-market-crypto,-0.214689,Somewhat-Bearish
2026-02-06,2026-02-06 03:01:59,Bitcoin Crashes to $60K as Sentiment Hits 2022 Lows,"Bitcoin plummeted to a low of around $60,000 after the Crypto Fear & Greed Index hit its lowest score since mid-2022, when the Terra blockchain collapsed.",Cointelegraph,https://cointelegraph.com/news/crypto-sentiment-at-lowest-point-since-luna-crash-as-btc-tanks-to-60k,-0.419393,Bearish
2026-02-06,2026-02-06 03:09:09,Bitcoin Miners IREN and CleanSpark Slide After Earnings Misses Deepen Sector Pressure,Shares fell after both companies reported quarterly revenue below Wall Street expectations as Bitcoin dropped sharply.,Decrypt.co,https://decrypt.co/357154/bitcoin-miners-iren-cleanspark-slide-earnings-misses-expectations,-0.046196,Neutral
2026-02-06,2026-02-06 04:45:26,Bitcoin Mining Stocks Plunge As Earnings Fall Short,Crypto mining stocks have declined across the board the value of the entire crypto market fell almost 9% on Thursday.,Cointelegraph,https://cointelegraph.com/news/bitcoin-miners-iren-cleanspark-financial-earnings-short,-0.094861,Neutral
2026-02-06,2026-02-06 05:45:00,Better 52-Week-Low Buy: Bitcoin or the iShares Bitcoin Trust ETF?,"As the cryptocurrency sell-off intensifies, make sure you're making the right choice between buying Bitcoin directly or a Bitcoin exchange-traded fund (ETF).",Motley Fool,https://www.fool.com/investing/2026/02/06/buy-bitcoin-etf-52-week-low-crypto-dip/,0.082719,Neutral
2026-02-06,2026-02-06 05:58:41,Large Bitcoin Holders Supply Hits 9-Month Low,"Santiment says the pattern of large holders selling while retail scoops up Bitcoin is ""what historically creates bear cycles."" ...",Cointelegraph,https://cointelegraph.com/news/bitcoin-price-plunge-large-holders-supply-drops-santiment,-0.109414,Neutral
2026-02-06,2026-02-06 06:32:54,"DMG Blockchain Solutions Announces Receipt of $1.5 Million Energy Efficiency Incentive, January Preliminary Operational Results - DMG Blockchain Solutions  ( OTC:DMGGF ) ",Bitcoin mined: 23 BTC ( vs 23 BTC in December 2025 ) Hashrate: 1.69 EH/s ( vs 1.77 EH/s in December 2025 ) Bitcoin balance: 414 BTC ( vs 403 BTC in December 2025 ),Benzinga,https://www.benzinga.com/pressreleases/26/02/g50437908/dmg-blockchain-solutions-announces-receipt-of-1-5-million-energy-efficiency-incentive-january-prel,0.035749,Neutral
2026-02-06,2026-02-06 07:48:07,How Low Can Bitcoin Fall This Month? Prediction Markets See BTC Touching A Level Which Michael Burry Says Will Make Miners 'Bankrupt',"Over the past month, Bitcoin ( CRYPTO: BTC ) , the world's largest cryptocurrency, has seen a notable slide in price and market sentiment, declining nearly 30%, reversing much of its gains from late 2025.",Benzinga,https://www.benzinga.com/markets/prediction-markets/26/02/50438397/how-low-can-bitcoin-fall-this-month-prediction-markets-see-btc-touching-a-level-which-,-0.12978,Neutral
2026-02-06,2026-02-06 08:32:55,Short-Seller Andrew Left Blasts Michael Saylor's 'Bitcoin Reactor' As Q4 Losses Mount: 'More Jargon...More Nonsense' - Strategy  ( NASDAQ:MSTR ) ,"The dispute centers on Executive Chairman Michael Saylor's recent descriptions of his firm as a ""Bitcoin treasury company"" powered by a ""Bitcoin reactor."" Left fired back via social media, mocking the terminology used to justify the company's massive debt-fueled acquisition strategy.",Benzinga,https://www.benzinga.com/crypto/cryptocurrency/26/02/50438663/short-seller-andrew-left-blasts-michael-saylors-bitcoin-reactor-as-q4-losses-mount-more-jar,-0.258245,Somewhat-Bearish
2026-02-06,2026-02-06 08:45:49,Metaplanet Doubles Down on Bitcoin as Stock Slumps,Metaplanet CEO Simon Gerovich is sticking with the company's Bitcoin accumulation plan despite a brutal drawdown in both its stock and the wider crypto market.,Cointelegraph,https://cointelegraph.com/news/metaplanet-vows-to-keep-buying-bitcoin,-0.067462,Neutral
2026-02-06,2026-02-06 09:00:00,"Down Almost 50% From Its All-Time High, Is Bitcoin Still a Buy?","When buying Bitcoin, it's important to keep a long-term outlook.",Motley Fool,https://www.fool.com/investing/2026/02/06/down-50-from-its-all-time-high-is-bitcoin-still-a/,0.103899,Neutral
2026-02-06,2026-02-06 09:12:36,Bitcoin ETFs Record $434M Outflows Amid BTC Slide Below $70K,"Net weekly outflows from Bitcoin ETFs reached $690 million as BTC briefly touched $60,000, reigniting analyst criticism over ""paper Bitcoin"" and scarcity.",Cointelegraph,https://cointelegraph.com/news/bitcoin-etf-434-million-outflows-price-touches-60k,-0.066645,Neutral
2026-02-06,2026-02-06 10:20:22,"Bitcoin May Need Two Years to Flip $93,500 Back to Support","Bitcoin fell by more than $10,000 in a single day for the first time, with BTC price bear market analysis warning that a rebound could take several years.",Cointelegraph,https://cointelegraph.com/news/bitcoin-record-10k-drop-model-93-5k-only-return-2028,-0.195262,Somewhat-Bearish
2026-02-06,2026-02-06 10:40:00,Which Cryptocurrency Has More Upside Through 2030: Bitcoin vs. Cardano,"One of them is widely desired, and the other is looking for a place to excel.",Motley Fool,https://www.fool.com/investing/2026/02/06/which-cryptocurrency-has-more-upside-through-2030/,0.197449,Somewhat-Bullish
2026-02-06,2026-02-06 11:00:00,Coinbase Just Confirmed That This Big Risk to Bitcoin Is Real. Here's What to Do About It,Bitcoin now faces what may well be the biggest challenge in its history.,Motley Fool,https://www.fool.com/investing/2026/02/06/coinbase-just-confirmed-that-this-big-risk-to-bitc/,0.044392,Neutral
2026-02-06,2026-02-06 12:00:00,Bitcoin Everlight Presale Progresses as Market Participants Revisit Bitcoin's Early Network Phase,"SAN FRANCISCO, Feb. 06, 2026 ( GLOBE NEWSWIRE ) -- Bitcoin Everlight confirmed that its multi-stage public presale remains active, with Phase 2 priced at $0.0010 approaching completion.",Benzinga,https://www.benzinga.com/pressreleases/26/02/g50441049/bitcoin-everlight-presale-progresses-as-market-participants-revisit-bitcoins-early-network-phase,0.17934,Somewhat-Bullish
2026-02-06,2026-02-06 12:18:17,"Bitcoin Slides To $65,000 As Liquidations Hit $2 Billion; Ethereum, Dogecoin Sink, XRP Holds Steady - Grayscale Bitcoin Mini Trust  ( BTC )   ( ARCA:BTC ) , Grayscale Ethereum Staking Mini ETF Shares  ( ARCA:ETH ) , Bitwise XRP ETF  ( ARCA:XRP ) ","Bitcoin slid roughly 8% in a day to $65,000, pushing the crypto sentiment index to Extreme Fear ( 5 ) ; liquidations stand at $2.60 billion over the past 24 hours. Bitcoin ETFs saw $434.2 million in net outflows on Thursday, while Ethereum ETFs reported $80.8 million in net outflows.",Benzinga,https://www.benzinga.com/crypto/cryptocurrency/26/02/50441753/bitcoin-slides-65000-liquidations-hit-2b-ethereum-dogecoin-xrp,0.033586,Neutral
2026-02-06,2026-02-06 12:39:44,Crypto-Related Stocks Surge Following Thursday's Bloodbath - Coinbase Global  ( NASDAQ:COIN ) ,"Cryptocurrency-exposed stocks mounted a recovery in Friday's premarket session after suffering double-digit losses Thursday, as Bitcoin ( CRYPTO: BTC ) rebounded 7.86% to trade at $65,760.87. MARA Holdings Inc ( NASDAQ:MARA ) surged 7.88% to $7.26 in premarket trading after plummeting 18.72% ...",Benzinga,https://www.benzinga.com/crypto/cryptocurrency/26/02/50442175/crypto-related-stocks-surge-following-thursdays-bloodbath,-0.03693,Neutral
2026-02-06,2026-02-06 13:06:04,Bitcoin Traders Say $58K is Key as Dip-Buyers Help BTC Rebound 11%,"Over $2.6 billion was wiped out across the crypto market as institutions saw sub-$60,000 BTC as a buy-the-dip opportunity.",Cointelegraph,https://cointelegraph.com/news/bitcoin-price-rebounds-65k-who-is-buying-the-dip,0.052503,Neutral
2026-02-06,2026-02-06 13:25:12,"Morning Minute: Bitcoin Erases Trump Pump, Falls to $60k","Thursday marked one of the worst days in crypto history, with majors plunging 15-20% before modest relief.",Decrypt.co,https://decrypt.co/357171/morning-minute-bitcoin-erases-trump-pump-falls-to-60k,-0.056021,Neutral
2026-02-06,2026-02-06 13:59:47,Bitcoin Core Maintainer Gloria Zhao Quits After Six Years,Bitcoin Core maintainer Gloria Zhao has stepped down and revoked her PGP signing key after six years as one of the project's most influential mempool and policy engineers.,Cointelegraph,https://cointelegraph.com/news/bitcoin-core-dev-gloria-zhao-quits,-0.12853,Neutral
2026-02-06,2026-02-06 14:15:00,"TIAN RUIXIANG Ignites a Digital Financial Revolution: 15,000 BTC Powerhouse Alliance Surges Toward Historic Government-backed Stablecoin Issuance Dominance in Key Southeast Asia Countries","Beijing, Feb. 06, 2026 ( GLOBE NEWSWIRE ) -- In a seismic move set to redefine the global digital asset landscape and crown a new era of AI-driven crypto supremacy, TIAN RUIXIANG Holdings Ltd. ( NASDAQ: TIRX, the ""Company"" ) - today dropped a bombshell update: its epoch-making partnership with a ...",GlobeNewswire,https://www.globenewswire.com/news-release/2026/02/06/3233862/0/en/TIAN-RUIXIANG-Ignites-a-Digital-Financial-Revolution-15-000-BTC-Powerhouse-Alliance-Surges-Toward-Historic-Government-backed-Stablecoin-Issuance-Dominance-in-Key-Southeast-Asia-Cou.html,0.263645,Somewhat-Bullish
2026-02-06,2026-02-06 14:21:57,"'I'll Buy 100% Guaranteed,' Says Trader - If Bitcoin Reaches $40,000 Or Major Political Shock Unfolds - Grayscale Bitcoin Mini Trust  ( BTC )   ( ARCA:BTC ) ","Bitcoin ( CRYPTO: BTC ) broke below key support levels this week, prompting traders to reassess when, or if, the market might offer an attractive long-term entry. In a recent post on X, trader DonAlt said he would go ""100% guaranteed"" into Bitcoin only if one of several major events occurs.",Benzinga,https://www.benzinga.com/crypto/cryptocurrency/26/02/50444819/bitcoin-outlook-trader-buy-40000-political-shock,0.075016,Neutral
2026-02-06,2026-02-06 14:27:00,Crypto in Spotlight: Navigating Bitcoin Slump With Alternative ETFs,"BTC's slide to 16-month lows has erased over $1T from crypto markets, shifting investor attention toward alternative crypto ETFs tied to SOL and XRP.",Zacks Commentary,https://www.zacks.com/stock/news/2836247/crypto-in-spotlight-navigating-bitcoin-slump-with-alternative-etfs,0.087015,Neutral
2026-02-06,2026-02-06 15:12:28,Bitcoin Could Bounce From 50% Crash - Here's What Record Layoffs Just Changed,"Bitcoin ( CRYPTO: BTC ) surged 6% as U.S. planned layoffs more than tripled in January to their highest level since 2009, raising hopes the Federal Reserve will cut rates to support the economy and put a floor under risk assets down nearly 50% from highs.",Benzinga,https://www.benzinga.com/crypto/cryptocurrency/26/02/50447925/bitcoin-could-bounce-from-50-crash-heres-what-record-layoffs-just-changed,-0.049244,Neutral
2026-02-06,2026-02-06 15:14:46,Hut 8 Mining Stock Jumps As Bitcoin Rebounds - Hut 8  ( NASDAQ:HUT ) ,"Hut 8 Mining Corp ( NASDAQ:HUT ) is experiencing a notable rise on Friday, driven by a recovery in cryptocurrency markets. This uptick comes after a challenging period where cryptocurrency-exposed stocks faced significant losses.",Benzinga,https://www.benzinga.com/trading-ideas/movers/26/02/50448046/hut-8-mining-stock-jumps-as-bitcoin-rebounds,0.136883,Neutral
2026-02-06,2026-02-06 15:51:26,"Robinhood Stock Surges As Bitcoin Rebounds Above $68,000 - Robinhood Markets  ( NASDAQ:HOOD ) ","Robinhood Markets Inc ( NASDAQ:HOOD ) shares are surging Friday morning, driven by volatility in the broader crypto market. The surge follows a dip near the $60,000-level for Bitcoin ( CRYPTO: BTC ) late Thursday, before rebounding to the $68,000-level Friday.",Benzinga,https://www.benzinga.com/trading-ideas/movers/26/02/50450157/robinhood-stock-surges-as-bitcoin-rebounds-above-68000,0.140492,Neutral
2026-02-06,2026-02-06 15:52:48,Bitcoin Just Saw One of Its Fastest Crashes in History,"Bitcoin bear market momentum sparked a record crash below the 200-day simple moving average as analysis expected BTC price ""mean reversion"" next.",Cointelegraph,https://cointelegraph.com/news/bitcoin-beats-ftx-covid-19-crash-record-dive-below-200-day-trend-line,-0.076022,Neutral
2026-02-06,2026-02-06 16:08:19,"Bitcoin's 'Infinite' Paper Supply - Not Wall Street - Is The Real Problem, Says Analyst - Grayscale Bitcoin Mini Trust  ( BTC )   ( ARCA:BTC ) ","As Bitcoin ( CRYPTO: BTC ) slid back from recent highs, some market voices blamed outdated narratives such as four-year cycles or technical anomalies. Others argue the issue runs much deeper. Veteran technical analyst Bob Kendall said Bitcoin is no longer priced by on-chain scarcity or the ...",Benzinga,https://www.benzinga.com/crypto/cryptocurrency/26/02/50451341/bitcoin-infinite-paper-supply-not-wall-street-is-the-real-problem-says-analyst,0.115089,Neutral
2026-02-06,2026-02-06 16:12:55,"Bitcoin May Now Be More Attractive Than Gold Long-Term, Says JPMorgan Strategist","According to strategists at JPMorgan Chase, Bitcoin has actually traded with less volatility than gold.",Motley Fool,https://www.fool.com/investing/2026/02/06/bitcoin-may-now-be-more-attractive-than-gold-long/,0.063914,Neutral
2026-02-06,2026-02-06 16:20:00,Crypto Market Sell-Off: 1 High-Conviction Cryptocurrency to Buy and 1 to Avoid,"Bitcoin is still worth buying, but Shiba Inu isn't.",Motley Fool,https://www.fool.com/investing/2026/02/06/crypto-market-sell-off-1-high-conviction-cryptocur/,0.004924,Neutral
2026-02-06,2026-02-06 16:21:11,Cathie Wood's Ark Invest Dumps Coinbase Shares Amid Bitcoin Crash,"Noted tech investor Cathie Wood's Ark Invest dumped shares in Coinbase on Thursday amid Bitcoin's slide to nearly $60,000.",Decrypt.co,https://decrypt.co/357184/cathie-woods-ark-invest-dumps-coinbase-shares-bitcoin-crash,0.079922,Neutral
2026-02-06,2026-02-06 17:02:31,Galaxy Authorizes $200M Share Buyback Amid Crypto Market Downturn,The 12-month buyback authorization comes as Galaxy's shares and other crypto-linked stocks have declined alongside Bitcoin.,Cointelegraph,https://cointelegraph.com/news/galaxy-approves-buyback-class-a-shares,-0.045111,Neutral
2026-02-06,2026-02-06 17:03:20,Bitcoin gets slashed in half. What's behind the crypto's existential crisis,"Bitcoin nearly grazed $60,000 on Thursday as investors shied away from the asset due to growing concerns over its utility.",CNBC,https://www.cnbc.com/2026/02/06/bitcoin-gets-slashed-in-half-whats-behind-the-cryptos-existential-crisis.html,-0.091323,Neutral
2026-02-06,2026-02-06 17:08:07,"Bitcoin rebounds back above $70,000 after nearly breaking below $60,000 a day ago","Some market analysts have suggested bitcoin could fall further, potentially hitting between $40,000 to $50,000.",CNBC,https://www.cnbc.com/2026/02/06/bitcoin-price-today-60000-in-focus.html,-0.050513,Neutral
2026-02-06,2026-02-06 17:09:23,"'Bitcoin is Offensive, Gold is Defensive': Bitwise","Bitwise's Head of Europe argues that gold offers a cushion when markets fall, while Bitcoin boosts portfolios during rebounds.",Decrypt.co,https://decrypt.co/357225/bitcoin-is-offensive-gold-is-defensive-bitwise,0.089195,Neutral
2026-02-06,2026-02-06 17:30:15,'No Reasonable Scenario' Forces Strategy To Sell Bitcoin As $440 Target Stands: TD Cowen - Strategy  ( NASDAQ:MSTR ) ,"Strategy Inc ( NASDAQ:MSTR ) shares surged 22% Friday as TD Cowen maintained its $440 price target, arguing there is ""no reasonable scenario"" forcing the company to sell Bitcoin ( CRYPTO: BTC ) despite trading underwater on its holdings.",Benzinga,https://www.benzinga.com/crypto/cryptocurrency/26/02/50455191/strategy-bitcoin-mstr-stock-price-target,-0.137574,Neutral
2026-02-06,2026-02-06 17:46:18,South Korean Crypto Exchange Accidentally Gave Away $95 Billion in Bitcoin,"The error was quickly corrected, but not before Bithumb users sold off billions in Bitcoin, temporarily crashing its listed price.",Decrypt.co,https://decrypt.co/357257/south-korean-crypto-exchange-accidentally-gave-away-95-billion-bitcoin,0.067823,Neutral
2026-02-06,2026-02-06 17:56:19,Samson Mow Breaks Down Bitcoin Market Crash,"In a video interview, Samson Mow shares his views on Bitcoin's latest bloodbath, quantum fears and the catalysts that could drive Bitcoin's next recovery.",Cointelegraph,https://cointelegraph.com/news/what-really-weighing-on-bitcoin-samson-mow,0.019969,Neutral
2026-02-06,2026-02-06 18:11:00,"Strategy Q4 Earnings Miss Estimates, Revenues Increase Y/Y","MSTR's Q4 loss widens on bitcoin fair-value hits, missing estimates, even as revenues rise 1.9% and subscriptions jump.",Zacks Commentary,https://www.zacks.com/stock/news/2837706/strategy-q4-earnings-miss-estimates-revenues-increase-yy,-0.009659,Neutral
2026-02-06,2026-02-06 18:17:36,Why Strategy Stock Collapsed And Then Rebounded This Week,The Bitcoin treasury company is trading with heavy volatility alongside the cryptocurrency.,Motley Fool,https://www.fool.com/investing/2026/02/06/why-strategy-stock-collapsed-and-then-rebounded-th/,0.088963,Neutral
2026-02-06,2026-02-06 18:18:00,"CleanSpark Q1 Loss Wider Than Expected, Revenues Increase Y/Y","CLSK's Q1 FY26 loss is wider than expected despite double-digit revenue growth, as the company accelerates its shift beyond bitcoin mining.",Zacks Commentary,https://www.zacks.com/stock/news/2837711/cleanspark-q1-loss-wider-than-expected-revenues-increase-yy,0.067213,Neutral
2026-02-06,2026-02-06 18:26:35,Fort Worth Real Estate Firm Searspace Combines Property Growth With Bitcoin On Its Balance Sheet,Fort Worth-based real estate firm Searspace Financial is expanding its real estate operations across North Texas while adding Bitcoin to its corporate balance sheet - reflecting a modern approach to capital management alongside its core fix-and-flip investment strategy.,Benzinga,https://www.benzinga.com/partner/opinion/26/02/50457769/fort-worth-real-estate-firm-searspace-combines-property-growth-with-bitcoin-on-its-balance-sheet,0.344158,Somewhat-Bullish
2026-02-06,2026-02-06 18:32:30,"Strategy, BitMine, Coinbase Shares Chart Major Rebound as Bitcoin Stabilizes","Strategy (MSTR), BitMine (BMNR), and Coinbase (COIN) helped lead the crypto stock rebound as Bitcoin bounced back from a dip near $60K.",Decrypt.co,https://decrypt.co/357183/strategy-bitmine-coinbase-major-rebound-bitcoin-stabilizes,0.139288,Neutral
2026-02-06,2026-02-06 18:47:21,"Bitcoin, Altcoins Rally: Is It A Dead Cat Bounce?","Bitcoin and altcoins saw strong double-digit price rebounds after this week's brutal sell-off, but do technical charts forecast a longer-term recovery, or is today's rally just a dead cat bounce?",Cointelegraph,https://cointelegraph.com/news/price-predictions-2-6-btc-eth-bnb-xrp-sol-doge-ada-bch-hype-xmr,-0.055984,Neutral
2026-02-06,2026-02-06 19:00:00,"Bitcoin Dips to $60k, TRM Labs Reaches Crypto Unicorn Status","Bitcoin dipped toward $60,000 after liquidations across crypto derivatives markets reached $2.56 billion, the 10th-largest daily total on record.",Cointelegraph,https://cointelegraph.com/news/bitcoin-dips-to-60k-trm-labs-becomes-crypto-unicorn-finance-redefined,0.071683,Neutral
2026-02-06,2026-02-06 19:19:12,"Coinbase's Crypto-Backed Loans Notch Record Liquidations Amid Bitcoin, Ethereum Plunge",Coinbase customers faced losses in fresh ways through the exchange's crypto-backed lending product as Bitcoin and Ethereum tumbled this week.,Decrypt.co,https://decrypt.co/357265/coinbases-loans-record-liquidations-bitcoin-ethereum-plunge,-0.048081,Neutral
2026-02-06,2026-02-06 19:31:28,"Shiba Inu Rallies After Bitcoin Reclaims $70,000",Here's what traders and investors need to know. $SHIB stock is surging today. What's next for $SHIB? Bitcoin's Friday recovery matters for Shiba Inu because it anchors market confidence.,Benzinga,https://www.benzinga.com/trading-ideas/movers/26/02/50460039/shiba-inu-rallies-after-bitcoin-reclaims-70000,0.178622,Somewhat-Bullish
2026-02-06,2026-02-06 19:36:04,Litecoin Gains As Bitcoin Recovery Lifts Altcoins,"Litecoin ( CRYPTO: LTC ) is higher Friday as Bitcoin climbs off the $60,000 area it tested late Thursday, rising roughly 8% to push back toward $70,000 after a sharp sell-off. Bitcoin's turnaround is helping steady sentiment across crypto and lifting riskier altcoins, including Litecoin.",Benzinga,https://www.benzinga.com/trading-ideas/movers/26/02/50460205/litecoin-gains-as-bitcoin-recovery-lifts-altcoins,0.144422,Neutral
2026-02-06,2026-02-06 19:38:58,Why Strategy Stock Bounced Back Today,Strategy stock and Bitcoin are joined at the hip. Here's why Friday's bounce was no surprise on a good day for Bitcoin investors.,Motley Fool,https://www.fool.com/investing/2026/02/06/why-strategy-stock-bounced-back-today/,0.108143,Neutral
2026-02-06,2026-02-06 19:40:12,"Bitwise CIO Matt Hougan Says 2022-Style 77% Crypto Crash Is Unlikely, But More Downside Possible - Grayscale Bitcoin Mini Trust  ( BTC )   ( ARCA:BTC ) ","Bitcoin ( CRYPTO: BTC ) has fallen about 15% over the past week and more than 20% over the past month, prompting questions about what's driving the decline and how much further prices could fall.",Benzinga,https://www.benzinga.com/crypto/cryptocurrency/26/02/50460338/bitwise-cio-matt-hougan-says-2022-style-crypto-crash-unlikely,-0.034706,Neutral
2026-02-06,2026-02-06 19:52:37,"Bitfarms Stock Pumps as It Dumps Bitcoin Mining for AI With Name Change, Move to US",Publicly traded Bitcoin miner Bitfarms is planning a move to the United States and a name change as it transitions from crypto to AI compute.,Decrypt.co,https://decrypt.co/357222/bitfarms-stock-pumps-dumps-bitcoin-mining-business,0.098741,Neutral
2026-02-06,2026-02-06 20:02:03,Bithumb Corrects Payout Error After Abnormal Bitcoin Trades,"The South Korean exchange said an internal error during a promotional event led to brief price dislocations, stressing that no customer assets were lost.",Cointelegraph,https://cointelegraph.com/news/bithumb-confirms-reward-payout-error-after-abnormal-bitcoin-trades,-0.137231,Neutral
2026-02-06,2026-02-06 20:05:00,"Bitcoin Price Falls Below $70,000: 1 Smart Move Long-Term Investors Can Make Today",The world's top cryptocurrency is stuck in the penalty box.,Motley Fool,https://www.fool.com/investing/2026/02/06/bitcoin-price-falls-below-70000-1-smart-move-long/,0.034426,Neutral
2026-02-06,2026-02-06 20:55:23,"Bitcoin Reclaims $70K As XRP Rallies 20%, Ethereum, Dogecoin Gain Over 10% Heading Into The Weekend - Grayscale Bitcoin Mini Trust  ( BTC )   ( ARCA:BTC ) ","Bitcoin rose about 12% in a single day to reclaim the $70,000 level, even as market sentiment remained in Extreme Fear territory and roughly $2 billion in leveraged positions were liquidated. Coinglass data shows 418,215 traders were liquidated in the past 24 hours for $1.93 billion.",Benzinga,https://www.benzinga.com/crypto/cryptocurrency/26/02/50462774/bitcoin-70k-xrp-ethereum-dogecoin-gain,0.026294,Neutral
2026-02-06,2026-02-06 21:27:05,"Bitcoin Reclaims $71K, But How Long Will It Hold?","Bitcoin price soared back above $71,000 but BTC options data shows pro traders are still extremely cautious about the sustainability of the rebound rally. Is the sell-off really over?",Cointelegraph,https://cointelegraph.com/news/bitcoin-rallies-to-71-5k-after-historic-sell-off-but-derivatives-metrics-remain-soft,-0.184082,Somewhat-Bearish
2026-02-06,2026-02-06 22:07:34,Why Is XRP Up 24.1% on Friday?,XRP is soaring 24.1% today as Bitcoin stages a dramatic comeback.,Motley Fool,https://www.fool.com/investing/2026/02/06/why-is-xrp-up-198-already-on-friday/,-0.117424,Neutral
2026-02-06,2026-02-06 22:56:55,"Stock Market Today, Feb. 6: Iren Rises on Microsoft Cloud Expansion and AI Data Center Pivot","Iren's pivot from Bitcoin mining to Microsoft-backed AI infrastructure is redefining its long-term narrative, today, Feb. 6, 2026.",Motley Fool,https://www.fool.com/coverage/stock-market-today/2026/02/06/stock-market-today-feb-6-iren-rises-on-microsoft-cloud-expansion-and-ai-data-center-pivot/,-0.09715,Neutral
2026-02-07,2026-02-07 03:11:15,Macro 'Accomodative Policies' May Not Be The Next Big Catalyst For Bitcoin,"Bitcoin reaching a point where its price keeps rising even as the US Federal Reserve hikes interest rates would be ""the endgame,"" according to crypto executive Jeff Park.",Cointelegraph,https://cointelegraph.com/news/bitcoin-bull-market-catalyst-us-federal-reserve-interest-rates-fall,0.268709,Somewhat-Bullish
2026-02-07,2026-02-07 05:15:00,"Prediction: Bitcoin Will Be Worth $850,000 in 10 Years","Hitting this mark implies lower returns going forward, which is a reasonable expectation.",Motley Fool,https://www.fool.com/investing/2026/02/07/prediction-bitcoin-will-be-worth-850000-in-10-year/,0.154894,Somewhat-Bullish
2026-02-07,2026-02-07 05:30:54,Google Search Volume For 'Bitcoin' Surges Amid $60K Plunge,"The surge in Google search activity for ""Bitcoin"" led Bitwise's head of Europe, André Dragosch, to claim that ""retail is coming back."" ...",Cointelegraph,https://cointelegraph.com/news/bitcoin-google-search-volume-surges-btc-price-volatility,0.03823,Neutral
2026-02-07,2026-02-07 07:48:04,BlackRock Bitcoin ETF Posts $231.6M Inflows After Turbulent Week For BTC,"BlackRock's Bitcoin ETF posted inflows on Friday following a turbulent week for Bitcoin, marking only its 11th day of net inflows in 2026.",Cointelegraph,https://cointelegraph.com/news/blackrock-bitcoin-etf-ibit-flows-trading-price-btc-volatile,-0.108908,Neutral
2026-02-07,2026-02-07 09:55:00,"If the Market Ever Crashes, Should You Buy Bitcoin or XRP?",Thinking ahead is the easiest way to set yourself up for success later.,Motley Fool,https://www.fool.com/investing/2026/02/07/if-the-market-ever-crashes-should-you-buy-bitcoin/,0.01708,Neutral
2026-02-07,2026-02-07 10:58:00,Bitcoin Is Crashing Again: Is It Finally Time to Buy This Top Cryptocurrency?,"Bitcoin has wiped out all of last year's gains, losing over 30% in three months.",Motley Fool,https://www.fool.com/investing/2026/02/07/bitcoin-is-crashing-again-is-it-finally-time-to-bu/,0.099774,Neutral
2026-02-07,2026-02-07 12:13:04,Bitcoin Caught Between CME Gaps and New Macro Lows: Analysis,"Bitcoin market participants diverged on the short-term BTC price outlook, with warnings of new macro lows contrasting with $84,000 targets.",Cointelegraph,https://cointelegraph.com/news/bitcoin-fill-84k-futures-gap-very-soon-btc-rejects-above-2021-top,0.043871,Neutral
2026-02-07,2026-02-07 13:15:00,Is Cipher Mining an Underrated Crypto Play?,"Cipher Mining's Bitcoin revenue is surging, but the big story is its AI data centers.",Motley Fool,https://www.fool.com/investing/2026/02/07/is-cipher-mining-inc-an-underrated-crypto-play/,0.294348,Somewhat-Bullish
2026-02-07,2026-02-07 14:44:23,What Crashed Bitcoin? 3 Theories Behind BTC's 40% Price Dip in a Month,Hong Kong hedge funds' leveraged BTC price bets are emerging as the main trigger behind Bitcoin's sharp month-long sell-off.,Cointelegraph,https://cointelegraph.com/news/what-crashed-bitcoin-three-theories-btc-trip-below-60k,-0.133891,Neutral
2026-02-07,2026-02-07 18:01:11,Student's Forgotten 'Fun' Bitcoin Bet From 2009 Delivered A Windfall And A Home In A Posh Neighborhood,"What if your $24 bet exploded into $850,000 in only four years? Well, that's exactly what early Bitcoin ( CRYPTO: BTC ) adopter Kristoffer Koch pulled off. The year is 2009. Koch, a Norwegian student, was writing his master's thesis on encryption when he stumbled upon Bitcoin, an unknown ...",Benzinga,https://www.benzinga.com/crypto/cryptocurrency/26/02/50467832/students-forgotten-fun-bitcoin-bet-from-2009-delivered-a-windfall-and-a-home-in-a-posh-neig,0.098923,Neutral
2026-02-07,2026-02-07 18:47:35,Crypto Firm Accidentally Sends $44 Billion in Bitcoin to Users,"On Saturday, South Korean cryptocurrency exchange Bithumb faced a significant blunder, accidentally distributing over $40 billion worth of Bitcoins ( CRYPTO: BTC ) to customers during a promotional event.",Benzinga,https://www.benzinga.com/crypto/cryptocurrency/26/02/50467884/crypto-firm-accidentally-sends-44-billion-in-bitcoin-to-users,0.194073,Somewhat-Bullish
2026-02-07,2026-02-07 18:57:04,Bitcoin Mining Difficulty Drops by 11% Amid Steep Market Downturn,The Bitcoin network's mining difficulty dropped by as much as 27% within a single adjustment period during China's 2021 crypto mining ban.,Cointelegraph,https://cointelegraph.com/news/bitcoin-difficulty-drops-11-worst-2021-china-ban,-0.325249,Somewhat-Bearish
2026-02-07,2026-02-07 19:05:00,Can Bitcoin Benefit From Artificial Intelligence?,"It's possible, but it won't happen tomorrow.",Motley Fool,https://www.fool.com/investing/2026/02/07/can-bitcoin-benefit-from-artificial-intelligence/,0.20938,Somewhat-Bullish
2026-02-07,2026-02-07 20:38:14,The Most Surprising Bitcoin and Crypto Stories in the Epstein Files,The Justice Department's release of millions of files related to Jeffrey Epstein has unearthed some wild Bitcoin and crypto stories.,Decrypt.co,https://decrypt.co/357296/most-surprising-bitcoin-crypto-stories-epstein-files,0.05471,Neutral
2026-02-08,2026-02-08 02:50:07,FBTC vs. NCIQ: The Big Bitcoin ETFs That Share Many Similarities,"Some investors don't want to purchase cryptocurrencies directly, so these two ETFs provide indirect exposure to the digital tokens.",Motley Fool,https://www.fool.com/coverage/etfs/2026/02/07/fbtc-vs-nciq-the-big-bitcoin-etfs-that-share-many-similarities/,0.062159,Neutral
2026-02-08,2026-02-08 05:30:00,3 Reasons Investors Need to Invest in Bitcoin,There are quite a few reasons this asset is worth owning.,Motley Fool,https://www.fool.com/investing/2026/02/08/3-reasons-investors-need-to-invest-in-bitcoin/,0.002439,Neutral
2026-02-08,2026-02-08 07:46:04,"Bithumb Recovers Overpaid Bitcoin, Covers 1,788 BTC Shortfall","Bithumb says it has reclaimed most of the excess BTC credited during a promotional error and used company funds to cover 1,788 Bitcoin that had already been sold.",Cointelegraph,https://cointelegraph.com/news/bithumb-claws-back-99-7-of-overpaid-bitcoin-covers-remaining-shortfall,-0.08208,Neutral
2026-02-08,2026-02-08 08:48:21,Bitcoin Is Offering 'New Crack Of The Apple' To Institutions: Bitwise CEO,"Bitcoin is in a bear market and is ""getting swept up"" with the rest of the macro assets, Bitwise CEO Hunter Horsley declared during a television interview.",Cointelegraph,https://cointelegraph.com/news/bitcoin-price-institutional-interest-ramping-up-bitwise-ceo,-0.095555,Neutral
2026-02-08,2026-02-08 13:01:17,"Weekend Crypto Round-Up: Trump's Crypto Stance, Bitcoin's Rollercoaster Ride And Ethereum's Fall","This week in the crypto world was nothing short of eventful. From Peter Schiff's critique of Donald Trump's crypto stance to the dramatic fluctuations in Bitcoin and Ethereum prices, the market was a rollercoaster ride. Here's a quick recap of the top stories that made headlines.",Benzinga,https://www.benzinga.com/crypto/cryptocurrency/26/02/50469737/weekend-crypto-round-up-trumps-crypto-stance-bitcoins-rollercoaster-ride-and-ethereums-fall,-0.122086,Neutral
2026-02-08,2026-02-08 13:40:03,FBTC vs. GDLC: One of these Crypto ETFs Offers Cheaper Bitcoin Access,"Fee structure, asset mix, and liquidity set these crypto ETFs apart-see how each approach shapes investor experience and risk.",Motley Fool,https://www.fool.com/coverage/etfs/2026/02/08/fbtc-vs-gdlc-one-of-these-crypto-etfs-offers-cheaper-bitcoin-access/,0.221386,Somewhat-Bullish
2026-02-08,2026-02-08 14:51:00,"Bitcoin Bear Market Comparison Sparks New $50,000 BTC Price Prediction","Bitcoin price analysis stayed bearish on the outlook for BTC, predicting new macro lows in a repeat of the 2022 bear market.",Cointelegraph,https://cointelegraph.com/news/bitcoin-bear-market-not-over-trader-btc-price-real-bottom-50k,-0.284199,Somewhat-Bearish
2026-02-08,2026-02-08 15:15:00,"Gold Soars While Bitcoin Slips Below $90,000. Should Fans of the Leading Crypto Be Worried?","Gold is seen as a store of wealth, but what does Bitcoin offer?",Motley Fool,https://www.fool.com/investing/2026/02/08/gold-soars-while-bitcoin-slips-below-90000-should/,0.302566,Somewhat-Bullish
2026-02-08,2026-02-08 16:09:14,The Vibes From the 'Davos for Degens' as Bitcoin and Ethereum Plummeted,"At a conference dedicated to the riskiest traders in finance, Miami's crypto scene appeared far different than during its pandemic-era boom.",Decrypt.co,https://decrypt.co/357315/vibes-davos-degens-bitcoin-ethereum-plummeted,0.028984,Neutral
2026-02-09,2026-02-09 01:01:22,Why Quantum Computing Isn't a Serious Risk for Bitcoin Yet: CoinShares,"New research says today's quantum computers are far too weak to threaten Bitcoin's cryptography, leaving the network years to prepare.",Decrypt.co,https://decrypt.co/357415/quantum-computing-risk-bitcoin-coinshares,-0.264808,Somewhat-Bearish
2026-02-09,2026-02-09 01:19:08,Only 10K Bitcoin is Quantum-Vulnerable and Worth Attacking,"Most quantum-vulnerable Bitcoin sits in wallets holding under 100 Bitcoin, with CoinShares claiming it could take a millennium to compromise each one.",Cointelegraph,https://cointelegraph.com/news/only-10k-bitcoin-quantum-risk-coinshares,-0.208844,Somewhat-Bearish
2026-02-09,2026-02-09 01:48:48,"Gold, Silver, Bitcoin Gain, While Ethereum, XRP, Dogecoin Lag: Analyst Sees Tests For BTC 'Definitely On The Cards' At This Level - Grayscale Bitcoin Mini Trust  ( BTC )   ( ARCA:BTC ) ","Bitcoin gained, while other leading coins stagnated on Sunday, as the cryptocurrency market attempted a recovery after a rout earlier in the week. Bitcoin consolidated in the $69,000-$71,000 zone over the weekend, after tumbling below $61,000 on Thursday.",Benzinga,https://www.benzinga.com/crypto/cryptocurrency/26/02/50471073/gold-silver-bitcoin-gain-while-ethereum-xrp-dogecoin-lag-analyst-sees-tests-for-btc-definit,0.074502,Neutral
2026-02-09,2026-02-09 03:15:00,"If You'd Invested $1,000 in Bitcoin 10 Years Ago, Here's How Much You'd Have Today","Bitcoin has been falling fast recently, but the token has still delivered lifechanging returns for buy-and-hold investors over the last decade.",Motley Fool,https://www.fool.com/investing/2026/02/08/if-youd-invested-1000-in-bitcoin-10-years-ago-here/,0.124561,Neutral
2026-02-09,2026-02-09 04:34:27,"Jim Cramer Says He's 'Heard' Trump Is 'Gonna Fill' The Bitcoin Reserve At $60,000 - What On-Chain Data Tells Us",Popular market commentator and TV personality Jim Cramer said on Friday he was told the Trump administration plans to purchase Bitcoin ( CRYPTO: BTC ) for the U.S. Strategic Reserve amid the ongoing market downturn.,Benzinga,https://www.benzinga.com/crypto/cryptocurrency/26/02/50471399/jim-cramer-says-hes-heard-trump-is-gonna-fill-the-bitcoin-reserve-at-60000-what-on-chain-da,0.079928,Neutral
2026-02-09,2026-02-09 04:53:45,Bitcoin Recovers as Coinbase Premium Turns Higher,Analysts maintain a cautious stance even after Bitcoin's 12% relief rally clawed back recent losses amid a surging Coinbase Premium.,Decrypt.co,https://decrypt.co/357418/bitcoin-coinbase-premium-turns-higher,-0.017268,Neutral
2026-02-09,2026-02-09 05:37:06,Bitcoin Sharpe Ratio Hits Bear Market Lows At Negative 10,"Bitcoin's Sharpe ratio has fallen to -10, nearing bear market lows seen in 2018 and 2022, suggesting the risk/reward profile is approaching extreme levels.",Cointelegraph,https://cointelegraph.com/news/bitcoin-sharpe-ratio-falls-bear-market-bottom,-0.290565,Somewhat-Bearish
2026-02-09,2026-02-09 07:20:46,"Bitcoin Lacks 'Fundamental Narrative' To Draw Investors, Says Jordi Visser - Macro Guru Argues Most Will Favor Biggest 'Liquid Companies' Over BTC - Roundhill Magnificent Seven ETF  ( BATS:MAGS ) ","Veteran Wall Street investor Jordi Visser weighed in on Bitcoin's ( CRYPTO: BTC ) recent crash on Friday, stressing that the cryptocurrency remains inextricably linked to developments in traditional finance.",Benzinga,https://www.benzinga.com/crypto/cryptocurrency/26/02/50472185/bitcoin-lacks-fundamental-narrative-to-draw-investors-says-jordi-visser-macro-guru-argues-m,-0.104299,Neutral
2026-02-09,2026-02-09 08:05:34,"Bitcoin Price Forecasts Say $50,000 Is on the Way",Bitcoin price forecasts retained odds of new macro lows next as risk asset traders remained nervous about US and Japan macroeconomic tailwinds.,Cointelegraph,https://cointelegraph.com/news/btc-traders-wait-50k-bottom-five-things-bitcoin-this-week,-0.036575,Neutral
2026-02-09,2026-02-09 09:51:13,"Satoshi Nakamoto-Linked Wallet Receives Bitcoin Worth Over $170,000 - What Could This Mean?","A few Bitcoin ( CRYPTO: BTC ) landed in a wallet tied to the network's mysterious creator, Satoshi Nakamoto, on Friday, sparking a wave of speculation and theories in the cryptocurrency community. A transaction involving 2.5 BTC, worth over $174,405 at the current price, was detected by the ...",Benzinga,https://www.benzinga.com/crypto/cryptocurrency/26/02/50473231/satoshi-nakamoto-linked-wallet-receives-bitcoin-worth-over-170000-what-could-this-mean,-0.009455,Neutral
2026-02-09,2026-02-09 10:07:54,MEXC COO Vugar Usi on Navigating Crypto's 2026 Reset: Why Retail-First Exchanges Are Winning,"VICTORIA, Seychelles, Feb. 09, 2026 ( GLOBE NEWSWIRE ) -- As Bitcoin trades below $69,000 following its October 2025 peak of $126,000, MEXC Chief Operating Officer Vugar Usi outlined why retail-focused exchanges are gaining ground in an increasingly institutionalized market during last week's ...",Benzinga,https://www.benzinga.com/pressreleases/26/02/g50473403/mexc-coo-vugar-usi-on-navigating-cryptos-2026-reset-why-retail-first-exchanges-are-winning,0.340101,Somewhat-Bullish
2026-02-09,2026-02-09 11:25:59,"Cointelegraph: Bitcoin, Ethereum, Crypto News & Price Indexes","Six people have been detained after a French magistrate and her mother were abducted in a crypto ransom plot, intensifying concerns over a surge in violent ""wrench attacks"" in France.",Cointelegraph,https://cointelegraph.com/news/french-police-arrest-six-suspects-over-crypto-ransom-kidnapping-of-magistrate,-0.302632,Somewhat-Bearish
2026-02-09,2026-02-09 11:57:06,"Cointelegraph: Bitcoin, Ethereum, Crypto News & Price Indexes",SlowMist flagged 472 AI skills containing malicious code as AI plugins and extensions become the new hunting ground for hackers seeking to access the devices of cryptocurrency investors.,Cointelegraph,https://cointelegraph.com/news/openclaw-ai-plugin-hub-supply-chain-poisoning,-0.389228,Bearish
2026-02-09,2026-02-09 12:06:48,"Bitcoin Below $69,000 As Ethereum, XRP, Dogecoin Open Week With Weakness","Bitcoin trades below $69,000, with liquidations at $396.22 million over the past 24 hours. Bitcoin ETFs saw $371.15 million in net inflows on Friday, while Ethereum ETFs reported $16.8 million in net outflows. The meme coin sector dropped about 7% in a single day to $32.8 billion, tracking the ...",Benzinga,https://www.benzinga.com/crypto/cryptocurrency/26/02/50475410/bitcoin-below-69000-as-ethereum-xrp-dogecoin-open-week-with-weakness,0.059988,Neutral
2026-02-09,2026-02-09 12:21:16,"Cointelegraph: Bitcoin, Ethereum, Crypto News & Price Indexes","Whale and institutional demand for Bitcoin show signs of a comeback, but downside risks remain as analysts expect BTC price to retest $66,000 support.",Cointelegraph,https://cointelegraph.com/news/bitcoin-whales-took-advantage-60k-price-dip-scooping-40k-btc,0.009645,Neutral
2026-02-09,2026-02-09 12:24:08,"Cointelegraph: Bitcoin, Ethereum, Crypto News & Price Indexes",The Ethereum co-founder outlined alternative stablecoin models that he says better align with DeFi's original promise of risk decentralization.,Cointelegraph,https://cointelegraph.com/news/vitalik-buterin-defi-usdc-yield-stablecoin-critique,0.048214,Neutral
2026-02-09,2026-02-09 12:43:18,"Bitcoin Drops From $90,000 To $70,000 In 2 Weeks, But 'Much Of The Bad News Already Priced In'","Bitcoin ( CRYPTO: BTC ) has logged its steepest two-week drawdown since June 2022, but Bitwise Chief Investment Officer Matt Hougan says ""much of the bad news is already priced in"". Hogan identified six factors driving the crash:",Benzinga,https://www.benzinga.com/crypto/cryptocurrency/26/02/50476182/bitcoin-drops-from-90000-to-70000-in-2-weeks-but-much-of-the-bad-news-already-priced-in,-0.193124,Somewhat-Bearish
2026-02-09,2026-02-09 12:48:50,"Cointelegraph: Bitcoin, Ethereum, Crypto News & Price Indexes","Binance bought $300 million in Bitcoin for its SAFU reserve, pushing the fund past $720 million as the exchange shifts its emergency buffer to BTC.",Cointelegraph,https://cointelegraph.com/news/binance-buys-bitcoin-safu-reserve-market-dip,0.119006,Neutral
2026-02-09,2026-02-09 14:03:37,"Cointelegraph: Bitcoin, Ethereum, Crypto News & Price Indexes","Michael Saylor's Strategy missed Bitcoin's brief drop to $60,000 last week, purchasing $90 million worth of BTC at an average price near $78,800.",Cointelegraph,https://cointelegraph.com/news/saylor-strategy-1142-bitcoin-purchase-79k-per-btc,-0.040262,Neutral
2026-02-09,2026-02-09 14:15:00,"TIAN RUIXIANG Unleashes Unprecedented Asian Financial Domination: 15,000 BTC Alliance Launches Dual Assault-Historic ASEAN Stablecoin Dominance & $200 billion Australian Licensed Bank Takeover","Beijing, Feb. 09, 2026 ( GLOBE NEWSWIRE ) -- TIAN RUIXIANG Holdings Ltd. ( NASDAQ: TIRX ) as the undisputed titan of AI-powered digital and traditional finance, the Nasdaq-listed juggernaut today detonated a seismic double-barreled plan: its game-changing 15,000 Bitcoin ( ""BTC"" ) strategic ...",GlobeNewswire,https://www.globenewswire.com/news-release/2026/02/09/3234625/0/en/TIAN-RUIXIANG-Unleashes-Unprecedented-Asian-Financial-Domination-15-000-BTC-Alliance-Launches-Dual-Assault-Historic-ASEAN-Stablecoin-Dominance-200-billion-Australian-Licensed-Bank-.html,0.179676,Somewhat-Bullish
2026-02-09,2026-02-09 14:24:39,"Cointelegraph: Bitcoin, Ethereum, Crypto News & Price Indexes",The sale shows how Bitcoin miners are reshaping strategies as mining economics continue to deteriorate.,Cointelegraph,https://cointelegraph.com/news/bitcoin-miner-cango-sells-btc-ai-hpc-pivot,0.065828,Neutral
2026-02-09,2026-02-09 14:30:12,"Strategy Buys 1,142 Bitcoin At An Average Price Of $78,815 - Strategy  ( NASDAQ:MSTR ) ","Strategy ( NASDAQ:MSTR ) on Monday announced it had bought 1,142 Bitcoin ( CRYPTO: BTC ) at $78,815 average price for $90 million between February 2 and February 8. Strategy's acquisition was funded by selling 616,715 shares of Class A common stock that generated $89.5 million in net ...",Benzinga,https://www.benzinga.com/crypto/cryptocurrency/26/02/50479806/strategy-buys-1142-bitcoin-at-an-average-price-of-78815,-0.211258,Somewhat-Bearish
2026-02-09,2026-02-09 14:32:00,"Stock Market News for Feb 9, 2026","U.S. stocks ended sharply higher on Friday, with tech stocks making a solid rebound after suffering for several days at a stretch, while Bitcoin recovered to some extent following a more than 50% decline in its market cap since hitting an all-time high three months back.",Zacks Commentary,https://www.zacks.com/stock/news/2841270/stock-market-news-for-feb-9-2026,0.04318,Neutral
2026-02-09,2026-02-09 14:56:07,"The Real Reason Behind Bitcoin's Brutal Sell-Off To $60,000","Bitcoin's ( CRYPTO: BTC ) historic sell-off that bottomed at $60,000 was not driven by crypto panic or ETF buyers exiting their position, but rather by forced deleveraging in traditional markets.",Benzinga,https://www.benzinga.com/crypto/cryptocurrency/26/02/50481475/the-real-reason-behind-bitcoins-brutal-sell-off-to-60000,-0.221986,Somewhat-Bearish
2026-02-09,2026-02-09 15:58:10,"Bitcoin To Hit $150,000 In 2026 Since 'Nothing Blew Up,' Bernstein Argues","Bernstein reiterated its $150,000 Bitcoin ( CRYPTO: BTC ) price target for 2026, calling the current downturn the ""weakest bear case"" in the asset's history and arguing the 50% crash reflects a confidence crisis rather than structural damage.",Benzinga,https://www.benzinga.com/crypto/cryptocurrency/26/02/50484199/bitcoin-to-hit-150000-in-2026-since-nothing-blew-up-bernstein-argues,-0.087513,Neutral
2026-02-09,2026-02-09 16:20:05,Strategy Buys More Bitcoin as $50 Billion BTC Stash Remains Underwater,"Bitcoin giant Strategy spent another $90 million on BTC last week, but the leading cryptocurrency's decline has put its holdings underwater.",Decrypt.co,https://decrypt.co/357459/strategy-buys-more-bitcoin-50-billion-btc-stash-underwater,0.090776,Neutral
2026-02-09,2026-02-09 17:11:18,Investigators Circle as Bithumb Reveals Compensation Plan for $43 Billion Bitcoin Error,South Korean regulators are investigating Bithumb after its accidental $43 billion Bitcoin handout to customers last week.,Decrypt.co,https://decrypt.co/357462/investigators-circle-bithumb-compensation-43-billion-bitcoin-error,-0.087931,Neutral
2026-02-09,2026-02-09 17:12:16,"Retail Is Selling Bitcoin, But Who's Buying At $70,000?","Bitcoin's ( CRYPTO: BTC ) investor base is undergoing a steady transition as early retail holders distribute supply to institutions, wealth managers, and traditional finance clients. According to Bitwise's Ishmael Asad, early retail investors played a critical role in turning Bitcoin from a ...",Benzinga,https://www.benzinga.com/crypto/cryptocurrency/26/02/50487418/retail-is-selling-bitcoin-but-whos-buying-at-70000,0.203723,Somewhat-Bullish
2026-02-09,2026-02-09 17:21:07,"Cointelegraph: Bitcoin, Ethereum, Crypto News & Price Indexes","Bitcoin saw the first brief period of positive Coinbase Premium since mid-January as BTC price action stabilized near $70,000.",Cointelegraph,https://cointelegraph.com/news/bitcoin-circles-70k-coinbase-premium-first-green-spike-in-month,0.190038,Somewhat-Bullish
2026-02-09,2026-02-09 18:07:11,"Cointelegraph: Bitcoin, Ethereum, Crypto News & Price Indexes","The research analysts pointed to tight liquidity and macro pressure as drivers of the decline, while noting that spot Bitcoin ETFs have seen relatively modest outflows.",Cointelegraph,https://cointelegraph.com/news/bernstein-says-bitcoin-selloff-reflects-weakest-bear-case-on-record-keeps-150k-2026-target,-0.012198,Neutral
2026-02-09,2026-02-09 18:16:57,"Bitcoin Funds Shed $264M Last Week, Alts Reverse Negative Trend",CoinShares noted that the market may have reached an 'inflection point' as outflows from Bitcoin investment products slowed.,Decrypt.co,https://decrypt.co/357467/bitcoin-funds-shed-264m-last-week-alts-reverse-negative-trend,-0.045741,Neutral
2026-02-09,2026-02-09 18:30:00,"Cointelegraph: Bitcoin, Ethereum, Crypto News & Price Indexes","Bitcoin price more than doubled the last time Tether's crypto market dominance topped out, a signal that is flashing again in 2026.",Cointelegraph,https://cointelegraph.com/news/bitcoin-bottom-60k-answer-might-be-tether-dominance,0.102869,Neutral
2026-02-09,2026-02-09 18:35:37,"Cointelegraph: Bitcoin, Ethereum, Crypto News & Price Indexes",A CTDG Dev Hub participant introduces an adapter layer for RGB to facilitate seamless integration with wallet SDKs.,Cointelegraph,https://cointelegraph.com/news/how-client-side-validation-complicates-wallet-sdk-architecture-rgb-wdk-integration-analysis,0.156514,Somewhat-Bullish
2026-02-09,2026-02-09 18:49:01,3 Reasons Why The 'Bitcoin Quantum Threat' Is Overstated: Report,"Fears around quantum computing breaking Bitcoin ( CRYPTO: BTC ) are overstated as the practical threat is distant, limited in scope, and manageable through gradual protocol upgrades, according to a new research report by CoinShares.",Benzinga,https://www.benzinga.com/crypto/cryptocurrency/26/02/50490833/3-reasons-why-the-bitcoin-quantum-threat-is-overstated-report,-0.192286,Somewhat-Bearish
2026-02-09,2026-02-09 19:30:00,"Cointelegraph: Bitcoin, Ethereum, Crypto News & Price Indexes","Bitcoin and several major altcoins are not out of the woods yet, especially since they continue to face significant selling near their range highs. Do technical charts show BTC and altcoins forming a bottom?",Cointelegraph,https://cointelegraph.com/news/price-predictions-2-9-spx-dxy-btc-eth-bnb-xrp-sol-doge-ada-bch,-0.079431,Neutral
2026-02-09,2026-02-09 20:25:37,"Cointelegraph: Bitcoin, Ethereum, Crypto News & Price Indexes",The new integrations enable banks and custodians to deploy custody and staking services without operating their own validator or key-management infrastructure.,Cointelegraph,https://cointelegraph.com/news/ripple-expands-institutional-custody-stack-with-staking-and-security-integrations,0.120165,Neutral
2026-02-09,2026-02-09 20:41:26,"Will Bitcoin Crash To $50,000? Why This Selloff Looks More Like A High-Risk Opportunity Than A Structural Breakdown","Bitcoin ( CRYPTO: BTC ) has recently undergone a violent drawdown, shedding roughly 33% of its value in just nine trading days. This move was amplified by a ""liquidation cascade,"" where traders using leverage were forced to sell as prices hit their stop-loss levels.",Benzinga,https://www.benzinga.com/Opinion/26/02/50494391/will-bitcoin-crash-to-50000-why-this-selloff-looks-more-like-a-high-risk-opportunity-than-a-structural-br,-0.034294,Neutral
2026-02-09,2026-02-09 20:58:26,Bitcoin Miner Cango Dumps $305 Million in BTC to Fuel AI Pivot,"Cango is the latest publicly traded Bitcoin miner to embrace AI, and it's fueling that push by selling a bunch of Bitcoin.",Decrypt.co,https://decrypt.co/357507/bitcoin-miner-cango-dumps-315-million-btc-ai-pivot,0.249246,Somewhat-Bullish
2026-02-09,2026-02-09 21:15:48,Bitcoin's WILD Ride - But Did The Bull Case Actually Vanish?,"Starting from its Jan 30th close near $82,000 ( right after Kevin Warsh was nominated as Fed chairman ) , Bitcoin would end up plunging over 25% into yesterday's close on Thursday and show the most oversold levels since 2018. Several factors likely contributed to the move:",Benzinga,https://www.benzinga.com/Opinion/26/02/50496112/bitcoin-wild-ride-but-did-the-bull-case-actually-vanish,0.024625,Neutral
2026-02-09,2026-02-09 21:57:09,"Cointelegraph: Bitcoin, Ethereum, Crypto News & Price Indexes","Long-term Bitcoin holders sold 245,000 BTC as the price fell under $60,000 last week, but a fresh set of US macroeconomic cues and an uptick in BTC dip-buyers may signal that the market has bottomed.",Cointelegraph,https://cointelegraph.com/news/bitcoin-holders-sell-245k-btc-in-tight-macro-conditions-did-the-market-bottom,-0.021621,Neutral
2026-02-09,2026-02-09 22:56:43,"Bitcoin At $70,000 As Ethereum, XRP, Dogecoin Trade Sideways On Quiet Monday","Bitcoin is holding above $70,000 despite broader risk-off pressure across global equities, as markets await key U.S. jobs data scheduled for Wednesday. Coinglass data shows 102,178 traders were liquidated in the past 24 hours for $408.19 million.",Benzinga,https://www.benzinga.com/crypto/cryptocurrency/26/02/50498818/bitcoin-at-70000-as-ethereum-xrp-dogecoin-trade-sideways-on-quiet-monday,0.059381,Neutral
2026-02-10,2026-02-10 01:00:00,"Is Bitcoin a No-Brainer Buy at Less Than $75,000?",Bitcoin is down more than 40% from the highs it reached last year.,Motley Fool,https://www.fool.com/investing/2026/02/09/is-bitcoin-a-no-brainer-buy-at-less-than-75000/,-0.063605,Neutral
2026-02-10,2026-02-10 01:12:17,"Cointelegraph: Bitcoin, Ethereum, Crypto News & Price Indexes","Bitcoin's Fear & Greed sentiment indicator fell to its lowest ever level, leading some analysts to suggest that $60,000 was the bottom for BTC. Does historical data agree?",Cointelegraph,https://cointelegraph.com/news/bitcoin-sentiment-hits-record-low-as-contrarian-investors-say-dollar60k-was-btc-s-bottom,-0.225555,Somewhat-Bearish
2026-02-10,2026-02-10 01:57:46,"Bitcoin, Dogecoin Flat, While Ethereum, XRP Inch Higher: Analyst Spots Signal That Preceded 'Sharp Corrective Moves' For ETH Historically - Grayscale Bitcoin Mini Trust  ( BTC )   ( ARCA:BTC ) ","Bitcoin consolidated, while stocks ended higher on Monday, as investors rotated cautiously back into risk assets. Bitcoin moved sideways, even as trading volume for the leading cryptocurrency spiked nearly 25% in the last 24 hours.",Benzinga,https://www.benzinga.com/crypto/cryptocurrency/26/02/50499848/bitcoin-dogecoin-flat-while-ethereum-xrp-inch-higher-analyst-spots-signal-that-preceded-sha,0.194912,Somewhat-Bullish
2026-02-10,2026-02-10 05:02:46,Is Bitcoin's Sell-Off Finally Running Out of Steam?,"Bitcoin's sell-off shows signs of easing as large buyers step in, though analysts say any rebound still depends on institutional demand.",Decrypt.co,https://decrypt.co/357569/is-bitcoins-sell-off-finally-running-out-of-steam,-0.070373,Neutral
2026-02-10,2026-02-10 05:14:23,"Cointelegraph: Bitcoin, Ethereum, Crypto News & Price Indexes","Chainlink co-founder Sergey Nazarov says the recent crypto market downturn has inadvertently shown ""how far the industry has progressed."" ...",Cointelegraph,https://cointelegraph.com/news/chainlink-sergey-nazarov-bear-market-feels-different,-0.017149,Neutral
2026-02-10,2026-02-10 06:20:37,"Cointelegraph: Bitcoin, Ethereum, Crypto News & Price Indexes","The crypto market's volatility is just ""part of the game,"" says the Federal Reserve's Chris Waller, who said traditional finance may have added to the recent market drop.",Cointelegraph,https://cointelegraph.com/news/fed-waller-crypto-hype-fading-tradfi-tie-ins,0.043364,Neutral
2026-02-10,2026-02-10 08:10:58,"Cointelegraph: Bitcoin, Ethereum, Crypto News & Price Indexes","The Bitcoin ETF rebound comes as analysts flag slowing outflows, while early BTC holders trim positions rather than exit as BTC hovers near $70,000, according to Bitwise.",Cointelegraph,https://cointelegraph.com/news/bitcoin-etf-rebound-145-million-inflows,-0.112612,Neutral
2026-02-10,2026-02-10 09:30:00,"After Crashing 22% in 7 Days, Is Bitcoin Still a Buy?","Bitcoin is having a bad time, and it's no surprise why.",Motley Fool,https://www.fool.com/investing/2026/02/10/after-crashing-22-in-7-days-is-bitcoin-still-a-buy/,-0.143723,Neutral
2026-02-10,2026-02-10 09:37:22,"Cointelegraph: Bitcoin, Ethereum, Crypto News & Price Indexes","Industry groups and exchanges say the United Kingdom's slow, overlapping crypto rules and compliance frictions are undermining its ""global hub"" ambition.",Cointelegraph,https://cointelegraph.com/news/gemini-exit-tests-uk-crypto-hub-ambitions,0.064276,Neutral
2026-02-10,2026-02-10 11:01:20,"Cointelegraph: Bitcoin, Ethereum, Crypto News & Price Indexes","South Korean authorities launched an investigation into Bithumb after it mistakenly credited 620,000 BTC to users, adding to concerns about ""paper Bitcoin"" and internal controls.",Cointelegraph,https://cointelegraph.com/news/south-korea-probes-bithumb-paper-bitcoin-error,-0.143303,Neutral
2026-02-10,2026-02-10 11:15:00,"Forget Ethereum, Stablecoins, and XRP -- Here Are Bitcoin's 3 Biggest Trillion-Dollar Competitive Risks",Investors must look outside the crypto ecosystem to identify Bitcoin's threats.,Motley Fool,https://www.fool.com/investing/2026/02/10/forget-ethereum-stablecoins-and-xrp-here-are-bitco/,0.29935,Somewhat-Bullish
2026-02-10,2026-02-10 11:33:00,Bitcoin Just Dropped 45%: Here's What I'd Do With $500 Right Now,A dollar-cost averaging (DCA) strategy makes sense for Bitcoin right now.,Motley Fool,https://www.fool.com/investing/2026/02/10/bitcoin-just-dropped-45-heres-what-id-do-with-500/,0.080106,Neutral
2026-02-10,2026-02-10 12:00:00,Bitcoin Everlight App Expands Access to Node Operations and BTC-Based Network Rewards,"SAN FRANCISCO, Calif., Feb. 10, 2026 ( GLOBE NEWSWIRE ) -- Bitcoin Everlight confirmed that its Everlight App is now available to node operators, providing tools to monitor performance, manage participation, and track BTC earned from verified network usage.",Benzinga,https://www.benzinga.com/pressreleases/26/02/g50504675/bitcoin-everlight-app-expands-access-to-node-operations-and-btc-based-network-rewards,0.16033,Somewhat-Bullish
2026-02-10,2026-02-10 12:19:37,"Bitcoin At $68,000 As Ethereum, XRP, Dogecoin Stabilize Ahead Of Economic Data","Bitcoin is holding near $68,000 as liquidations stand at $249.25 million over the past 24 hours. Bitcoin ETFs saw $145 million in net inflows on Monday, while Ethereum ETFs reported $57.05 million in net inflows. The meme coin sector declined roughly 2% as the broader market attempts to regain ...",Benzinga,https://www.benzinga.com/crypto/cryptocurrency/26/02/50505712/bitcoin-at-68000-as-ethereum-xrp-dogecoin-stabilize-ahead-of-economic-data,0.134727,Neutral
2026-02-10,2026-02-10 12:45:00,"Should You Buy Bitcoin While It's Under $100,000?",Long-time Bitcoin investors have seen this story before. After every crash comes a record-setting recovery.,Motley Fool,https://www.fool.com/investing/2026/02/10/should-you-buy-crypto-while-its-under-price/,-0.036651,Neutral
2026-02-10,2026-02-10 12:46:28,Where Next for Bitcoin? The Bull and Bear Case,Analysts remain split on Bitcoin's next move: a short squeeze toward $84K or a 6-12-month grind toward $55K.,Decrypt.co,https://decrypt.co/357585/where-next-for-bitcoin-the-bull-and-bear-case,-0.120119,Neutral
2026-02-10,2026-02-10 12:52:00,Bitcoin's Latest Plunge Has Traders Panicking. Here's Why Long-Term Investors See Opportunity.,It's been a challenging few months for Bitcoin's biggest supporters.,Motley Fool,https://www.fool.com/investing/2026/02/10/bitcoin-plunge-panic-longterm-investor-opportunity/,0.186404,Somewhat-Bullish
2026-02-10,2026-02-10 12:53:07,Bithumb's $40 Billion Bitcoin Blunder Under Probe By South Korean Regulators: Report,"South Korea's Financial Supervisory Service ( FSS ) has reportedly initiated a formal investigation into Bithumb, a local cryptocurrency exchange, following a massive $40 billion accidental Bitcoin ( CRYPTO: BTC ) payout.",Benzinga,https://www.benzinga.com/news/legal/26/02/50506371/bithumbs-40-billion-bitcoin-blunder-under-probe-by-south-korean-regulators-report,-0.082356,Neutral
2026-02-10,2026-02-10 13:13:00,Bitdeer Announces January 2026 Production and Operations Update,Monthly Highlights Increased self-mining hashrate to 63.2 EH/s on continued deployment of SEALMINERs Bitcoin production increased 430% year over year to 668 Bitcoin Launch of NVIDIA GB200 NVL72 infrastructure in Malaysia First design of Litecoin chip taped out and initial testing surpassed ...,GlobeNewswire,https://www.globenewswire.com/news-release/2026/02/10/3235291/0/en/Bitdeer-Announces-January-2026-Production-and-Operations-Update.html,0.188408,Somewhat-Bullish
2026-02-10,2026-02-10 13:13:13,Bitdeer Announces January 2026 Production and Operations Update - Bitdeer Technologies  ( NASDAQ:BTDR ) ,"Mined 668 Bitcoins, an increase of approximately 430% year over year. Bitdeer will continue deploying SEALMINER mining rigs for self-mining to continue the Company's growth in self-mining capacity while concurrently retiring third-party, older-generation rigs.",Benzinga,https://www.benzinga.com/pressreleases/26/02/g50507378/bitdeer-announces-january-2026-production-and-operations-update,0.201258,Somewhat-Bullish
2026-02-10,2026-02-10 13:22:24,"Cointelegraph: Bitcoin, Ethereum, Crypto News & Price Indexes","Phantom Chat is under scrutiny after a phishing attack drained $264,000 in Wrapped Bitcoin, renewing concerns over wallet UX and address poisoning scams.",Cointelegraph,https://cointelegraph.com/news/phantom-chat-address-poisoning-bitcoin-phishing,-0.360005,Bearish
2026-02-10,2026-02-10 13:33:49,"Cointelegraph: Bitcoin, Ethereum, Crypto News & Price Indexes","The Bitcoin Mayer Multiple reached 0.65, echoing the deep bear market conditions of 2022 and sparking debate on whether BTC's real bottom lies at $50,000 or lower.",Cointelegraph,https://cointelegraph.com/news/bitcoin-mayer-multiple-hits-2022-where-is-btc-price-bottom,-0.134203,Neutral
2026-02-10,2026-02-10 13:45:37,"Cointelegraph: Bitcoin, Ethereum, Crypto News & Price Indexes",Analysts are split on whether the drop represents a cycle low or a pause before further downside.,Cointelegraph,https://cointelegraph.com/news/bitcoin-crash-60k-halfway-point-crypto-bear-market,-0.162469,Somewhat-Bearish
2026-02-10,2026-02-10 15:38:13,What It Actually Takes to Prove Someone Is Satoshi Nakamoto,Discover the real evidence required to prove someone is Satoshi Nakamoto and why past claims failed to meet Bitcoin's cryptographic standard.,Cointelegraph,https://cointelegraph.com/explained/what-it-actually-takes-to-prove-someone-is-satoshi-nakamoto,-0.055317,Neutral
2026-02-10,2026-02-10 16:25:42,"Bitcoin ETFs See $616M Inflows-So Why Is BTC Stuck Below $70,000?","U.S. Bitcoin ( CRYPTO: BTC ) ETFs recorded back-to-back inflows totaling $616 million for the first time in a month, yet total holdings dipped only 6% despite Bitcoin's 50% crash as BTC tests critical $68,000 support.",Benzinga,https://www.benzinga.com/crypto/cryptocurrency/26/02/50516259/bitcoin-etfs-see-616m-inflows-so-why-is-btc-stuck-below-70000,-0.045623,Neutral
2026-02-10,2026-02-10 17:13:03,"Bitcoin Trades Like Growth Stock, Not Gold: Grayscale","New Grayscale research shows Bitcoin's price behavior is increasingly tied to equities, particularly software stocks, challenging its long-held safe-haven narrative in the short term.",Cointelegraph,https://cointelegraph.com/news/bitcoin-trading-growth-asset-not-digital-gold-grayscale,0.129638,Neutral
2026-02-10,2026-02-10 18:23:59,"Has Bitcoin Failed As A Store Of Value? No, It's Just Maturing, Grayscale Argues","According to Grayscale, Bitcoin's ( CRYPTO: BTC ) recent volatility reflects its transition from a growth asset to a mature store of value, with the latest sell-off driven by macro derisking rather than crypto-specific weakness.",Benzinga,https://www.benzinga.com/crypto/cryptocurrency/26/02/50520597/has-bitcoin-failed-as-a-store-of-value-no-its-just-maturing-grayscale-argues,0.220209,Somewhat-Bullish
2026-02-10,2026-02-10 18:42:38,"CYBER HORNET ETFs Broadens Suite of S&P 500® and Crypto Blended ETFs With the Launch of Three New Funds, Expanding Access to Digital Assets for Investors and Advisors","New funds pair the volatility profile of the S&P 500® with targeted exposure to leading digital assets through the liquid, transparent ETF structure Funds represent a significant expansion of CYBER HORNET's fund lineup, joining the existing S&P 500® and Bitcoin 75/25 Strategy ETF ( BBB )",Benzinga,https://www.benzinga.com/pressreleases/26/02/g50521170/cyber-hornet-etfs-broadens-suite-of-s-p-500-and-crypto-blended-etfs-with-the-launch-of-three-new-f,0.27223,Somewhat-Bullish
2026-02-10,2026-02-10 18:56:06,"Interactive Brokers Expands Bitcoin, Ethereum Trading With Coinbase Cooperation - Interactive Brokers Group  ( NASDAQ:IBKR ) ",Interactive Brokers ( NASDAQ:IBKR ) on Tuesday launched Coinbase ( NASDAQ:COIN ) Derivatives nano Bitcoin and Ether futures with 24/7 trading. The new contracts come in two formats: monthly expirations or perpetual-style futures that don't require rolling.,Benzinga,https://www.benzinga.com/crypto/cryptocurrency/26/02/50521623/interactive-brokers-expands-bitcoin-ethereum-trading-with-coinbase-cooperation,0.098395,Neutral
2026-02-10,2026-02-10 18:56:56,Lynch Protege Slams Cramer's $60K Bitcoin Claim,"When Bitcoin ( CRYPTO: BTC ) hit the panic tape, Jim Cramer hit the TV. That's the problem. On Friday, Bitcoin slid to $60,000 - down 52% from its October peak with more than $1.2 trillion in value wiped out.",Benzinga,https://www.benzinga.com/crypto/cryptocurrency/26/02/50521648/peter-lynchs-protege-calls-cramers-60k-bitcoin-reserve-theory-complete-nonsense,0.050999,Neutral
2026-02-10,2026-02-10 19:16:06,Bitcoin Buy Signal Points to 220% Upside Despite Near-Term Risk,"Multiple long-term Bitcoin valuation models suggest that BTC's drop to $60,000 opened up a rare discounted buying opportunity. Do traders and institutional investors agree?",Cointelegraph,https://cointelegraph.com/news/rare-bitcoin-signal-flashes-will-a-220percent-btc-price-rally-follow,0.033132,Neutral
2026-02-10,2026-02-10 19:32:18,"Strategy Will Buy Bitcoin 'Forever', Says Michael Saylor-Even With $5 Billion Paper Loss","Bitcoin bull Michael Saylor said Tuesday that Strategy will keep buying BTC, even with its bet now billions of dollars underwater.",Decrypt.co,https://decrypt.co/357635/strategy-buy-bitcoin-forever-saylor-5-billion-paper-loss,-0.00961,Neutral
2026-02-10,2026-02-10 19:43:32,"Michael Saylor Says Strategy Won't Sell Bitcoin Even At $8,000: 'We'll Refinance The Debt' - Strategy  ( NASDAQ:MSTR ) ","Strategy ( NASDAQ:MSTR ) executive chairman Michael Saylor on Tuesday said the company won't sell Bitcoin ( CRYPTO: BTC ) even if it crashes to $8,000, pledging to refinance debt instead. Saylor told CNBC the company has 2.5 years of cash to cover dividends and debt without raising money.",Benzinga,https://www.benzinga.com/crypto/cryptocurrency/26/02/50523188/michael-saylor-says-strategy-wont-sell-bitcoin-even-at-8000-well-refinance-the-debt,-0.147669,Neutral
2026-02-10,2026-02-10 20:00:09,"Bitcoin At $69,000 Ethereum, XRP, Dogecoin Hold As Markets Await US-Iran Progress","Bitcoin is trading around $69,000 as geopolitical tension continue to weigh on crypto markets. Coinglass data shows 94,898 traders were liquidated in the past 24 hours for $228.80 million.",Benzinga,https://www.benzinga.com/crypto/cryptocurrency/26/02/50523671/bitcoin-at-69000-ethereum-xrp-dogecoin-hold-as-markets-await-us-iran-progress,-0.119627,Neutral
2026-02-10,2026-02-10 20:21:48,Bitcoin in Focus as State Street Warns Dollar Could Fall 10% on Fed Cuts,"State Street argues the US dollar could fall to multi-year lows if the Fed cuts rates more aggressively, a scenario that could shift capital toward Bitcoin and risk assets.",Cointelegraph,https://cointelegraph.com/news/state-street-us-dollar-decline-fed-rate-cuts,-0.074105,Neutral
2026-02-10,2026-02-10 21:48:23,Bitcoin Top Traders Hold Tight Despite 14% Price Recovery,"Bitcoin's double-digit rebound and brief trading above $72,000 may confirm $60,000 was the bottom, but data shows top traders are refusing to open longs.",Cointelegraph,https://cointelegraph.com/news/top-bitcoin-traders-refuse-to-turn-bullish-despite-btc-s-14-rebound-here-s-why,-0.036946,Neutral
2026-02-10,2026-02-10 22:52:12,"Crypto's 'age of speculation' may be over, says Galaxy CEO Mike Novogratz","The decline in bitcoin, other cryptocurrencies in 2026 is not just another dip but may mark end of retail speculation trading, says Galaxy CEO Mike Novogratz.",CNBC,https://www.cnbc.com/2026/02/10/bitcoin-crypto-trading-speculation-galaxy-ceo-mike-novogratz.html,-0.009578,Neutral
2026-02-11,2026-02-11 02:07:25,"Bitcoin, Ethereum, XRP, Dogecoin Slide Ahead Of Key Jobs Report: Analyst Sees 'Potential Rebound' For BTC Within 3-9 Days - Grayscale Bitcoin Mini Trust  ( BTC )   ( ARCA:BTC ) ","Leading cryptocurrencies fell alongside major stock indexes on Tuesday as investors awaited the first employment report of the year. Bitcoin slipped below $68,000 after days of choppy sideways trading, with trading volume tumbling 18% in the last 24 hours.",Benzinga,https://www.benzinga.com/crypto/cryptocurrency/26/02/50532015/bitcoin-ethereum-xrp-dogecoin-slide-ahead-of-key-jobs-report-analyst-sees-potential-rebound,-0.024245,Neutral
2026-02-11,2026-02-11 03:00:00,Bitcoin Casino No Deposit Bonus: BC Poker Launches $5 Free Bonus With Instant Withdrawal For New Crypto Poker Players,"BINGHAMTON, NY, Feb. 10, 2026 ( GLOBE NEWSWIRE ) -- The bitcoin casino no deposit bonus landscape has entered a new era as crypto gaming platforms race to attract players with increasingly generous risk-free offers.",Benzinga,https://www.benzinga.com/pressreleases/26/02/g50532253/bitcoin-casino-no-deposit-bonus-bc-poker-launches-5-free-bonus-with-instant-withdrawal-for-new-cry,0.112937,Neutral
2026-02-11,2026-02-11 06:58:55,Bithumb's Bitcoin Blunder Puts Burden on Users as Legal Case Favors Civil Recovery,Legal experts say civil claims offer Bithumb the clearest route to recovering Bitcoin mistakenly distributed in a $43 billion error.,Decrypt.co,https://decrypt.co/357690/bithumbs-bitcoin-blunder-burden-users-legal-case,-0.024458,Neutral
2026-02-11,2026-02-11 08:00:08,"Bitcoin Risks Getting Stuck At $69,000 Again, Says Analysis","Bitcoin analysis warned the $69,000 mark may end up as long-term resistance again, thanks to its significance in BTC price history.",Cointelegraph,https://cointelegraph.com/news/bitcoin-price-drops-3-percent-analyst-warns-bulls-lack-momentum-69k,-0.01702,Neutral
2026-02-11,2026-02-11 08:32:03,PayPal's Ex-President David Marcus Wants US To Rotate 'Very Tiny Slice' Of Gold Reserves Into Bitcoin: 'But Do It Very Slowly',"David Marcus, co-founder and CEO of Lightspark, said on Tuesday that Bitcoin ( CRYPTO: BTC ) is superior to gold, and the federal government should consider rotating a small portion of its bullion reserves into the apex cryptocurrency.",Benzinga,https://www.benzinga.com/crypto/cryptocurrency/26/02/50533420/paypals-ex-president-david-marcus-wants-us-to-rotate-very-tiny-slice-of-gold-reserves-into-,0.084664,Neutral
2026-02-11,2026-02-11 09:09:03,Spot Bitcoin ETFs Post $166M Inflows Despite Market Dip,"Spot Bitcoin ETFs posted $311 million inflows this week, nearly offsetting last week's $318 million outflows, even as BTC fell 13%.",Cointelegraph,https://cointelegraph.com/news/spot-bitcoin-etfs-add-167m-nearly-erase-last-week-s-outflows,0.143178,Neutral
2026-02-11,2026-02-11 12:20:00,"Exodus Movement, Inc. January 2026 Treasury Update and Monthly Metrics","Company holds 1,694 BTC Company holds ...",GlobeNewswire,https://www.globenewswire.com/news-release/2026/02/11/3236166/0/en/Exodus-Movement-Inc-January-2026-Treasury-Update-and-Monthly-Metrics.html,0.172847,Somewhat-Bullish
2026-02-11,2026-02-11 12:31:52,"Danske Bank Offers Bitcoin, Ethereum ETPs to Investors, Ending Eight-Year Crypto 'Ban'",Denmark's largest bank is ending an eight-year 'ban' on crypto services in response to growing customer demand and improved regulation.,Decrypt.co,https://decrypt.co/357697/danske-bank-offers-bitcoin-ethereum-etps-to-investors-ending-eight-year-crypto-ban,0.219984,Somewhat-Bullish
2026-02-11,2026-02-11 12:53:46,"Bitcoin At $67,000, Ethereum, XRP, Dogecoin Extend Losses Ahead Of Unemployment Data As","Bitcoin is trading around $67,000 ahead of U.S. unemployment data and renewed fears of a potential government shutdown. The meme coin sector dropped 5.7% in a single day to $31.8 billion. Crypto trader Jelle said Bitcoin briefly broke local highs before reversing and drifting back toward recent ...",Benzinga,https://www.benzinga.com/crypto/cryptocurrency/26/02/50537939/bitcoin-at-67000-ethereum-xrp-dogecoin-extend-losses-ahead-of-unemployment-data-as,-0.218117,Somewhat-Bearish
2026-02-11,2026-02-11 12:56:00,Why Bitcoin Is Reacting More to Liquidity Than to Interest Rate Cuts,Bitcoin's recent moves track liquidity stress more than Fed rate cuts. Here's how balance sheet policy and cash flows shape crypto markets.,Cointelegraph,https://cointelegraph.com/news/why-bitcoin-has-recently-reacted-more-to-liquidity-conditions-than-to-rate-cuts,-0.021904,Neutral
2026-02-11,2026-02-11 13:40:59,'Everyone Thinks Trump Is Our Friend-He's Not': Mark Yusko Exposes Crypto Reality,"Morgan Creek Capital CEO Mark Yusko has warned that President Trump ""has a whole different agenda"" for crypto focused on preserving dollar dominance, predicting Bitcoin ( CRYPTO: BTC ) bottoms around $58,000-$63,000 in September.",Benzinga,https://www.benzinga.com/crypto/cryptocurrency/26/02/50539365/everyone-thinks-trump-is-our-friend-hes-not-mark-yusko-exposes-crypto-reality,0.153665,Somewhat-Bullish
2026-02-11,2026-02-11 14:00:00,Lombard to Launch Bitcoin Smart Accounts for Institutions,"The product will let institutions use custodied Bitcoin as onchain collateral without moving assets or transferring control, with Morpho set as the initial liquidity partner.",Cointelegraph,https://cointelegraph.com/news/lombard-unveils-bitcoin-smart-accounts-linking-institutional-custody-to-onchain-finance-embargo-weds-9am-et,0.175402,Somewhat-Bullish
2026-02-11,2026-02-11 14:22:26,Danske Bank Opens Bitcoin and Ether ETPs to Clients,"Danske Bank said it is opening access to Bitcoin and Ether ETPs for self-directed clients after years of caution on crypto, citing rising customer demand and clearer EU rules.",Cointelegraph,https://cointelegraph.com/news/denmark-largest-bank-danske-pivots-bitcoin-ether,0.097241,Neutral
2026-02-11,2026-02-11 15:03:00,ETFs to Play as Morgan Stanley Bets 150%+ Upside for 2 Bitcoin Miners,"ETFs emerge as a diversified way to tap their AI pivot, as Cipher Mining and TeraWulf jump after Morgan Stanley's 150%+ upside call.",Zacks Commentary,https://www.zacks.com/stock/news/2854324/etfs-to-play-as-morgan-stanley-bets-150-upside-for-2-bitcoin-miners,0.256163,Somewhat-Bullish
2026-02-11,2026-02-11 15:30:19,"Bitcoin Fails To Pass $69,000 In A US Nonfarm Payrolls Reaction","Bitcoin volatility spiked on the back of surprisingly strong US nonfarm payrolls numbers, but traders retained $50,000 BTC price targets. Will a Federal Reserve interest rate decision lead to a bullish outcome?",Cointelegraph,https://cointelegraph.com/news/bitcoin-reacts-to-major-us-jobs-data-beat-as-fed-rate-pause-odds-near-95,-0.039419,Neutral
2026-02-11,2026-02-11 16:00:31,"Beware Dip Buyers, Bitcoin Is Entering Its 'Winter Phase', New Report Finds","Bitcoin ( CRYPTO: BTC ) may be quietly transitioning into a new ""winter phase,"" even as prices remain historically elevated, a new report shows. According to CryptoQuant, current conditions increasingly resemble the early stages of a broader downturn, with downside pressure gradually dominating.",Benzinga,https://www.benzinga.com/crypto/cryptocurrency/26/02/50547246/beware-dip-buyers-bitcoin-is-entering-its-winter-phase-new-report-finds,0.012369,Neutral
2026-02-11,2026-02-11 16:10:17,"Following Bitcoin Dive, Galaxy CEO Novogratz Says Crypto Headed for 'Much Lower Returns'","Galaxy CEO Mike Novogratz believes crypto's speculative era is ending, replaced by real-world asset tokenization with lower returns.",Decrypt.co,https://decrypt.co/357696/galaxy-ceo-mike-novogratz-crypto-much-lower-returns,0.059923,Neutral
2026-02-11,2026-02-11 16:30:00,Bitcoin 2026 Rally To $150K Possible If These Conditions Are Met,"Bitcoin price could still reach $150,000 by year-end, but several things must happen for BTC price to find its technical footing and spark a new bull run.",Cointelegraph,https://cointelegraph.com/news/when-will-bitcoin-start-a-new-bull-cycle-toward-150k-look-for-these-signs,0.0,Neutral
2026-02-11,2026-02-11 17:10:00,"Cosmos Health Expands Digital Assets Program with $500,000 Bitcoin Purchase, Bringing Total Cryptocurrency Investments to $2.5 Million; Evaluates Inclusion of Other Select Cryptocurrencies - Cosmos Health  ( NASDAQ:COSM ) ","The Company's digital assets program has so far been centered on Ethereum ( ETH ) . While Ethereum will continue to serve as a key pillar of the program, the addition of Bitcoin represents a strategic evolution intended to broaden exposure across established digital assets.",Benzinga,https://www.benzinga.com/pressreleases/26/02/g50550862/cosmos-health-expands-digital-assets-program-with-500-000-bitcoin-purchase-bringing-total-cryptocu,0.232887,Somewhat-Bullish
2026-02-11,2026-02-11 17:10:00,"Cosmos Health Expands Digital Assets Program with $500,000 Bitcoin Purchase, Bringing Total Cryptocurrency Investments to $2.5 Million; Evaluates Inclusion of Other Select Cryptocurrencies","CHICAGO, Feb. 11, 2026 ( GLOBE NEWSWIRE ) -- Cosmos Health Inc. ( ""Cosmos Health"" or the ""Company"" ) ( NASDAQ:COSM ) , a diversified, vertically integrated global healthcare group, today announced the expansion of its digital assets program with the purchase of $500,000 of Bitcoin ( BTC ) , ...",GlobeNewswire,https://www.globenewswire.com/news-release/2026/02/11/3236569/0/en/Cosmos-Health-Expands-Digital-Assets-Program-with-500-000-Bitcoin-Purchase-Bringing-Total-Cryptocurrency-Investments-to-2-5-Million-Evaluates-Inclusion-of-Other-Select-Cryptocurren.html,0.24372,Somewhat-Bullish
2026-02-11,2026-02-11 17:32:02,Susquehanna-Backed Crypto Lender BlockFills Suspends Withdrawals as Bitcoin Sinks,Crypto firm BlockFills said it has temporarily halted deposits and withdrawals on its platform amid falling crypto prices and volatility.,Decrypt.co,https://decrypt.co/357760/crypto-lender-blockfills-suspends-withdrawals-bitcoin-sinks,0.108566,Neutral
2026-02-11,2026-02-11 17:52:23,"Why Bitcoin's $126,000 Top Forced A Structural Reset Towards $60,000","Bitcoin's ( CRYPTO: BTC ) rally to $126,000 marked a premature cycle top, which forced a deeper reset toward the $60,000 region instead of making a run to $150,000. Trader BitQuant on Wednesday analyzed the market swing, saying the early peak signaled a structural shift before a proper ...",Benzinga,https://www.benzinga.com/crypto/cryptocurrency/26/02/50552873/why-bitcoins-126000-top-forced-a-structural-reset-towards-60000,-0.09233,Neutral
2026-02-11,2026-02-11 18:34:13,Coinbase Price Projections Slashed By Analysts Ahead of Earnings,"Analysts from JPMorgan, Cantor Fitzgerald, and Citi remain bullish on Coinbase, but have all cut their price targets as Bitcoin dives deeper.",Decrypt.co,https://decrypt.co/357642/coinbase-price-projections-slashed-analysts-ahead-earnings,-0.097218,Neutral
2026-02-11,2026-02-11 19:16:17,Bitcoin Slips Below $66K As Absent Spot Demand Benefits Bears,"Bitcoin price crumbled back toward its 2026 low as a lack of fresh capital inflows, weak investor sentiment, and rising selling in spot markets chipped away at the $66,000 level.",Cointelegraph,https://cointelegraph.com/news/bitcoin-rebound-hype-fades-as-range-highs-crumble-here-s-why-btc-is-volatile,0.014919,Neutral
2026-02-11,2026-02-11 19:40:53,Bitcoin Slides as Fed Rate Cut Doubts Follow Strong Jobs Report,Bitcoin continued falling Wednesday after a strong U.S. jobs report dampened hopes that the Federal Reserve would lower interest rates in March.,Decrypt.co,https://decrypt.co/357789/bitcoin-slides-fed-rate-cut-doubts-strong-jobs-report,0.024409,Neutral
2026-02-11,2026-02-11 19:44:09,Why Bitcoin Erased All Post-Trump Election Gains And What Happens Next,"Bitcoin ( CRYPTO: BTC ) has shed almost 50% of its value from its top last October and plummeted below its November 2024 price. According to Wintermute, the sell-off in early February triggered more than $2.7 billion in liquidations, marking Bitcoin's steepest drawdown since 2022.",Benzinga,https://www.benzinga.com/crypto/cryptocurrency/26/02/50556853/why-bitcoin-erased-all-post-trump-election-gains-and-what-happens-next,0.0,Neutral
2026-02-11,2026-02-11 20:04:32,"Bitcoin Exchange Paxful Must Pay $4 Million Over Prostitution, Money Laundering Charges",Paxful signed a plea deal saying it should pay a $112 million fine for its crimes. But the DOJ determined it could only afford to pay $4 million.,Decrypt.co,https://decrypt.co/357793/bitcoin-exchange-paxful-pay-4-million-prostitution-money-laundering,-0.037479,Neutral
2026-02-11,2026-02-11 20:15:00,Bitcoin and XRP Are Crashing. Should You Buy the Dip?,Sometimes discretion is the better part of valor.,Motley Fool,https://www.fool.com/investing/2026/02/11/bitcoin-and-xrp-are-crashing-should-you-buy-the-di/,-0.022127,Neutral
2026-02-11,2026-02-11 20:20:00,"Bitcoin, Altcoins Consolidate In Search Of New Price Floor","Technical charts show Bitcoin and altcoins consolidating as part of establishing a new price floor after last week's sharp sell-off. As a range is determined, will bulls or bears establish dominance?",Cointelegraph,https://cointelegraph.com/news/price-predictions-2-11-btc-eth-bnb-xrp-sol-doge-bch-hype-ada-xmr,-0.052873,Neutral
2026-02-11,2026-02-11 20:22:04,"Bitcoin, Ethereum, XRP, Dogecoin Slide As Strong Jobs Data Sparks Risk-Off Move","Bitcoin is trading lower Wednesday as stronger-than-expected U.S. jobs data fueled macro headwinds and triggered another wave of risk-off selling. Trader Notes: Crypto Tony said the precise bottom remains uncertain but identified $64,000 as the strongest support zone due to heavy technical ...",Benzinga,https://www.benzinga.com/crypto/cryptocurrency/26/02/50558079/bitcoin-ethereum-xrp-dogecoin-slide-as-strong-jobs-data-sparks-risk-off-move,0.210017,Somewhat-Bullish
2026-02-11,2026-02-11 20:45:25,"Bitcoin Transfer, New Ransom Demand Surface in Nancy Guthrie Abduction Case: Reports",Investigators released footage of a suspect in the Nancy Guthrie case amid reports of a Bitcoin transfer and new ransom demand.,Decrypt.co,https://decrypt.co/357785/bitcoin-transfer-ransom-demand-surface-nancy-guthrie-abduction,0.051949,Neutral
2026-02-11,2026-02-11 21:15:02,Bitcoin $60K Retest Possible Due To Growing Liquidity Gap,"Bitcoin's rejection at $70,000 and the large liquidity void below leave $60,000 vulnerable, a move analysts see as likely in the coming days.",Cointelegraph,https://cointelegraph.com/news/bitcoin-futures-data-shows-bears-gearing-up-for-an-assault-on-dollar60k,-0.23702,Somewhat-Bearish
2026-02-11,2026-02-11 21:15:09,Another Bitcoin Crash - Another Comeback?,"It is no longer news that Bitcoin ( CRYPTO: BTC ) plummeted and now steadies below $70,000, wiping off almost half of the crypto's value since it reached an all-time high of $ 126,000 four months ago.",Benzinga,https://www.benzinga.com/Opinion/26/02/50560712/another-bitcoin-crash-another-comeback,-0.157371,Somewhat-Bearish
2026-02-12,2026-02-12 02:06:56,"Gold, Silver Fall Alongside Bitcoin, Ethereum, Dogecoin As 'Extreme Fear' Persists: Analyst Sees BTC's 'Slow Bleed' To This Level Before Rebound - Grayscale Bitcoin Mini Trust  ( BTC )   ( ARCA:BTC ) ","Leading cryptocurrencies fell alongside stocks and precious metals on Wednesday, even as job growth accelerated strongly in January. Bitcoin dived below $65,000 in the early trading hours before bouncing back to $68,000 in the evening.",Benzinga,https://www.benzinga.com/crypto/cryptocurrency/26/02/50565604/gold-silver-fall-alongside-bitcoin-ethereum-dogecoin-as-extreme-fear-persists-analyst-sees-,-0.05819,Neutral
2026-02-12,2026-02-12 04:49:05,Thailand Approves Bitcoin For Derivatives Trading Markets,"Binance Thailand's chief executive said it is a ""watershed moment"" for digital assets in the country, which he says are no longer merely speculative instruments.",Cointelegraph,https://cointelegraph.com/news/thailand-approves-crypto-underlying-assets-derivatives-markets,0.227728,Somewhat-Bullish
2026-02-12,2026-02-12 04:49:36,Jim Chanos Slams Bitcoin Play Strategy For Bragging About Stability Of Preferred Shares: 'Can You Imagine Any Other CEO With A Plunging Stock…',"Veteran short seller Jim Chanos slammed Strategy Inc. ( NASDAQ:MSTR ) for touting the stability of its perpetual preferred shares on Wednesday, even as its main stock continues to get hammered.",Benzinga,https://www.benzinga.com/crypto/cryptocurrency/26/02/50566065/jim-chanos-slams-bitcoin-play-strategy-for-bragging-about-stability-of-preferred-shares-can,-0.072145,Neutral
2026-02-12,2026-02-12 05:00:39,What to Expect for Bitcoin and Crypto Ahead of This Week's Inflation Data,Investors are focused on January's CPI release after stronger-than-expected jobs data forced a repricing of rate expectations.,Decrypt.co,https://decrypt.co/357818/bitcoin-crypto-this-weeks-inflation-data,-0.071203,Neutral
2026-02-12,2026-02-12 06:20:54,Strategy to Push Preferred Stock to Boost Bitcoin Buys: CEO,Strategy CEO Phong Le says the company is moving away from issuing and selling common stock to buy Bitcoin and isn't interested in acquiring Bitcoin treasuries.,Cointelegraph,https://cointelegraph.com/news/strategy-ceo-preferred-stock-fund-bitcoin-buys,0.162567,Somewhat-Bullish
2026-02-12,2026-02-12 08:37:01,ARK Invest Snaps Up $33M in Robinhood Shares Amid Bitcoin Dip,"Cathie Wood's ARK Invest bought nearly $50 million of Robinhood, Bullish and Circle shares as Bitcoin dipped and US spot BTC ETFs saw $276 million in outflows.",Cointelegraph,https://cointelegraph.com/news/ark-buy-robinhood-34-million-bitcoin-slip-below-66k,0.081323,Neutral
2026-02-12,2026-02-12 09:00:00,This 1 Quantum Computing Rumor Is Making Investors Sell Their Bitcoin. Don't Fall for It,Bitcoin isn't under attack by a quantum computer right now.,Motley Fool,https://www.fool.com/investing/2026/02/12/this-1-quantum-computing-rumor-is-making-investors/,-0.167266,Somewhat-Bearish
2026-02-12,2026-02-12 09:03:16,Binance Completes $1B Bitcoin Conversion for SAFU Fund,Binance completed its $1 billion Bitcoin conversion for its emergency user fund as crypto sentiment hit record lows and smart money traders increased short exposure.,Cointelegraph,https://cointelegraph.com/news/binance-completes-1b-bitcoin-safu-conversion,0.031332,Neutral
2026-02-12,2026-02-12 09:39:50,"Barry Silbert Forecasts Up To 10% Of Bitcoin's Market Cap Will Move To Privacy Coins-Crypto Mogul Says Zcash Can Rocket 500x, BTC Won't","Barry Silbert, CEO of cryptocurrency conglomerate Digital Currency Group, said Wednesday that privacy-focused cryptocurrencies are poised to become the next big investment opportunity in the industry.",Benzinga,https://www.benzinga.com/crypto/cryptocurrency/26/02/50567877/barry-silbert-forecasts-up-to-10-of-bitcoins-market-cap-will-move-to-privacy-coins-crypto-m,-0.043359,Neutral
2026-02-12,2026-02-12 12:13:17,"Bitcoin To $68,000, Ethereum, XRP, Dogecoin Creep 1% Higher","Bitcoin is up to $68,000 on Thursday morning after a volatile stretch that wiped out post-election gains; liquidations stand at $338.20 million over the past 24 hours. Bitcoin ETFs saw $276.3 million in net outflows on Wednesday, while Ethereum ETFs reported $129.18 million in net outflows.",Benzinga,https://www.benzinga.com/crypto/cryptocurrency/26/02/50571546/bitcoin-to-68000-ethereum-xrp-dogecoin-creep-1-higher,-0.048201,Neutral
2026-02-12,2026-02-12 13:57:42,"Bitcoin Miner Outflows Surge in January BTC, But Filings Show Steady Market","Onchain data shows nearly 49,000 BTC moved from miner wallets in two days, but public disclosures suggest the transfers do not reflect broad capitulation.",Cointelegraph,https://cointelegraph.com/news/miner-outflows-spike-public-miners-steady-january,-0.040771,Neutral
2026-02-12,2026-02-12 13:59:31,Is This Crypto Winter Different? Key Observers Reevaluate Bitcoin,"The current market downswing could be driven by institutional investors exiting positions, as crypto still presents too much risk for them.",Cointelegraph,https://cointelegraph.com/news/crypto-winter-different-observers-reevaluate-bitcoin,0.191954,Somewhat-Bullish
2026-02-12,2026-02-12 14:49:30,"Strategy CEO Calls Bitcoin Sell-Off 'Extremely Unlikely,' Aims To Double BTC Per Share In 7 Years - Strategy  ( NASDAQ:MSTR ) ","Fong Lee, CEO of Strategy ( NASDAQ:MSTR ) , said the company's Digital Asset Treasury ( DAT ) model is built to offer amplified exposure to Bitcoin ( CRYPTO: BTC ) , positioning the stock as a leveraged proxy for the asset.",Benzinga,https://www.benzinga.com/crypto/cryptocurrency/26/02/50578166/strategy-ceo-calls-bitcoin-sell-off-extremely-unlikely-aims-to-double-btc-per-share-in-7-ye,0.028747,Neutral
2026-02-12,2026-02-12 15:29:46,"Bitcoin Will Fall to $50K and Ethereum Will Hit $1,400 Before Rebound: Standard Chartered","Standard Chartered predicts Bitcoin will hit $100K and Ethereum will rise to $4,000 by the end of 2026, but expects further drops first.",Decrypt.co,https://decrypt.co/357858/bitcoin-50k-ethereum-1400-before-rebound-standard-chartered,0.016795,Neutral
2026-02-12,2026-02-12 16:02:06,"Bitcoin Exchanges Point To ""Early Signs"" Of Recovery Amid Sentiment Crash","Bitcoin net taker volume flipped positive after a month of ""aggressive"" selling, but sentiment crashed to its lowest levels in crypto market history.",Cointelegraph,https://cointelegraph.com/news/crypto-sentiment-sees-record-low-as-binance-teases-bitcoin-stabilization,-0.113201,Neutral
2026-02-12,2026-02-12 16:12:17,"Bitcoin Recovery Likely To Be 'Slow And Painful,' Analysts Warn: Watch This Key Level","Influential crypto traders Trader Mayne and DonAlt maintain a cautious, bearish-to-neutral stance on Bitcoin ( CRYPTO: BTC ) , warning that a sharp V-shaped recovery is unlikely. In their latest podcast, both analysts said they expect a prolonged, choppy correction rather than an immediate ...",Benzinga,https://www.benzinga.com/crypto/cryptocurrency/26/02/50582791/bitcoin-recovery-likely-to-be-slow-and-painful-analysts-warn-watch-this-key-level,-0.034486,Neutral
2026-02-12,2026-02-12 16:52:55,Bitcoin Promotion Error Sparks Regulatory Reckoning in South Korea,A mistaken Bitcoin payout revealed how exchange ledgers work and why South Korea is rethinking internal controls for crypto platforms.,Cointelegraph,https://cointelegraph.com/news/how-a-bitcoin-promotion-error-triggered-a-regulatory-reckoning-in-south-korea,-0.058356,Neutral
2026-02-12,2026-02-12 17:00:00,"Bitcoin Bulls Have A Crunch Weekly Close Ahead, Says Analysis","Bitcoin may continue to copy its 2022 bear market if bulls fail to reclaim the 200-week exponential moving average by the end of the week, new analysis said.",Cointelegraph,https://cointelegraph.com/news/bitcoin-may-close-week-at-68-3k-to-avoid-bearish-acceleration-analyst,-0.120207,Neutral
2026-02-12,2026-02-12 17:12:05,"AI Infrastructure, Not Crypto, Is Driving the Real Supercycle",AI data center spending is eclipsing crypto's hoped-for supercycle as Bitcoin miners shift capital toward high-performance computing infrastructure.,Cointelegraph,https://cointelegraph.com/news/ai-infrastructure-supercycle-bitcoin-miners-pivot-data-centers,0.011819,Neutral
2026-02-12,2026-02-12 17:17:39,"Standard Chartered Cuts 2026 Bitcoin, Ethereum Targets For The Second Time","Standard Chartered has lowered its 2026 price forecasts for Bitcoin ( CRYPTO: BTC ) and Ethereum ( CRYPTO: ETH ) for the second time in under three months, citing persistent macro headwinds and continued ETF outflows.",Benzinga,https://www.benzinga.com/crypto/cryptocurrency/26/02/50586008/standard-chartered-cuts-2026-bitcoin-ethereum-targets-for-the-second-time,-0.187089,Somewhat-Bearish
2026-02-12,2026-02-12 17:40:16,Bitcoin Treasuries Added $3.5 Billion in January-Almost All By Strategy,"Bitcoin-buying firms delivered on demand last year, but they struggled to keep up with market leader Strategy for a fourth straight month.",Decrypt.co,https://decrypt.co/357902/bitcoin-treasuries-added-3-5-billion-january-strategy,0.108841,Neutral
2026-02-12,2026-02-12 17:45:00,Bitcoin Price Stuck Under $72K As Consolidation Looms: New Research.,"Glassnode analysts said Bitcoin remains stuck between ""key cost-basis levels,"" adding that a prolonged consolidation period may lie ahead for BTC even if traders are actively buying dips to the range lows.",Cointelegraph,https://cointelegraph.com/news/bitcoin-analysts-predict-prolonged-consolidation-phase-for-btc-price,0.053079,Neutral
2026-02-12,2026-02-12 18:28:55,How Many iShares Bitcoin Trust ETF Shares You Need to Own the Equivalent of 1 Bitcoin,The top Bitcoin ETF is a simple way to invest in the top cryptocurrency.,Motley Fool,https://www.fool.com/investing/2026/02/12/how-many-ishares-bitcoin-trust-etf-shares-you-need/,0.289313,Somewhat-Bullish
2026-02-12,2026-02-12 18:45:00,Spot ETH ETFs Losses Outpace Bitcoin As Monthly Netflows Remain Negative,"Bitcoin and Ether spot ETF holders are nursing steep losses as the market continues to search for a local bottom, but data from Bloomberg suggests neither cohort is capitulating.",Cointelegraph,https://cointelegraph.com/news/eth-etf-holders-in-worse-position-than-btc-etf-peers-as-crypto-market-looks-for-bottom,-0.098498,Neutral
2026-02-12,2026-02-12 18:57:56,"Cango Secures $75.5M, Investor Nears 50% Voting Control","The funding follows a $305 million Bitcoin sale and increases a key investor's voting power to nearly 50%, as the company restructures its balance sheet amid sector volatility.",Cointelegraph,https://cointelegraph.com/news/cango-raises-75-5m-in-equity-as-bitcoin-miner-pivots-toward-ai-infrastructure,0.069009,Neutral
2026-02-12,2026-02-12 19:48:42,Owning Bitcoin Through an ETF: Scale or Lower Fees With IBIT and HODL,"The iShares Bitcoin Trust ETF and the VanEck Bitcoin ETF both offerdirect bitcoin exposure, but one dominates in scale and the other offers a fee advantage. Here's what matters most when choosing between these leading bitcoin ETFs.",Motley Fool,https://www.fool.com/coverage/etfs/2026/02/12/owning-bitcoin-through-an-etf-scale-or-lower-fees-with-ibit-and-hodl/,0.231924,Somewhat-Bullish
2026-02-12,2026-02-12 20:00:00,Bitcoin vs. NVIDIA: Digital Gold or AI Giant for Long-Term Growth?,"Bitcoin tumbles 22.9% YTD amid ETF outflows and weak sentiment, while NVIDIA rides the AI boom with soaring revenues and a strong growth outlook.",Zacks Commentary,https://www.zacks.com/stock/news/2864085/bitcoin-vs-nvidia-digital-gold-or-ai-giant-for-long-term-growth,0.151209,Somewhat-Bullish
2026-02-12,2026-02-12 20:09:41,"Bitcoin At $66,000 As Ethereum, XRP, Dogecoin Plunge Further Into 'Extreme Fear'","Bitcoin ( CRYPTO: BTC ) dropped below $66,000 on Thursday amidst a broader macro-driven sell-off, pushing market sentiment deeper into ""Extreme Fear."" Coinglass data shows 119,529 traders were liquidated in the past 24 hours for $281.74 million.",Benzinga,https://www.benzinga.com/crypto/cryptocurrency/26/02/50592737/bitcoin-at-66000-as-ethereum-xrp-dogecoin-plunge-further-into-extreme-fear,-0.021631,Neutral
2026-02-12,2026-02-12 20:15:04,Myriad Moves: Bitcoin Traders Expect a Dump to $55K Amid Latest Slide,"Top markets on Myriad this week include predictions on Bitcoin's next move, a multimillion-dollar Pokémon card sale, and more.",Decrypt.co,https://decrypt.co/357910/myriad-moves-bitcoin-traders-expect-dump-55k,0.081567,Neutral
2026-02-12,2026-02-12 20:20:43,"TeraWulf Stock has Surged Over 200%, and One Fund Just Sold Off $12 Million in Shares","TeraWulf operates large-scale bitcoin mining facilities in New York and Pennsylvania, using proprietary infrastructure and energy resources.",Motley Fool,https://www.fool.com/coverage/filings/2026/02/12/hodges-dumps-919k-wulf-shares-worth-123-million/,0.202385,Somewhat-Bullish
2026-02-12,2026-02-12 21:24:16,Bitcoin Funding Hints At Overcrowded Trade: Is A Short Squeeze Near?,"Bitcoin's daily funding rate has been deeply negative for days, reflecting heavy short positioning, but historical data also suggests that a squeeze on bears could be brewing.",Cointelegraph,https://cointelegraph.com/news/multi-day-negative-bitcoin-funding-signals-overcrowded-short-trade-time-for-a-reversal,-0.179092,Somewhat-Bearish
2026-02-12,2026-02-12 22:30:00,Here's Why Bitcoin Analysts Say BTC Market Will Bottom in Q4 2026.,"Bitcoin appears trapped within a capitulation zone where long-term holders continue to sell, and bearish onchain metrics hint at further downside. Will a drop to $40,000 mark the final price bottom?",Cointelegraph,https://cointelegraph.com/news/bitcoin-in-capitulation-zone-as-traders-debate-when-btc-price-will-bottom,-0.090049,Neutral
2026-02-13,2026-02-13 02:03:02,"Bitcoin, Ethereum, XRP Slide, While Dogecoin Gains Ahead Of Key Inflation Data: Analyst Flags Level That Historically Marked BTC's Bottom - Grayscale Bitcoin Mini Trust  ( BTC )   ( ARCA:BTC ) ","Leading cryptocurrencies extended losses alongside the stock market on Wednesday, as investors brace for crucial consumer inflation data. Bitcoin oscillated between $65,000 and $68,000, while a low 24-hour trading volume suggested a lack of strong buying interest to push the price higher.",Benzinga,https://www.benzinga.com/crypto/cryptocurrency/26/02/50601384/bitcoin-ethereum-xrp-slide-while-dogecoin-gains-ahead-of-key-inflation-data-analyst-flags-l,-0.08223,Neutral
2026-02-13,2026-02-13 03:29:23,Bitcoin Posts $2.3B Loss In Historic Capitulation Event,Bitcoin has seen record realized losses in one of the cryptocurrency's largest-ever capitulation events as short-term holders sold at steep losses amid its decline.,Cointelegraph,https://cointelegraph.com/news/bitcoin-suffers-losses-rivaling-2021-crash-as-capitulation-continues,-0.116526,Neutral
2026-02-13,2026-02-13 03:30:00,Bitcoin Leads a Fresh Crypto Slide: Here's What It Means for Ethereum and Solana Investors,Bitcoin's seemingly random tumble doesn't bode well for the crypto sector's near term.,Motley Fool,https://www.fool.com/investing/2026/02/12/bitcoin-leads-a-fresh-crypto-slide-heres-what-it-m/,-0.110946,Neutral
2026-02-13,2026-02-13 03:47:56,BTC OI Falls To 2-Year Low: Is The Bull Market Over?,Bitcoin open interest falls to $34 billion as investor demand dries up and traders' concerns shift to worrying US macroeconomic data. Is TradFi exiting BTC?,Cointelegraph,https://cointelegraph.com/news/bitcoin-open-interest-hits-lows-not-seen-since-2024-is-tradfi-abandoning-btc,-0.11807,Neutral
2026-02-13,2026-02-13 04:24:34,"Bitcoin Signals Turning Point-But No Clear Bottom Yet, Experts Say","Key valuation gauges remain short of the capitulation seen at past cycle lows, as inflation risks keep the pressure on digital assets.",Decrypt.co,https://decrypt.co/357992/bitcoin-signals-turning-point-no-clear-bottom-yet-experts,-0.202734,Somewhat-Bearish
2026-02-13,2026-02-13 08:46:00,"The Zacks Analyst NVIDIA, Intel, Advanced Micro Devices and Alibaba Group Holding","Bitcoin tumbles into a deepening crypto winter, while NVIDIA rides booming AI demand and forecasts nearly $65B in Q4 revenue.",Zacks Commentary,https://www.zacks.com/stock/news/2868255/the-zacks-analyst-nvidia-intel-advanced-micro-devices-and-alibaba-group-holding,0.19009,Somewhat-Bullish
2026-02-13,2026-02-13 09:04:36,Bitcoin ETFs Post $410M Outflows As Early-Week Momentum Fades,"US spot Bitcoin ETFs are on track for a fourth consecutive week of losses as Standard Chartered cut its 2026 Bitcoin target to $100,000.",Cointelegraph,https://cointelegraph.com/news/bitcoin-etf-410-million-outflows-standard-chartered-cut-target,-0.086547,Neutral
2026-02-13,2026-02-13 10:27:45,"Standard Chartered sees bitcoin sinking to US$50,000 before mounting a comeback","As the cryptocurrency market faces mounting pressure, Standard Chartered on Thursday cut its forecast for bitcoin, flagging a further drop to US$50,000 before the world's largest cryptocurrency stabilises. The digital currency was trading at around US$66,300 at 1pm Hong Kong time on Friday, a ...",South China Morning Post,https://www.scmp.com/tech/article/3343504/standard-chartered-expects-bitcoin-slump-us50000-mounting-comeback,-0.197144,Somewhat-Bearish
2026-02-13,2026-02-13 10:55:19,South Korea Probes Missing 22 Bitcoin From Police Wallet,"The loss was uncovered during an audit launched after a separate 320 Bitcoin custody failure, raising fresh concerns over digital asset management by authorities.",Cointelegraph,https://cointelegraph.com/news/seoul-police-22-bitcoin-missing-cold-wallet,-0.140405,Neutral
2026-02-13,2026-02-13 11:29:52,PGI CEO Gets 20 Years Over $200M Crypto Investment Scheme,A federal judge sentenced PGI founder Ramil Palafox to 20 years in prison for running a Bitcoin Ponzi scheme that raised over $200 million from customers between 2019 and 2021.,Cointelegraph,https://cointelegraph.com/news/pgi-ceo-20-year-sentence-200m-crypto-scheme,0.0,Neutral
2026-02-13,2026-02-13 11:43:21,"Bitcoin Holds $66,000 As Ethereum, XRP Weaken Ahead Of Inflation Data","Bitcoin is holding the $66,000 level ahead of key inflation data, as liquidations stand at $251.62 million over the past 24 hours. Bitcoin ETFs saw $410.4 million in net outflows on Thursday, while Ethereum ETFs reported $113.1 million in net outflows.",Benzinga,https://www.benzinga.com/crypto/cryptocurrency/26/02/50604942/bitcoin-holds-66000-as-ethereum-xrp-weaken-ahead-of-inflation-data,-0.124266,Neutral
2026-02-13,2026-02-13 12:00:00,Will Bitcoin Keep Falling After Its 50% Decline or Is It Time to Buy? History Offers a Clear Answer.,Bitcoin's big drop is its seventh-largest in history.,Motley Fool,https://www.fool.com/investing/2026/02/13/will-bitcoin-keep-falling-after-its-50-decline-or/,-0.012035,Neutral
2026-02-13,2026-02-13 13:30:00,Are Quantum-Proof Bitcoin Wallets Insurance or a Fear Tax?,"Post-quantum Bitcoin wallets are already on sale, leaving investors to decide whether they're buying insurance or paying up fear tax.",Cointelegraph,https://cointelegraph.com/news/quantum-proof-bitcoin-wallets-insurance-fear-tax,-0.031642,Neutral
2026-02-13,2026-02-13 13:34:34,Bitcoin ETFs Shed $410M Amid BTC's Ongoing Slump,"U.S. spot Bitcoin ETFs saw $410M in outflows Thursday as institutional profit-taking and macro hedging create a ""liquidity mirage."" ...",Decrypt.co,https://decrypt.co/358008/bitcoin-etfs-shed-410m-amid-btcs-ongoing-slump,-0.13921,Neutral
2026-02-13,2026-02-13 14:02:12,XRP Co-Creator Calls Bitcoin A 'Technological Dead End'-Here's Why,"Ripple CTO Emeritus David Schwartz called Bitcoin ( CRYPTO: BTC ) a ""technological dead end"" comparable to the dollar as XRP ( CRYPTO: XRP ) is consolidating after a V-shaped recovery from $1.15 lows.",Benzinga,https://www.benzinga.com/crypto/cryptocurrency/26/02/50609128/xrp-co-creator-calls-bitcoin-a-technological-dead-end-heres-why,0.009752,Neutral
2026-02-13,2026-02-13 14:33:00,Crypto & Blockchain Stocks to Buy as Volatility Creates Opportunities,"Here, we discuss three stocks, MSTR, WULF and RIOT, which are well-poised to benefit from the growing proliferation of bitcoin and other cryptocurrencies.",Zacks Commentary,https://www.zacks.com/stock/news/2868890/crypto-blockchain-stocks-to-buy-as-volatility-creates-opportunities,0.188776,Somewhat-Bullish
2026-02-13,2026-02-13 15:31:16,"'There Will Be No Bailout For Bitcoin,' VanEck's Matthew Sigel Warns","Bitcoin's ( CRYPTO: BTC ) has pulled back 50% from its peak, but volatility has also declined sharply from prior cycles, according to Matthew Sigel, VanEck's head of digital assets research.",Benzinga,https://www.benzinga.com/crypto/cryptocurrency/26/02/50613739/there-will-be-no-bailout-for-bitcoin-vanecks-matthew-sigel-warns,-0.044211,Neutral
2026-02-13,2026-02-13 15:32:45,Bitcoin Gains 4% As Soft US CPI Boosts March Rate-Cut Odds,"Bitcoin bulls enjoyed a relief rally to $69,000 on the back of soft US CPI inflation data amid hopes of BTC price action making a ""higher low."" ...",Cointelegraph,https://cointelegraph.com/news/bitcoin-passes-68k-on-slower-us-cpi-print-but-fed-rate-cut-odds-stay-low,-0.06591,Neutral
2026-02-13,2026-02-13 15:38:00,"Peter Schiff Blasts Michael Saylor's $8,000 Bitcoin Plan: 'Will Anyone Take You Seriously?' - Strategy  ( NASDAQ:MSTR ) ","Gold advocate Peter Schiff attacked Strategy ( NASDAQ:MSTR ) executive chairman Michael Saylor's pledge to refinance debt at $8,000 Bitcoin ( CRYPTO: BTC ) , asking if anyone would take Saylor or Bitcoin seriously at that price.",Benzinga,https://www.benzinga.com/crypto/cryptocurrency/26/02/50614094/peter-schiff-blasts-michael-saylors-8000-bitcoin-plan-will-anyone-take-you-seriously,-0.266721,Somewhat-Bearish
2026-02-13,2026-02-13 16:30:00,Bitcoin Price Metric Sees 'Undervaluation' As It Taps Three-Year Lows,Bitcoin onchain analysis eyed a potential end to the BTC price downtrend as its MVRV ratio returned to levels not seen in three years.,Cointelegraph,https://cointelegraph.com/news/bitcoin-most-undervalued-since-march-2023-classic-btc-price-metric-shows,-0.082356,Neutral
2026-02-13,2026-02-13 16:32:51,Morning Minute: Coinbase Reports $667 Million Loss Amid Bitcoin Dive,"While Q4 was rough and the Q1 outlook is sobering, there are plenty of signs of hope within the Coinbase ecosystem.",Decrypt.co,https://decrypt.co/358004/morning-minute-coinbase-667-million-loss-bitcoin-dive,0.011952,Neutral
2026-02-13,2026-02-13 16:33:58,"Gemini Space Station Stock Rallies As Bitcoin Surges Above $69,000 - Gemini Space Station  ( NASDAQ:GEMI ) ","Gemini Space Station shares are powering higher. Why are GEMI shares rallying? The company is widely viewed by traders as a leveraged play on the world's largest cryptocurrency, because a meaningful share of its revenue is tied to Bitcoin-related activity, including trading, payment processing ...",Benzinga,https://www.benzinga.com/trading-ideas/movers/26/02/50616627/gemini-space-station-stock-rallies-as-bitcoin-surges-above-69000,0.302087,Somewhat-Bullish
2026-02-13,2026-02-13 16:55:06,"Strive  ( ASST )  Pops As Bitcoin Surges Near $69,000 - Strive  ( NASDAQ:ASST ) ","Strive shares are powering higher. Why are ASST shares rallying? Equity investors increasingly view ASST as a leveraged play on Bitcoin prices, so the stock often reacts more aggressively than the underlying token during big moves.",Benzinga,https://www.benzinga.com/trading-ideas/movers/26/02/50617438/strive-asst-pops-as-bitcoin-surges-near-69000,0.122017,Neutral
2026-02-13,2026-02-13 17:30:00,Bitcoin Eyes $80K as Traders Expect A Short-term BTC Price Rebound.,"Bitcoin's post-CPI rally above $69,000 could help complete the V-shaped recovery chart pattern and also confirm that $60,000 was the sell-off bottom.",Cointelegraph,https://cointelegraph.com/news/bitcoin-dollar72k-target-possible-if-v-shaped-recovery-pattern-completes,0.05057,Neutral
2026-02-13,2026-02-13 17:56:19,CleanSpark  ( CLSK )  Stock Is Surging Friday: What's Driving The Action? - Cleanspark  ( NASDAQ:CLSK ) ,"CleanSpark shares are powering higher. Why is CLSK stock surging? As a pure-play bitcoin miner, CleanSpark's revenue and profitability are tightly linked to the price of the world's largest cryptocurrency.",Benzinga,https://www.benzinga.com/trading-ideas/movers/26/02/50620087/cleanspark-clsk-stock-is-surging-friday-whats-driving-the-action,0.062861,Neutral
2026-02-13,2026-02-13 19:00:00,Crypto Crash: Is Bitcoin Still the Best Cryptocurrency to Buy After This Sell-Off?,Bitcoin's recent tumble wasn't linked to its fundamentals.,Motley Fool,https://www.fool.com/investing/2026/02/13/crypto-crash-is-bitcoin-still-the-best-cryptocurre/,-0.043935,Neutral
2026-02-13,2026-02-13 19:00:00,"BlackRock Enters DeFi Via UniSwap, Bitcoin Stages Modest Recovery","Bitcoin and Ether rebounded modestly as ETF outflows mounted, while BlackRock entered DeFi and Binance completed its $1 billion Bitcoin reserve shift.",Cointelegraph,https://cointelegraph.com/news/blackrock-enters-defi-institutional-crypto-push-finance-redefined,0.080722,Neutral
2026-02-13,2026-02-13 19:00:03,"Bitcoin Eyes $70,000 Reclaim As Ethereum, XRP, Dogecoin Flip Green - Bullish Weekend Ahead?","Bitcoin reversed its recent slide and is pushing back toward $70,000, even as ETF flows remain volatile and sentiment linger in ""Extreme Fear"" territory. Coinglass data shows 94,874 traders were liquidated in the past 24 hours for $294.61 million.",Benzinga,https://www.benzinga.com/crypto/cryptocurrency/26/02/50622430/bitcoin-eyes-70000-reclaim-as-ethereum-xrp-dogecoin-flip-green-bullish-weekend-ahead,-0.107068,Neutral
2026-02-13,2026-02-13 19:00:57,"Bitcoin Bounces to $69K, But Charts Are Still Bearish","Bitcoin's rebound from $60K lows may be a dead cat bounce, as the daily charts scream caution and prediction markets price in more pain.",Decrypt.co,https://decrypt.co/358049/bitcoin-bounces-69k-charts-bearish,-0.029372,Neutral
2026-02-13,2026-02-13 19:21:46,Bitcoin Pushes Above $69K as Retail Bulls Show Intent,"Bitcoin rallies above $69,000 as retail traders apply pressure to short positions and aim to generate a lasting bullish trend change.",Cointelegraph,https://cointelegraph.com/news/bitcoin-bulls-blitz-dollar69k-as-retail-traders-pressure-short-positioning,-0.002422,Neutral
2026-02-13,2026-02-13 20:00:00,Crypto Biz: Is Bitcoin Trading Like a Tech Stock?,"Bitcoin's growing correlation with tech stocks challenges its digital gold narrative, as Ether treasuries, BlackRock and Polymarket make bold moves.",Cointelegraph,https://cointelegraph.com/news/digital-gold-or-tech-stock-bitcoin-s-identity-crisis-deepens,0.041363,Neutral
2026-02-13,2026-02-13 20:00:12,"Fidelity Director Calls Bitcoin Bottom: 'My Guess Is $60,000 Is The Low'","Fidelity's Jurrien Timmer called Bitcoin's ( CRYPTO: BTC ) $60,000 low the cycle bottom, predicting a new bull market will begin after ""a few months of backing and filling"" as BTC trades around $67,589.",Benzinga,https://www.benzinga.com/crypto/cryptocurrency/26/02/50624439/fidelity-director-calls-bitcoin-bottom-my-guess-is-60000-is-the-low,0.138458,Neutral
2026-02-13,2026-02-13 20:29:22,Clarity Act Passage Would 'Comfort' Markets Amid Bitcoin Volatility: Treasury Secretary Bessent,U.S. Treasury Secretary Scott Bessent suggested that the crypto market would be calmed by the passage of the Clarity Act.,Decrypt.co,https://decrypt.co/358067/clarity-act-passage-comfort-markets-bitcoin-volatility-bessent,0.077677,Neutral
2026-02-13,2026-02-13 20:30:00,"Bitcoin, Altcoin Relief Rally Aim To Restore Pre-crash Range Highs","Bitcoin and several major altcoins are attempting a relief rally, signaling that the bulls are trying to form a higher low.",Cointelegraph,https://cointelegraph.com/news/price-predictions-2-13-btc-eth-bnb-xrp-sol-doge-bch-hype-ada-xmr,-0.083819,Neutral
2026-02-13,2026-02-13 21:05:27,3 Macro Drivers Providing Big Catalysts for Bitcoin's 5% Surge Higher Today,Bitcoin's 5% rise today has some investors questioning whether reversing course on bearish bets makes sense.,Motley Fool,https://www.fool.com/investing/2026/02/13/are-macro-drivers-the-only-catalysts-for-bitcoins/,0.127457,Neutral
2026-02-13,2026-02-13 21:22:46,"Trump Media Files to Launch Truth Social-Branded Bitcoin, Ethereum, Cronos ETFs","Truth Social Funds applied for ETFs that would give investors exposure to crypto-one focused on Bitcoin and Ethereum, the other on Cronos.",Decrypt.co,https://decrypt.co/358079/trump-media-files-truth-social-bitcoin-ethereum-cronos-etfs,0.302796,Somewhat-Bullish
2026-02-13,2026-02-13 22:45:00,Fold Announces Date of 2026 Annual Meeting of Shareholders,"PHOENIX, Feb. 13, 2026 ( GLOBE NEWSWIRE ) -- Fold Holdings, Inc. ( NASDAQ: FLD ) ( ""Fold"" or the ""Company"" ) , a bitcoin financial services company making it easy for individuals to earn, save and spend bitcoin through everyday financial tools, today announced that its Board of Directors ( the ...",GlobeNewswire,https://www.globenewswire.com/news-release/2026/02/13/3238365/0/en/Fold-Announces-Date-of-2026-Annual-Meeting-of-Shareholders.html,0.266043,Somewhat-Bullish
2026-02-13,2026-02-13 22:46:36,"Bitcoin On The Brink But Will In Any Case Survive As A Niche, Collectible Asset, Founder Says","According to BlockTower founder Ari Paul, crypto markets are at a critical juncture and face two sharply different outcomes. Paul on X outlined two ""steelman"" scenarios to explain the ongoing rangebound and weak price action. Scenario A: The cycle top may already be in, potentially for this ...",Benzinga,https://www.benzinga.com/crypto/cryptocurrency/26/02/50630374/bitcoin-on-the-brink-but-will-in-any-case-survive-as-a-niche-collectible-asset-founder-says,-0.029215,Neutral
2026-02-14,2026-02-14 02:45:00,3 Things Every Bitcoin Investor Needs to Know,Anyone interested in this top digital asset must take the time to gain a better understanding.,Motley Fool,https://www.fool.com/investing/2026/02/13/3-things-every-bitcoin-investor-needs-to-know/,0.205768,Somewhat-Bullish
2026-02-14,2026-02-14 03:38:20,Bitcoiners Face Test As Inflation Cools: Pompliano,"Bitcoin will become ""more valuable than ever"" after deflation stops covering ""up the impact"" on the US dollar, according to Bitcoin entrepreneur Anthony Pompliano.",Cointelegraph,https://cointelegraph.com/news/bitcoin-holders-inflation-data-valuation-us-dollar-anthony-pompliano,0.034019,Neutral
2026-02-14,2026-02-14 07:47:53,"Trump Media Files Bitcoin, Ether and Cronos Crypto ETFs with SEC","US spot Bitcoin ETFs recorded four straight weeks of net outflows, with about $360 million withdrawn in the latest week.",Cointelegraph,https://cointelegraph.com/news/trump-media-files-crypto-etfs-bitcoin-ether-cronos-sec,0.245513,Somewhat-Bullish
2026-02-14,2026-02-14 09:54:00,How Bitcoin Could Help You Retire a Millionaire,"Over the past decade, Bitcoin has consistently been the top-performing asset in the world.",Motley Fool,https://www.fool.com/investing/2026/02/14/how-cryptocurrency-could-help-you-retire-a-million/,0.11485,Neutral
2026-02-14,2026-02-14 10:30:00,Got $500? 2 Cryptocurrencies to Buy and Hold for Decades.,Here's why Bitcoin and Ethereum should be in your long-term portfolio.,Motley Fool,https://www.fool.com/investing/2026/02/14/got-500-2-cryptocurrencies-to-buy-and-hold-for-dec/,0.259777,Somewhat-Bullish
2026-02-14,2026-02-14 12:30:00,Better Cryptocurrency to Buy Now and Hold for 10 Years: XRP vs. Bitcoin,"Both these assets have earned their place as leaders, but the next 10 years could be tough for one of them.",Motley Fool,https://www.fool.com/investing/2026/02/14/better-cryptocurrency-to-buy-now-and-hold-for-10-y/,0.119747,Neutral
2026-02-14,2026-02-14 16:11:05,"Bitcoin Is Down Bad, But Hasn't Yet Hit Its 'Ultimate Bear Market Bottom': Analysts","Despite its 45% fall since its October peak, Bitcoin has not yet found its bear market bottom, according to a new report from CryptoQuant.",Decrypt.co,https://decrypt.co/358083/bitcoin-down-bad-hasnt-hit-ultimate-bear-market-bottom,-0.066595,Neutral
2026-02-14,2026-02-14 17:32:07,Grant Cardone Is Selling A Mega Mansion For Bitcoin Only And Says He'll Be 'Better Off' By 2029 - But Will Anyone Bite? - Grayscale Bitcoin Mini Trust  ( BTC )   ( ARCA:BTC ) ,"Bitcoin ( CRYPTO: BTC ) may have been hammered in the ongoing slump, but is it enough to swap your digital fortune for a beachfront luxury pad? Well, real estate mogul Grant Cardone is making that exact offer.",Benzinga,https://www.benzinga.com/crypto/cryptocurrency/26/02/50632640/grant-cardone-is-selling-a-mega-mansion-for-bitcoin-only-and-says-hell-be-better-off-by-202,0.217136,Somewhat-Bullish
2026-03-01,2026-03-01 02:45:00,"Bitcoin Is Headed to $500,000. This Wall Street Analyst Explains Why.",Bitcoin investors may soon forget the recent correction.,Motley Fool,https://www.fool.com/investing/2026/02/28/bitcoin-is-headed-to-500000-this-wall-street-analy/,0.306875,Somewhat-Bullish
2026-03-01,2026-03-01 04:58:31,Bitcoin Recovers to $68K After Iran Supreme Leader Killed,"Donald Trump described Ayatollah Khamenei as ""one of the most evil people in history,"" on Truth Social.",Cointelegraph,https://cointelegraph.com/news/bitcoin-recovers-to-68k-following-reported-death-of-iranian-supreme-leader,-0.140324,Neutral
2026-03-01,2026-03-01 06:00:00,"Better Cryptocurrency to Buy Now With $1,000 And Hold For 3 Years: XRP vs. Bitcoin","The landscape is shifting rapidly, and these two coins are adapting differently.",Motley Fool,https://www.fool.com/investing/2026/03/01/better-cryptocurrency-to-buy-now-with-1000-and-hol/,0.075473,Neutral
2026-03-01,2026-03-01 15:42:03,"Bitcoin Can Hit $74,000 Despite Iran Tensions, Trader Predicts","Bitcoin avoided a fresh breakdown around major geopolitical events in the Middle East, with BTC price targets now including $74,000 next.",Cointelegraph,https://cointelegraph.com/news/bitcoin-traders-eye-iran-reactions-oil-sparks-us-5-inflation-forecast,-0.135364,Neutral
2026-03-01,2026-03-01 17:01:03,You Can Earn Real Bitcoin for Playing This Mining Empire Game-Should You Bother?,"Bitcoin Empire on iOS and Android pays out real BTC to players, but is the digital mining grind worth the meager rewards?",Decrypt.co,https://decrypt.co/359555/earn-real-bitcoin-playing-mining-empire-game-should-you-bother,0.209994,Somewhat-Bullish
2026-03-01,2026-03-01 18:54:23,Z Score of Bitcoin-to-Gold Ratio Signals 'Major' Rally Coming: Analyst,"Gold has become ""overextended"" after climbing to more than $5,247 per ounce, according to Jan3 CEO and Bitcoin advocate Samson Mow.",Cointelegraph,https://cointelegraph.com/news/bitcoin-undervalued-gold-potential-rally,-0.103928,Neutral
2026-03-01,2026-03-01 19:01:12,Anthony Scaramucci Once Said Steve Jobs' 'Shoot The iPod' Mindset Fueled His Big Bitcoin Bet: 'Disrupt Yourself Before Someone Else Does',SkyBridge Capital founder Anthony Scaramucci once drew inspiration from Apple co-founder Steve Jobs' willingness to cannibalize the iPod to explain why he pivoted aggressively into Bitcoin ( CRYPTO: BTC ) .,Benzinga,https://www.benzinga.com/markets/tech/26/03/50954870/anthony-scaramucci-once-said-steve-jobs-shoot-the-ipod-mindset-fueled-his-big-bitcoin-bet-disrupt-yo,0.152809,Somewhat-Bullish
2026-03-02,2026-03-02 00:49:10,What the Iran Conflict Means for Bitcoin's Price,"Attention has shifted to whether the Iran conflict remains contained, as Bitcoin traders weigh elevated oil prices and a rising gold price.",Decrypt.co,https://decrypt.co/359562/what-the-iran-conflict-means-for-bitcoin-price,-0.267095,Somewhat-Bearish
2026-03-02,2026-03-02 01:54:25,"Bitcoin, XRP, Dogecoin Flat, Ethereum Gains Amid Escalating Iran War: Analyst Says 'Peak Fear' Behind Us As Conflict 'Heavily Priced' In Already - Grayscale Bitcoin Mini Trust  ( BTC )   ( ARCA:BTC ) ","Leading cryptocurrencies moved sideways on Sunday, while gold and crude oil spiked amid investor concerns over escalating Middle East tensions. Bitcoin endured a volatile weekend, slipping below $64,000 after the U.S. and Israel launched military operations against Iran, but rebounded above ...",Benzinga,https://www.benzinga.com/crypto/cryptocurrency/26/03/50955762/bitcoin-xrp-dogecoin-flat-ethereum-gains-amid-escalating-iran-war-analyst-says-peak-fear-be,-0.124681,Neutral
2026-03-02,2026-03-02 02:34:17,Trump Media Considers Spinning Out Truth Social,"Trump Media expanded into crypto in 2025 with its fintech brand Truth.Fi, creating a Bitcoin treasury, filing multiple crypto ETFs, and forming a partnership with Crypto.com.",Cointelegraph,https://cointelegraph.com/news/trump-media-considers-truth-social-spinout,0.247086,Somewhat-Bullish
2026-03-02,2026-03-02 03:00:00,"Bitcoin at $150,000 by 2026? Prediction Markets Are Skeptical -- Long-Term Investors Should Pay Attention to the Odds.",Think Bitcoin could more than double this year? Don't bet on it.,Motley Fool,https://www.fool.com/investing/2026/03/01/bitcoin-at-150000-by-2026-prediction-markets-are-s/,0.033843,Neutral
2026-03-02,2026-03-02 06:22:00,"AI Could Be Turbulent but Also Boost Bitcoin, NYDIG","NYDIG's Greg Cipolaro says AI could be a ""general-purpose technology,"" and it's affects on the economy could be a boon for Bitcoin.",Cointelegraph,https://cointelegraph.com/news/bitcoin-tailwinds-ai-prompts-easier-monetary-policy-nydig,0.159523,Somewhat-Bullish
2026-03-02,2026-03-02 06:30:00,"If a Market Crash Hits in 2026, Will Gold, Silver, or Bitcoin Protect Your Wealth Best?","It's worth holding highly resilient assets, but some are better than others.",Motley Fool,https://www.fool.com/investing/2026/03/02/if-a-market-crash-hits-in-2026-will-gold-silver-or/,0.042363,Neutral
2026-03-02,2026-03-02 07:28:31,"Cathie Wood Lowers Her 2030 Bitcoin Target From $1.5 Million, But Her Belief Remains Steadfast:'Our Conviction Has Gone Up…'","Ark Invest founder Cathie Wood said on Thursday that the firm's conviction in Bitcoin's ( CRYPTO: BTC ) potential has strengthened despite the ongoing drawdown, but lowered the 2030 target from $1.5 million.",Benzinga,https://www.benzinga.com/crypto/cryptocurrency/26/03/50956787/cathie-wood-lowers-her-2030-bitcoin-target-from-1-5-million-but-her-belief-remains-steadfas,0.102771,Neutral
2026-03-02,2026-03-02 09:42:59,"Arthur Hayes Says 'Longer Trump Lingers In Iran,' 'Higher' The Chances Of Bitcoin Surging: Here's Why","Arthur Hayes, Chief Investment Officer at Maelstrom Fund, said Sunday that a prolonged U.S.-Iran conflict could force the Federal Reserve to print more money, ultimately driving Bitcoin ( CRYPTO: BTC ) higher.",Benzinga,https://www.benzinga.com/crypto/cryptocurrency/26/03/50957917/arthur-hayes-says-longer-trump-lingers-in-iran-higher-the-chances-of-bitcoin-surging-heres-,-0.03178,Neutral
2026-03-02,2026-03-02 10:25:37,Bitcoin Traders Warn of New Lows as BTC Weathers Iran Storm,"Bitcoin avoided an Iran sell-off to start March, but traders still expected BTC price support to give way in bearish market conditions.",Cointelegraph,https://cointelegraph.com/news/this-is-not-world-war-three-five-things-bitcoin-this-week,-0.129915,Neutral
2026-03-02,2026-03-02 12:08:36,"Bitcoin Steady At $66,000 As Ethereum, XRP, Dogecoin Slip On US-Iran Engagement","Bitcoin held near the $66,000 level despite persistent extreme fear sentiment and rising geopolitical tensions between the U.S. and Iran; liquidations stand at $316.95 million over the past 24 hours. Bitcoin ETFs saw $27.6 million in net outflows on Friday, while Ethereum ETFs reported $43 ...",Benzinga,https://www.benzinga.com/crypto/cryptocurrency/26/03/50960641/bitcoin-steady-at-66000-as-ethereum-xrp-dogecoin-slip-on-us-iran-engagement,0.028969,Neutral
2026-03-02,2026-03-02 12:24:23,Crypto ETPs Post $1B Inflows as Bitcoin Leads Gains,"Crypto ETPs drew in $1 billion in inflows last week, led by $787 million from US spot ETFs, snapping a $4 billion outflow streak that lasted five weeks.",Cointelegraph,https://cointelegraph.com/news/crypto-etp-rebound-1-billion-inflows-5-week-slump,0.090683,Neutral
2026-03-02,2026-03-02 12:28:53,Iranian Official Says 'No Talks With US' As Bitcoin Struggles With Digital Gold Narrative,"Iran's national security secretary Ali Larijani on Monday declared the Islamic Republic ""will not negotiate with the United States"" as Bitcoin ( CRYPTO: BTC ) as Bitcoin's ""digital gold"" narrative is once again put to the test.",Benzinga,https://www.benzinga.com/crypto/cryptocurrency/26/03/50961341/iranian-official-says-no-talks-with-us-as-bitcoin-struggles-with-digital-gold-narrative,-0.162971,Somewhat-Bearish
2026-03-02,2026-03-02 12:36:29,Altcoins Outperform Bitcoin With Double-Digit Weekly Gains,"Polkadot, Near, and Jupiter jumped as Bitcoin stabilized, but experts warn the move is a positioning rebound, not a trend shift.",Decrypt.co,https://decrypt.co/359581/altcoins-outperform-bitcoin-with-double-digit-weekly-gains,0.017058,Neutral
2026-03-02,2026-03-02 12:39:00,"Bitcoin's Year-End Odds of Reaching $150,000 Just Slipped to 10% on Prediction Markets -- Here's What That Really Means for Crypto Investors","Prediction markets are now bearish on Bitcoin, and that could limit its future upside potential.",Motley Fool,https://www.fool.com/investing/2026/03/02/bitcoins-year-end-odds-of-reaching-150000-just-sli/,0.131294,Neutral
2026-03-02,2026-03-02 13:00:00,"Bitcoin Depot Expands Product Portfolio with Acquisition of Social Betting Platform, Kutt - Bitcoin Depot  ( NASDAQ:BTM ) , Bitcoin Depot  ( NASDAQ:BTMWW ) ","ATLANTA, March 02, 2026 ( GLOBE NEWSWIRE ) -- Bitcoin Depot ( NASDAQ:BTM ) , a U.S.-based Bitcoin ATM ( ""BTM"" ) operator and leading fintech company, today announced that it has acquired Kutt, a peer-to-peer ( ""P2P"" ) social betting platform that enables users to wager directly against each ...",Benzinga,https://www.benzinga.com/pressreleases/26/03/g50962352/bitcoin-depot-expands-product-portfolio-with-acquisition-of-social-betting-platform-kutt,0.358858,Bullish
2026-03-02,2026-03-02 13:18:51,Oil Price Hits 15-Month High Amid Iran Conflict: What Does It Mean For BTC?,"Oil prices are rising amid the US-Iran conflict, but whether Bitcoin will suffer is up for debate, as history suggests a bullish BTC price outlook.",Cointelegraph,https://cointelegraph.com/news/will-bitcoin-crash-if-oil-prices-100-dollars-per-barrel,-0.213644,Somewhat-Bearish
2026-03-02,2026-03-02 13:21:54,"Morning Minute: Bitcoin Crashes, Rebounds as Iran War Begins","Hyperliquid that was the weekend's crypto winner, setting a new record and being featured by a major news outlet's weekend market coverage.",Decrypt.co,https://decrypt.co/359584/morning-minute-bitcoin-crashes-rebounds-as-iran-war-begins,-0.122272,Neutral
2026-03-02,2026-03-02 13:44:06,"'Set Your Bot To Buy Every Dump'-Watch This Bitcoin Ratio For Accumulation, Analyst Says","On-chain analyst Joao Wedson wrote, ""set your bot to buy every dump,"" after Bitcoin's ( CRYPTO: BTC ) 180-day Sharpe Ratio flashed what he called a historical accumulation signal. Wedson said the 180-day Sharpe Ratio has flipped into a buying zone, while the one-year Sharpe Ratio has not ...",Benzinga,https://www.benzinga.com/crypto/cryptocurrency/26/03/50964002/set-your-bot-to-buy-every-dump-watch-this-bitcoin-ratio-for-accumulation-analyst-says,-0.045422,Neutral
2026-03-02,2026-03-02 14:01:28,"Strategy Adds 3,015 Bitcoin as Holdings Top 720,737 BTC","Strategy added 3,015 Bitcoin at $67,700 a piece in its 101st purchase, marking another buy below cost basis and lifting total holdings to 720,737 BTC.",Cointelegraph,https://cointelegraph.com/news/strategy-michael-saylor-3k-bitcoin-buy-101-purchase,0.089839,Neutral
2026-03-02,2026-03-02 15:22:28,"Strategy Spends $200 Million on Bitcoin, Raises STRC Dividend Yet Again","Strategy disclosed its third-largest Bitcoin purchase of the year, scooping up the asset using proceeds that partially came from STRC.",Decrypt.co,https://decrypt.co/359593/strategy-spends-200-million-bitcoin-raises-strc-dividend,0.106677,Neutral
2026-03-02,2026-03-02 15:29:46,"Strategy Buys 3,015 Bitcoin As BTC Rebounds Above $68,000 - Strategy  ( NASDAQ:MSTR ) ","Strategy ( NASDAQ:MSTR ) announced it purchased 3,015 Bitcoin ( CRYPTO: BTC ) for $204 million at $67,700 per coin. Strategy funded the acquisition through $229.9 million in common stock sales and $7.1 million in STRC preferred stock proceeds.",Benzinga,https://www.benzinga.com/crypto/cryptocurrency/26/03/50969340/strategy-buys-3015-bitcoin-as-btc-rebounds-above-68000,-0.044246,Neutral
2026-03-02,2026-03-02 16:29:27,"Bitcoin, Ethereum ETFs Snap Five-Week Losing Streak as Crypto Funds Add $1 Billion",Bitcoin ETFs rebounded as crypto funds saw $1 billion in fresh inflows last week-but is the worst really over?,Decrypt.co,https://decrypt.co/359587/bitcoin-ethereum-etfs-snap-losing-streak-crypto-funds-1-billion,0.0,Neutral
2026-03-02,2026-03-02 16:39:26,"ProCap Buys 450 BTC, Repurchases Shares Below NAV","The Bitcoin treasury company repurchased 782,000 shares below NAV as it increases Bitcoin exposure and works to close the gap between market price and asset value.",Cointelegraph,https://cointelegraph.com/news/procap-boosts-bitcoin-holdings-to-5-457-btc-aims-to-narrow-nav-discount,0.352084,Bullish
2026-03-02,2026-03-02 16:45:15,"Bitcoin Shrugs Off Iran as Wall Street Return Sparks $70,000 Run","Bitcoin price strength received a surprise bullish catalyst from US manufacturing data, helping to relieve tensions over Iran as US stocks floundered.",Cointelegraph,https://cointelegraph.com/news/bitcoin-nears-70k-pmi-boost-btc-price-leave-iran-woes,0.149855,Neutral
2026-03-02,2026-03-02 17:12:06,"Bitcoin Close To $70,000 As US Airstrikes On Iran Continue: What Is Going On?","Bitcoin ( CRYPTO: BTC ) is approaching the $70,000 mark, even as geopolitical tensions tied to U.S. airstrikes on Iran drive the price of oil higher. Despite a recent dip toward the $63,000-$64,000 range, Bitcoin's short-term holders ( STHs ) are not displaying signs of panic selling, ...",Benzinga,https://www.benzinga.com/crypto/cryptocurrency/26/03/50974887/bitcoin-close-to-70000-as-us-airstrikes-on-iran-continue-what-is-going-on,-0.126131,Neutral
2026-03-02,2026-03-02 17:52:30,Bitcoin Spikes to $70K as Trump Says 'Large-Scale Operations' Continue in Iran,"The price of Bitcoin immediately fell following bombings on Iran this weekend, but then surged Monday as markets began to recover.",Decrypt.co,https://decrypt.co/359626/bitcoin-spikes-near-70k-us-operations-iran,-0.082606,Neutral
2026-03-02,2026-03-02 17:57:55,Bitcoin Re-tests $70K as Loss Flows Drop to 2-Week Low,"Bitcoin short-term holder losses were minimal over the weekend, and the Monday rally to $70,000 suggests the heaviest selling is done. Will Bitcoin finally break the monthly resistance?",Cointelegraph,https://cointelegraph.com/news/bitcoin-holders-show-zero-panic-as-btc-hits-dollar70k-amid-middle-east-tensions,-0.164881,Somewhat-Bearish
2026-03-02,2026-03-02 18:09:36,"Iran Conflict Not Major Concern For Bitcoin Mining Hashrate, Say Experts","Despite battlefield blowback fears, Bitcoin's network is likely to shrug off disruptions, experts told Decrypt.",Decrypt.co,https://decrypt.co/359622/iran-conflict-not-major-concern-for-bitcoin-mining-hashrate-say-experts,-0.253347,Somewhat-Bearish
2026-03-02,2026-03-02 18:35:41,Markets Signal An Imminent Recession - What Does That Spell For Bitcoin?,The stock market has seen some concerning signs over the past few weeks that are worth paying attention to. Consumer Staples have outperformed the S&P 500 by 14% Utilities have outperformed the S&P 500 by 11%,Benzinga,https://www.benzinga.com/Opinion/26/03/50977886/markets-are-indicating-an-imminent-recession-what-does-that-spell-for-bitcoin,0.126797,Neutral
2026-03-02,2026-03-02 18:43:00,The Contrarian Case for Strategy  ( MSTR ) ,"For those who view Bitcoin's scarcity and decentralization as the future of finance, Strategy remains the most aggressive vehicle to capture that growth, ...",Zacks Commentary,https://www.zacks.com/commentary/2877749/the-contrarian-case-for-strategy-mstr,0.032267,Neutral
2026-03-02,2026-03-02 19:00:00,"Bitcoin, Altcoins Shake Off War Worries By Rallying Toward Range Highs","Bitcoin's return to the $70,000 level proves that buyers are absorbing the bulk of selling, but analysts warn that traders should be patient due to market bottoms taking months to form.",Cointelegraph,https://cointelegraph.com/news/price-predictions-3-2-spx-dxy-btc-eth-xrp-bnb-sol-doge-bch-ada,-0.004814,Neutral
2026-03-02,2026-03-02 19:07:10,Peter Schiff To Pompliano: 'Why Buy More Bitcoin?-Just Buy Your Discounted Shares' - ProCap Financial  ( NASDAQ:BRR ) ,"ProCap Financial ( NASDAQ:BRR ) surged 7% after buying 450 Bitcoin ( CRYPTO: BTC ) and repurchasing 782,408 shares, as Peter Schiff questioned CEO Anthony Pompliano why he's buying Bitcoin instead of just buying discounted shares.",Benzinga,https://www.benzinga.com/crypto/cryptocurrency/26/03/50979052/peter-schiff-to-pompliano-why-buy-more-bitcoin-just-buy-your-discounted-shares,0.170513,Somewhat-Bullish
2026-03-02,2026-03-02 19:37:35,"Fold retires $66M debt, frees 521 BTC collateral","The Bitcoin financial services company retired $66.3 million in convertible debt, reducing dilution risk as it expands its BTC rewards business.",Cointelegraph,https://cointelegraph.com/news/bitcoin-company-fold-pays-off-66m-debt-frees-up-btc-collateral,0.272776,Somewhat-Bullish
2026-03-02,2026-03-02 19:57:49,Bitcoin Treasury Firm ProCap Adds $31 Million in BTC as Stock Buybacks Grow,Publicly traded Bitcoin treasury ProCap Financial boosted its BTC stash to $376 million as it continues buying back its own shares.,Decrypt.co,https://decrypt.co/359646/bitcoin-treasury-firm-procap-adds-31-million-stock-buybacks-grow,0.25705,Somewhat-Bullish
2026-03-02,2026-03-02 20:40:23,"Bitcoin At $69,000, Ethereum, XRP, Dogecoin Rebound 2% Despite Iran Airstrike Campaign","Bitcoin tapped $70,000 as markets looked beyond geopolitical tensions and broader sentiment improved on Monday. Coinglass data shows 113,307 traders were liquidated in the past 24 hours for $440.64 million. SoSoValue data shows net outflows of $27.6 million from spot Bitcoin ETFs on Friday.",Benzinga,https://www.benzinga.com/crypto/cryptocurrency/26/03/50982201/bitcoin-at-69000-ethereum-xrp-dogecoin-rebound-2-despite-iran-airstrike-campaign,-0.108268,Neutral
2026-03-02,2026-03-02 21:15:00,Better Buy in 2026: Bitcoin or Silver? The Answer Couldn't Be Clearer for Long-Term Investors.,Production and supply dynamics tell the whole story here.,Motley Fool,https://www.fool.com/investing/2026/03/02/better-buy-in-2026-bitcoin-or-silver-the-answer-co/,0.171066,Somewhat-Bullish
2026-03-02,2026-03-02 21:21:31,Monad Gains Bitcoin Liquidity as Chainlink Enables cbBTC Bridge from Base,"Chainlink's protocol enables Coinbase's cbBTC to move from Base to Monad, boosting Bitcoin-backed liquidity into the layer-1's DeFi ecosystem.",Cointelegraph,https://cointelegraph.com/news/monad-gains-bitcoin-backed-liquidity-through-chainlink-powered-cbbtc-bridge,0.148365,Neutral
2026-03-02,2026-03-02 21:23:24,Bitfinex Resumes USDt Tokenized Bonds on Liquid,"Bitfinex Securities will restart USDt-denominated bond issuances on Bitcoin's Liquid Network, following four previous tokenized offerings totaling $6.2 million since 2023.",Cointelegraph,https://cointelegraph.com/news/bitfinex-relaunches-tokenized-bond-program-on-bitcoin-s-liquid-network,0.147754,Neutral
2026-03-02,2026-03-02 21:52:52,Bitcoin Futures Activity Keeps Dropping: Are Investors Giving Up on BTC?,"Month over month Bitcoin open interest continues to decline, while BTC options markets highlight balanced demand. Does the data point to reduced institutional investor activity?",Cointelegraph,https://cointelegraph.com/news/bitcoin-futures-demand-falls-to-2024-lows-are-institutions-exiting-the-market,-0.072957,Neutral
2026-03-03,2026-03-03 02:06:28,"Bitcoin, Ethereum, XRP Rally, Dogecoin Flat As Iran Conflict Enters Its 3rd Day: Analyst Says Selling Pressure From Recent Buyers 'Fading' - Grayscale Bitcoin Mini Trust  ( BTC )   ( ARCA:BTC ) ","Leading cryptocurrencies made a comeback on Monday despite escalating hostilities in the Middle East war. Investors bought the dip, as Bitcoin touched $70,000 and Ethereum crossed $2,000. The two blue-chip currencies recorded a sharp spike in trading volumes.",Benzinga,https://www.benzinga.com/crypto/cryptocurrency/26/03/50990204/bitcoin-ethereum-xrp-rally-dogecoin-flat-as-iran-conflict-enters-its-3rd-day-analyst-says-s,0.019143,Neutral
2026-03-03,2026-03-03 03:00:00,Bitcoin Just Made Progress Against This 1 Existential Risk. Is It a Buy?,Bitcoin's developers just started discussing a critical new security proposal.,Motley Fool,https://www.fool.com/investing/2026/03/02/bitcoin-just-made-progress-against-this-1-existent/,0.079723,Neutral
2026-03-03,2026-03-03 05:37:35,Bitcoin Rebound Tactical Not Structural Bear Market: Analysts,"Compressed volatility, strengthening ETF flows, and a diminished Coinbase discount ""are not characteristics of a market accelerating into a fresh leg lower,"" said 10x Research.",Cointelegraph,https://cointelegraph.com/news/bitcoin-downside-momentum-fading-but-no-confirmed-trend-reversal-analysts,-0.2602,Somewhat-Bearish
2026-03-03,2026-03-03 05:58:18,"Steak 'n Shake Says It's Paying Hourly Employees A Bitcoin Bonus For Every Hour Worked, Pledges Trump Account Contributions - Biglari Holdings  ( NYSE:BH ) ","Biglari Holdings ( NYSE:BH ) -owned fast food chain Steak 'n Shake said Monday that it will start offering Bitcoin ( CRYPTO: BTC ) bonuses to all its hourly employees starting in March. In an X post, the popular burger chain said it will pay employees Bitcoin worth 21 cents per hour.",Benzinga,https://www.benzinga.com/crypto/cryptocurrency/26/03/50990925/steak-n-shake-says-its-paying-hourly-employees-a-bitcoin-bonus-for-every-hour-worked-pledge,0.311476,Somewhat-Bullish
2026-03-03,2026-03-03 06:19:38,Core Scientific Q4 Earnings Miss Moves Shares Lower,Core Scientific missed revenue expectations in the fourth quarter as Bitcoin miners were squeezed by lower prices and higher costs.,Cointelegraph,https://cointelegraph.com/news/core-scientific-shares-lower-q4-earnings-miss-estimates,-0.019339,Neutral
2026-03-03,2026-03-03 06:25:01,BTC Price Bottom is Forming as Four-Year Halving Cycle Ends Says VanEck CEO,"Jan van Eck suggested that analysts have been overcomplicating recent Bitcoin price action, arguing that the four-year cycle has been the main driver holding prices down.",Cointelegraph,https://cointelegraph.com/news/bitcoin-forming-bottom-vaneck-ceo,-0.073988,Neutral
2026-03-03,2026-03-03 09:01:15,Riot Platforms VP Says Company Will Continue To Sell Bitcoin From Treasury To 'Fund Operational Needs' - Riot Platforms  ( NASDAQ:RIOT ) ,"Riot Platforms, Inc. ( NASDAQ:RIOT ) Executive Vice President Jason Chung affirmed Monday the company's ongoing strategy of funding capital expenditures through Bitcoin ( CRYPTO: BTC ) sales.",Benzinga,https://www.benzinga.com/crypto/cryptocurrency/26/03/50992196/riot-platforms-vp-says-company-will-continue-to-sell-bitcoin-from-treasury-to-fund-operatio,0.052173,Neutral
2026-03-03,2026-03-03 09:08:57,Bitcoin ETFs Surge as Trading Volumes Reach February Highs,US spot Bitcoin funds saw strong inflows and increasing volumes on Monday as institutional demand held up in spite of increasing Middle East tensions and broader market uncertainty.,Cointelegraph,https://cointelegraph.com/news/bitcoin-etf-inflows-458-million-mideast-conflict-widens,0.155589,Somewhat-Bullish
2026-03-03,2026-03-03 09:30:00,Better Buy in 2026: Bitcoin or a Broad-Market ETF? The Answer Couldn't Be Clearer for Long-Term Investors,Betting on boring is a good investment strategy for 2026.,Motley Fool,https://www.fool.com/investing/2026/03/03/better-buy-in-2026-bitcoin-or-a-broad-market-etf-t/,0.110727,Neutral
2026-03-03,2026-03-03 09:48:38,"Riot Reports Record $647M Revenue in 2025, Holds $1.6B in Bitcoin","Riot Platforms posted record 2025 revenue of $647 million, driven by $576 million in Bitcoin mining revenue, while holding 18,005 BTC worth $1.6 billion.",Cointelegraph,https://cointelegraph.com/news/riot-record-647m-revenue-2025-bitcoin-mining-ai-pivot,-0.009621,Neutral
2026-03-03,2026-03-03 10:30:00,Is Bitcoin Safe from AI Replacement Threats?,"AI won't replace Bitcoin. In fact, there are synergies between blockchain and AI.",Motley Fool,https://www.fool.com/investing/2026/03/03/is-bitcoin-safe-from-ai-replacement-threats/,-0.054223,Neutral
2026-03-03,2026-03-03 11:04:08,Bitcoin 'Death Cross' Warns of 35% Decline Over the Next Month,"BTC price has slid about 35% on average over a month after similar trend line crossovers, keeping downside risk in focus for traders.",Cointelegraph,https://cointelegraph.com/news/bitcoin-price-chart-death-cross-back-late-cycle-fears,-0.104568,Neutral
2026-03-03,2026-03-03 11:48:25,Four Headwinds Stalling Bitcoin's $70K Breakout,"Bitcoin pulled back from Monday's peak near $70,000 as geopolitical and economic headwinds hold a recovery rally in check.",Decrypt.co,https://decrypt.co/359786/four-headwinds-stalling-bitcoins-70k-breakout,-0.152563,Somewhat-Bearish
2026-03-03,2026-03-03 12:55:27,"Arthur Hayes: Bitcoin To $250,000 In 2026 And $750,000 In 2027 Because Trump Will 'Print Money'","BitMEX co-founder Arthur Hayes reiterated his $250,000 Bitcoin ( CRYPTO: BTC ) target for 2026 and projected $500,000 to $750,000 by end of 2027, arguing the Trump administration will ""print money.""",Benzinga,https://www.benzinga.com/crypto/cryptocurrency/26/03/50996188/arthur-hayes-bitcoin-to-250000-in-2026-and-750000-in-2027-because-trump-will-print-money,-0.049309,Neutral
2026-03-03,2026-03-03 13:44:10,"AI-Driven Deflation Could Push Bitcoin To $11 Million By 2036, Strive Says","Strive's Joe Burnett argues AI-driven deflation may force looser policy, pushing Bitcoin toward $11 million a coin by 2036 and a $230 trillion market cap.",Cointelegraph,https://cointelegraph.com/news/strive-joe-burnett-ai-deflation-bitcoin-11m-2036-forecast,0.180063,Somewhat-Bullish
2026-03-03,2026-03-03 14:30:00,"TIAN RUIXIANG UNLEASHING HISTORIC CATALYSTS: 1:50 REVERSE SPLIT MARCH 16; DUE DILIGENCE COMPLETED FOR 30,000 BITCOIN INFUSION AND AI INSURANCE BROKERAGE ACQUISITION, TARGETED CLOSING IN Q2-Q3 2026","BEIJING, March 03, 2026 ( GLOBE NEWSWIRE ) -- Tian Ruixiang Holdings Limited ( NASDAQ: TIRX ) today announces a seismic, paradigm-shifting set of catalysts designed to ignite explosive growth, redefine its market valuation, and deliver unprecedented shareholder value.",GlobeNewswire,https://www.globenewswire.com/news-release/2026/03/03/3248530/0/en/TIAN-RUIXIANG-UNLEASHING-HISTORIC-CATALYSTS-1-50-REVERSE-SPLIT-MARCH-16-DUE-DILIGENCE-COMPLETED-FOR-30-000-BITCOIN-INFUSION-AND-AI-INSURANCE-BROKERAGE-ACQUISITION-TARGETED-CLOSING-.html,0.03634,Neutral
2026-03-03,2026-03-03 14:36:18,"Bitcoin Stable As US-Iran Conflict Continues, But Here's Why That May Not Last","Bitcoin ( CRYPTO: BTC ) has rebounded to around $67,000 even as geopolitical tensions increase uncertainty across asset classes. With the conflict in the Middle East entering day 3, macro uncertainty is intensifying.",Benzinga,https://www.benzinga.com/crypto/cryptocurrency/26/03/51000338/bitcoin-stable-as-us-iran-conflict-continues-but-heres-why-that-may-not-last,-0.182406,Somewhat-Bearish
2026-03-03,2026-03-03 15:17:42,Trump Brothers' American Bitcoin Boosts Mining Capacity Following Q4 Loss,"American Bitcoin stock is down Tuesday after the firm said it purchased 11,298 new BTC miners to expand its fleet.",Decrypt.co,https://decrypt.co/359802/trump-brothers-american-bitcoin-boosts-mining-capacity-q4-loss,0.245156,Somewhat-Bullish
2026-03-03,2026-03-03 15:42:06,"Oil Ensures Bitcoin Fails to Reclaim $70,000 Yet Again","Bitcoin bulls gave up their latest mission to reclaim $70,000 as Iran escalation sparked oil supply fears that gripped stocks and gold.",Cointelegraph,https://cointelegraph.com/news/bitcoin-dives-3-percent-asset-rout-5k-gold-smashed-oil-fears,0.032154,Neutral
2026-03-03,2026-03-03 16:26:30,"Forget Iran, Bitcoin's 2026 Path Will Be Determined By These 2 Factors, Jan Van Eck Says","Jan Van Eck argues that current volatility isn't just about Bitcoin ( CRYPTO: BTC ) but reflects a broader move across the entire crypto ecosystem, including large-cap names like Coinbase ( NASDAQ:COIN ) and Circle ( NYSE:CRCL ) .",Benzinga,https://www.benzinga.com/crypto/cryptocurrency/26/03/51006612/forget-iran-bitcoins-2026-path-will-be-determined-by-these-2-factors-jan-van-eck-says,0.100923,Neutral
2026-03-03,2026-03-03 16:36:30,"American Bitcoin Expands Hashrate, Deepens BTC Bet","The Eric Trump-led company adds 3 EH/s in new capacity, expanding its Alberta mining fleet as it deepens exposure to BTC amid volatile market conditions.",Cointelegraph,https://cointelegraph.com/news/american-bitcoin-adds-3ehs-mining-capacity-expands-btc-treasury,0.12435,Neutral
2026-03-03,2026-03-03 16:37:52,Bitcoin Miner MARA Says It May Sell BTC Holdings in Strategy Shift,"Publicly traded Bitcoin miner MARA Holdings may sell more of its BTC as part of a strategy shift, the firm said in a new SEC filing.",Decrypt.co,https://decrypt.co/359806/bitcoin-miner-mara-may-sell-btc-strategy-shift,0.218897,Somewhat-Bullish
2026-03-03,2026-03-03 16:51:06,"Mining Companies Move Deeper into AI, HPC as MARA may Sell Bitcoin","In a Monday SEC filing, the US Bitcoin miner said it would consider selling some of the coins on its balance sheet, depending on market conditions.",Cointelegraph,https://cointelegraph.com/news/mining-companies-ai-hpc-mara-sell-bitcoin,-0.08847,Neutral
2026-03-03,2026-03-03 17:17:23,Eric Trump's American Bitcoin Expands Mining By 12% But ABTC Plunges 7% - American Bitcoin  ( NASDAQ:ABTC ) ,"American Bitcoin ( NASDAQ:ABTC ) purchased 11,298 ASIC miners adding 3.05 exahash per second to expand owned capacity by 12% to 28.1 EH/s, but the stock plunged 7%, breaking below the critical $1 psychological level.",Benzinga,https://www.benzinga.com/crypto/cryptocurrency/26/03/51008986/eric-trumps-american-bitcoin-expands-mining-by-12-but-abtc-plunges-7,-0.079399,Neutral
2026-03-03,2026-03-03 17:32:25,Why Bitcoin Is Falling Today,"Bitcoin is moving lower again, but there could be a bigger story underneath the ticker tape.",Motley Fool,https://www.fool.com/investing/2026/03/03/why-bitcoin-is-falling-today/,-0.128752,Neutral
2026-03-03,2026-03-03 17:42:34,Core Scientific May Sell 'All' Bitcoin to Finance AI Pivot,Core Scientific unveiled plans to reduce its Bitcoin holdings significantly as its data center buildout continues ramping up.,Decrypt.co,https://decrypt.co/359808/core-scientific-may-sell-all-bitcoin-finance-ai-pivot,0.009444,Neutral
2026-03-03,2026-03-03 18:11:25,Crypto's Overlooked Role As A 'Pressure Valve' In Iran,"New research from Chainalysis shows cryptocurrencies once again acting as a financial ""pressure valve"" in Iran during crisis conditions. On-chain data indicates that following the Feb. 28 U.S.-Israeli airstrikes, there was a sharp surge in Bitcoin ( CRYPTO: BTC ) outflows from Iranian exchanges.",Benzinga,https://www.benzinga.com/crypto/cryptocurrency/26/03/51011204/cryptos-overlooked-role-as-a-pressure-valve-in-iran,-0.110247,Neutral
2026-03-03,2026-03-03 18:56:15,Ex-LAPD Officer Found Guilty of $350K 'Wrench Attack' Bitcoin Robbery,"Eric Halem faces life in prison on kidnapping and robbery charges after stealing $350,000 in crypto from a teenager during a home invasion.",Decrypt.co,https://decrypt.co/359818/ex-lapd-officer-found-guilty-350k-wrench-attack-bitcoin,-0.25938,Somewhat-Bearish
2026-03-03,2026-03-03 19:28:35,"Core Scientific's Bitcoin Mining Revenue Slides, But CoreWeave Deal Ahead of Schedule - Core Scientific  ( NASDAQ:CORZ ) ","Core Scientific Inc. ( NASDAQ:CORZ ) reported a fourth-quarter adjusted loss of 29 cents, missing the consensus of 18 cents. Quarterly sales fell from $94.9 million to $79.76 million, missing the consensus of $105.71 million.",Benzinga,https://www.benzinga.com/analyst-stock-ratings/analyst-color/26/03/51014475/core-scientifics-bitcoin-mining-revenue-slides-but-coreweave-deal-ahead-of-sc,0.0,Neutral
2026-03-03,2026-03-03 19:39:06,"Bitcoin Climbs, Stocks and Gold Drop as Iran Conflict Stokes Uncertainty","Bitcoin outpaced major U.S. stock indexes on Tuesday, rising as investors weighed the prospect of broader military conflict in Iran.",Decrypt.co,https://decrypt.co/359829/bitcoin-climbs-stocks-gold-drop-iran-conflict-stokes-uncertainty,-0.007364,Neutral
2026-03-03,2026-03-03 19:52:35,"Bitcoin Holds $68,000 As Ethereum, XRP, Dogecoin Slip Despite Strong ETF Inflows","Bitcoin trades around $68,000, showing relative stability even as broader geopolitical tensions keep risk sentiment fragile. Coinglass data shows 111,700 traders were liquidated in the past 24 hours for $370.30 million. SoSoValue data shows net inflows of $458.2 million from spot Bitcoin ETFs on ...",Benzinga,https://www.benzinga.com/crypto/cryptocurrency/26/03/51015309/bitcoin-holds-68000-as-ethereum-xrp-dogecoin-slip-despite-strong-etf-inflows,0.014313,Neutral
2026-03-03,2026-03-03 20:40:40,DXY Hits 3 Month High: Will Bitcoin Rise Or Fall As A Result?,"US Dollar Index strength, fear that BTC miners may liquidate their reserves and Bitcoin's performance compared to stocks raise concerns among investors.",Cointelegraph,https://cointelegraph.com/news/us-dollar-index-nears-3-month-high-is-this-good-or-bad-for-bitcoin,0.004912,Neutral
2026-03-03,2026-03-03 21:15:00,Fold To Release Fourth Quarter 2025 Results March 17th,"PHOENIX, March 03, 2026 ( GLOBE NEWSWIRE ) -- Fold Holdings, Inc. ( NASDAQ: FLD ) ( ""Fold"" ) , a bitcoin financial services company making it easy for individuals and businesses to earn, save, and spend bitcoin through everyday financial tools, today announced that it will hold its earnings ...",GlobeNewswire,https://www.globenewswire.com/news-release/2026/03/03/3248944/0/en/Fold-To-Release-Fourth-Quarter-2025-Results-March-17th.html,0.272617,Somewhat-Bullish
2026-03-03,2026-03-03 21:50:22,MARA Clarifies Bitcoin Strategy After 10-K Misinterpretation,"MARA has ""fact checked"" claims it adopted a Bitcoin sell-off strategy, clarifying its filing allows flexible sales but does not signal a majority liquidation.",Cointelegraph,https://cointelegraph.com/news/mara-bitcoin-sell-off-claims-fact-check-treasury-strategy,0.130825,Neutral
2026-03-03,2026-03-03 22:26:34,"Bitcoin Is 'Money' in Parts of Africa, Says Africa Bitcoin Corp Chair","In an interview with Natalie Brunell on Coin Stories, Masie described Bitcoin as functional currency in parts of Africa amid rapid inflation and currency debasement.",Cointelegraph,https://cointelegraph.com/news/where-i-come-from-bitcoin-is-money-says-africa-bitcoin-corp-chair-stafford-masie,0.045434,Neutral
2026-03-04,2026-03-04 00:38:56,Ray Dalio Warns Against Bitcoin as a Safe Haven,"Ray Dalio says that gold is a better safe-haven asset in times of conflict compared to Bitcoin, and raised concerns about the cryptocurrency's lack of privacy.",Cointelegraph,https://cointelegraph.com/news/ray-dalio-cautions-bitcoin-safe-haven-asset,-0.002505,Neutral
2026-03-04,2026-03-04 01:48:45,"AI Models Prefer Bitcoin Over Fiat and Stablecoins, Study Finds","Bitcoin Policy Institute study finds AI systems, including Claude, GPT, Grok, and Gemini, favored Bitcoin over fiat and other digital assets.",Decrypt.co,https://decrypt.co/359890/ai-models-prefer-bitcoin-over-fiat-stablecoins-study,0.203793,Somewhat-Bullish
2026-03-04,2026-03-04 03:00:00,BC Poker Launches Bitcoin Poker Platform With $5 No Deposit Bonus and Advanced Fair Play Protection,"New York City, NY, March 03, 2026 ( GLOBE NEWSWIRE ) -- BC Poker, operated by BC.GAME Group and licensed under the Anjouan Gaming Authority, has officially launched its dedicated bitcoin poker platform in 2025.",Benzinga,https://www.benzinga.com/pressreleases/26/03/g51025817/bc-poker-launches-bitcoin-poker-platform-with-5-no-deposit-bonus-and-advanced-fair-play-protection,0.277465,Somewhat-Bullish
2026-03-04,2026-03-04 03:15:00,"Better Cryptocurrency to Buy Today With $3,000 and Hold for 7 Years: XRP vs. Bitcoin","Both of these assets have staying power, but one needs to work a lot harder just to tread water.",Motley Fool,https://www.fool.com/investing/2026/03/03/better-cryptocurrency-to-buy-today-with-3000-and-h/,0.163702,Somewhat-Bullish
2026-03-04,2026-03-04 03:18:30,'Liking Bitcoin' Is Not Enough For US Government: David Bailey,"Bitcoin will eventually reach a point where the US government creates the conditions it needs to succeed, whether that takes 10 or 20 years, according to a Bitcoin executive.",Cointelegraph,https://cointelegraph.com/news/trump-s-former-crypto-advisor-us-govt-must-go-beyond-liking-bitcoin,0.194042,Somewhat-Bullish
2026-03-04,2026-03-04 03:54:57,"AI Agents Prefer Bitcoin Over Fiat, But Methodology Has Flaws","A Bitcoin Policy Institute study of 36 AI models found Bitcoin was the top monetary choice in 48% of responses, but more than half preferred stablecoins for payment scenarios.",Cointelegraph,https://cointelegraph.com/news/nearly-half-ai-agents-chose-bitcoin-preferred-money-research,0.060575,Neutral
2026-03-04,2026-03-04 05:35:30,"Eric Trump Calls Big Banks 'The Greatest Hypocrites' After His Dad Says He Won't Let Them Undermine His 'Powerful Crypto Agenda' - American Bitcoin  ( NASDAQ:ABTC ) , iShares Bitcoin Trust  ( NASDAQ:IBIT ) ","Eric Trump, co-founder and Chief Strategy Officer of American Bitcoin Corp. ( NASDAQ:ABTC ) , on Tuesday blasted ""Big Banks"" as ""the greatest hypocrites,"" arguing that traditional finance is ""in mass panic"" because it is losing ground to cryptocurrency as the White House tries to break a ...",Benzinga,https://www.benzinga.com/crypto/cryptocurrency/26/03/51026129/eric-trump-calls-big-banks-the-greatest-hypocrites-after-his-dad-says-he-wont-let-them-unde,-0.129486,Neutral
2026-03-04,2026-03-04 05:59:50,Ex-LAPD Cop Convicted of $350K Crypto Theft,Former Los Angeles Police Department officer Eric Halem was reportedly convicted of handcuffing and threatening to kill a teenager to steal Bitcoin.,Cointelegraph,https://cointelegraph.com/news/former-lapd-cop-convicted-of-350k-crypto-theft-and-kidnapping,-0.247106,Somewhat-Bearish
2026-03-04,2026-03-04 08:15:32,Bitcoin ETFs See $225M Inflows Led by BlackRock's IBIT,"BlackRock's spot Bitcoin ETF drew $322 million in inflows Tuesday, offsetting outflows from rival funds including Fidelity and Grayscale.",Cointelegraph,https://cointelegraph.com/news/bitcoin-etf-225-million-inflows-blackrock-ibit-counters-selling,-0.038922,Neutral
2026-03-04,2026-03-04 10:12:16,"Bitcoin Bounces Back to Pass $71,000 Despite Tense Macro Mood",BTC price upside returned during Wednesday's Asia trading session as Bitcoin attacked a long-term trend line and psychological levels.,Cointelegraph,https://cointelegraph.com/news/bitcoin-price-nears-one-month-high-as-bulls-propel-btc-toward-72k,0.03647,Neutral
2026-03-04,2026-03-04 10:15:00,Did Market Manipulation Cause Bitcoin to Crash?,"There's a story going around that's worth knowing, but not worth believing.",Motley Fool,https://www.fool.com/investing/2026/03/04/did-market-manipulation-cause-bitcoin-to-crash/,-0.089697,Neutral
2026-03-04,2026-03-04 10:20:00,Better Buy During the Crypto Crash: Bitcoin or XRP?,The cryptocurrency market is plummeting due to a number of factors driving concerns across the macroeconomy.,Motley Fool,https://www.fool.com/investing/2026/03/04/better-buy-during-the-crypto-crash-bitcoin-or-xrp/,0.112751,Neutral
2026-03-04,2026-03-04 10:22:29,Situational Awareness 13F Shows $5.5B Bet on Bitcoin Miners and AI Power,"Leopold Aschenbrenner's hedge fund Situational Awareness LP has scaled to $5.52 billion in equity exposure in less than a year by betting on power, data centers and Bitcoin miners.",Cointelegraph,https://cointelegraph.com/news/situational-awareness-aschenbrenner-13f-ai-infrastructure-power-core-scientific,0.147562,Neutral
2026-03-04,2026-03-04 11:55:53,"Bitcoin Pushes Past $71K, But Can the Rally Last?","Positioning resets and liquidity expectations have seen Bitcoin retest $71,000 amid the escalating conflict in the Middle East.",Decrypt.co,https://decrypt.co/359910/bitcoin-pushes-past-71k-but-can-the-rally-last,0.077624,Neutral
2026-03-04,2026-03-04 11:56:05,3 Signs That $80K Is the Next Logical Target for Bitcoin Bulls,"A symmetrical triangle breakout and an unfilled CME gap are boosting the case that Bitcoin may revisit $80,000 in March.",Cointelegraph,https://cointelegraph.com/news/3-bitcoin-signals-80k-next-btc-price-target-bulls,0.026053,Neutral
2026-03-04,2026-03-04 12:15:00,"JZXN Announces Groundbreaking US$1 Billion Plan to Acquire 10,000 BTC from Strategic Investor, Strengthening Global Cryptocurrency Partnership","HANGZHOU, March 04, 2026 ( GLOBE NEWSWIRE ) -- Jiuzi Holdings, Inc. ( Nasdaq: JZXN ) ( the ""Company"" or ""JZXN"" ) today announced a transformative strategic agreement with a prominent global digital asset investor.",Business Insider,https://markets.businessinsider.com/news/stocks/jzxn-announces-groundbreaking-us-1-billion-plan-to-acquire-10-000-btc-from-strategic-investor-strengthening-global-cryptocurrency-partnership-1035895059,0.350444,Bullish
2026-03-04,2026-03-04 12:15:00,"JZXN Announces Groundbreaking US$1 Billion Plan to Acquire 10,000 BTC from Strategic Investor, Strengthening Global Cryptocurrency Partnership","HANGZHOU, March 04, 2026 ( GLOBE NEWSWIRE ) -- Jiuzi Holdings, Inc. ( Nasdaq: JZXN ) ( the ""Company"" or ""JZXN"" ) today announced a transformative strategic agreement with a prominent global digital asset investor. Under the proposed landmark plan, the strategic investor will transfer 10,000 ...",GlobeNewswire,https://www.globenewswire.com/news-release/2026/03/04/3249234/0/en/JZXN-Announces-Groundbreaking-US-1-Billion-Plan-to-Acquire-10-000-BTC-from-Strategic-Investor-Strengthening-Global-Cryptocurrency-Partnership.html,0.350444,Bullish
2026-03-04,2026-03-04 13:22:00,"Bitcoin Surges To $71,000, Ethereum, XRP, Dogecoin Rally Up To 5%","Bitcoin surged to $71,000 on improving market sentiment, with liquidations at $417.92 million over the past 24 hours. Bitcoin ETFs saw $225.2 million in net inflows on Tuesday, while Ethereum ETFs reported $10.8 million in net outflows.",Benzinga,https://www.benzinga.com/crypto/cryptocurrency/26/03/51032326/bitcoin-surges-to-71000-ethereum-xrp-dogecoin-rally-up-to-5,0.043275,Neutral
2026-03-04,2026-03-04 13:22:53,Crypto Stocks Jump As Bitcoin Reclaims $70K - Strategy  ( NASDAQ:MSTR ) ,"Bitcoin ( CRYPTO: BTC/USD ) crossed $70,000 in early Wednesday trading, pulling crypto-related stocks higher in premarket hours amid the Middle East conflict. The global crypto market capitalization stood at $2.41 trillion, up 4.64% over the past 24 hours.",Benzinga,https://www.benzinga.com/trading-ideas/movers/26/03/51032345/crypto-stocks-jump-as-bitcoin-reclaims-70k,0.023839,Neutral
2026-03-04,2026-03-04 13:46:13,Ray Dalio: 'There Is Only One Gold'-And It's Not Bitcoin,"Bridgewater Associates founder Ray Dalio pointed out why gold climbed 80% to $5,200 per ounce while Bitcoin ( CRYPTO: BTC ) fell 25%, argued central banks won't buy Bitcoin due to privacy and controllability issues.",Benzinga,https://www.benzinga.com/crypto/cryptocurrency/26/03/51033077/ray-dalio-there-is-only-one-gold-and-its-not-bitcoin,0.18706,Somewhat-Bullish
2026-03-04,2026-03-04 14:19:01,Bitcoin Is a Real-Time Sentiment Gauge for Weekend Warmongering,"Bitcoin reacted to Iran war news while stock markets were closed, showing how crypto is becoming a real-time gauge of macro risk.",Cointelegraph,https://cointelegraph.com/news/bitcoin-real-time-sentiment-gauge-weekend-war,0.031098,Neutral
2026-03-04,2026-03-04 14:21:14,"Bitcoin Surges 5%, Wrongfoots Goldman CEO: 'I'm Surprised Markets Are This Benign'","Goldman Sachs ( NYSE:GS ) CEO David Solomon says he's surprised at the ""benign"" market reaction to the Iran conflict, warning it may take ""a couple of weeks"" for investors to digest impacts even as Bitcoin ( CRYPTO: BTC ) surged 5%.",Benzinga,https://www.benzinga.com/crypto/cryptocurrency/26/03/51034433/bitcoin-surges-5-wrongfoots-goldman-ceo-im-surprised-markets-are-this-benign,0.039003,Neutral
2026-03-04,2026-03-04 15:42:21,Bitcoin Weekly Death Cross Keeps the Bear Market Alive,"A new Bitcoin death cross would ensure continuation of the bear market unless a ""major bullish catalyst"" appears, per new BTC price analysis.",Cointelegraph,https://cointelegraph.com/news/bitcoin-still-due-next-leg-down-72k-btc-price-precedes-death-cross,-0.043816,Neutral
2026-03-04,2026-03-04 15:45:36,"Is Regulation Saving Crypto Or Centralizing It? Europe Builds Rules, America Attracts Capital - Grayscale Bitcoin Mini Trust  ( BTC )   ( ARCA:BTC ) ",The European Union leads the United States in digital asset regulatory completeness but at a cost. The EU's Markets-in-Crypto-Assets ( MiCA ) rules created a unified framework across 30 countries and materially reduced fraud and boosted consumer confidence.,Benzinga,https://www.benzinga.com/Opinion/26/03/51038702/is-regulation-saving-crypto-or-centralizing-it-europe-builds-rules-america-attracts-capital,0.152004,Somewhat-Bullish
2026-03-04,2026-03-04 16:03:16,Gate Ventures Announces Strategic Investment in Bitcoin Finance Platform Sats Terminal,"SAN FRANCISCO, March 04, 2026 ( GLOBE NEWSWIRE ) -- Sats Terminal, the premier Bitcoin-native financial super-app, today announced a strategic investment from Gate Ventures, the venture capital arm of Gate.com.",Benzinga,https://www.benzinga.com/pressreleases/26/03/g51039632/gate-ventures-announces-strategic-investment-in-bitcoin-finance-platform-sats-terminal,0.2557,Somewhat-Bullish
2026-03-04,2026-03-04 16:34:31,"Morgan Stanley Selects BNY, Coinbase As Custodians for BTC ETF","Coming as BTC exchange-traded funds flows turn positive, the moves follow the Wall Street bank's applications with the SEC for Bitcoin, Solana, and Ethereum funds.",Cointelegraph,https://cointelegraph.com/news/morgan-stanley-coinbase-bny-bitcoin-etf-custody,0.222422,Somewhat-Bullish
2026-03-04,2026-03-04 16:55:50,"Galaxy Digital Jumps As Bitcoin Tops $73,000 - Galaxy Digital  ( NASDAQ:GLXY ) ","Galaxy Digital Inc ( NASDAQ:GLXY ) is trading higher Wednesday morning as Bitcoin ( CRYPTO: BTC ) rallies, lifting sentiment for crypto-related stocks. Bitcoin is moving above $73,000 before noon ET, rising about 6.5% on the day. Here's what investors need to know.",Benzinga,https://www.benzinga.com/trading-ideas/movers/26/03/51041868/galaxy-digital-jumps-as-bitcoin-tops-73000,0.260443,Somewhat-Bullish
2026-03-04,2026-03-04 17:28:15,"Michael Saylor Is 'Buying Bitcoin Right Now' As BTC Tops $73,000 - Strategy  ( NASDAQ:MSTR ) ","Strategy ( NASDAQ:MSTR ) chairman Michael Saylor doubled down on his conviction, publicly reinforcing the ""buy the dip / stay long"" narrative as the company's preferred equity vehicle points to another major Bitcoin ( CRYPTO: BTC ) purchase.",Benzinga,https://www.benzinga.com/crypto/cryptocurrency/26/03/51043144/michael-saylor-is-buying-bitcoin-right-now-as-btc-tops-73000,0.265016,Somewhat-Bullish
2026-03-04,2026-03-04 17:35:30,"Gemini Space Station Jumps 30% As Bitcoin Tops $73,000 - Gemini Space Station  ( NASDAQ:GEMI ) ","Gemini Space Station Inc ( NASDAQ:GEMI ) is trading sharply higher Wednesday morning as Bitcoin ( CRYPTO: BTC ) jumps, topping $73,000 and climbing roughly 7%. Here's what investors need to know. Gemini Space Station stock is showing exceptional strength. Why is GEMI stock surging?",Benzinga,https://www.benzinga.com/news/26/03/51043385/gemini-space-station-jumps-30-as-bitcoin-tops-73000,0.121309,Neutral
2026-03-04,2026-03-04 17:56:44,Why IREN Stock Is Rising As Bitcoin Surges - IREN  ( NASDAQ:IREN ) ,"IREN Ltd ( NASDAQ:IREN ) shares are trading higher Wednesday afternoon as Bitcoin ( CRYPTO: BTC ) rallies, up about 7% to around $73,200, reclaiming the $70,000 level after a volatile start to the week. Here's what investors need to know. IREN shares are climbing with conviction.",Benzinga,https://www.benzinga.com/trading-ideas/movers/26/03/51044188/why-iren-stock-is-rising-as-bitcoin-surges,0.173833,Somewhat-Bullish
2026-03-04,2026-03-04 18:14:26,"Morgan Stanley Files Bitcoin ETF, Coinbase, BNY Named As Custodians","Morgan Stanley ( NYSE:MS ) is expanding its crypto footprint, filing an S-1 with the U.S. Securities and Exchange Commission to launch the Morgan Stanley Bitcoin Trust, a spot ETF that would directly hold Bitcoin ( CRYPTO: BTC ) .",Benzinga,https://www.benzinga.com/crypto/cryptocurrency/26/03/51044981/morgan-stanley-files-bitcoin-etf-coinbase-bny-named-as-custodians,0.216612,Somewhat-Bullish
2026-03-04,2026-03-04 18:48:00,"Bitcoin Up 13% Since Iran Strikes, But Has It Earned The 'Safe Haven' Label?","Bitcoin ( CRYPTO: BTC ) is trading above $73,000, up 13% since U.S. and Israeli forces struck Iran on Feb. 28. James Butterfill, head of research at CoinShares, says this is the strongest real-world test of Bitcoin's safe-haven thesis this cycle. His verdict: BTC passed.",Benzinga,https://www.benzinga.com/markets/prediction-markets/26/03/51046028/bitcoin-up-13-since-iran-strikes-but-has-it-earned-the-safe-haven-label,-0.133438,Neutral
2026-03-04,2026-03-04 18:52:19,"Morgan Stanley Picks Coinbase, BNY Mellon as Custodians for Planned Bitcoin ETF",Morgan Stanley reveals its Bitcoin ETF custodians as the Wall Street giant moves closer to a full crypto embrace.,Decrypt.co,https://decrypt.co/359931/morgan-stanley-picks-coinbase-bny-mellon-custodians-bitcoin-etf,0.148085,Neutral
2026-03-04,2026-03-04 19:16:13,"Bitcoin Jumps 7% To $73,000: What Is Going On?","Bitcoin ( CRYPTO: BTC ) surged 7% in a single day move to $73,000, as heavy ETF inflows and improving technical structure combine to support price despite lingering macro uncertainty. Crypto chart analyst Ali Martinez highlighted multiple factors pointing toward potential short-term upside:",Benzinga,https://www.benzinga.com/crypto/cryptocurrency/26/03/51047007/bitcoin-jumps-7-to-73000-what-is-going-on,0.234947,Somewhat-Bullish
2026-03-04,2026-03-04 19:19:48,Bitcoin Roars Back: Here's What Drove a 7% Surge In the World's Largest Cryptocurrency Today,Bitcoin is leading risk assets higher in an impressive Wednesday rally.,Motley Fool,https://www.fool.com/investing/2026/03/04/bitcoin-roars-back-heres-what-drove-a-7-surge-in-t/,0.11538,Neutral
2026-03-04,2026-03-04 19:20:49,"Dogecoin Pumps as Bitcoin Pops, Reversing Recent DOGE Losing Streak","Leading meme coin Dogecoin (DOGE) is outperforming Bitcoin, spiking 15% on the day as crypto prices rebound across the board.",Decrypt.co,https://decrypt.co/359967/dogecoin-pumps-bitcoin-pops-reversing-doge-losing-streak,0.208991,Somewhat-Bullish
2026-03-04,2026-03-04 19:26:59,"Bitcoin Breaks $70K Resistance, Altcoins Follow: Are The Bulls Back?","Bitcoin's recovery picked up steam on Wednesday as the cryptocurrency rallied above $74,000 amid consistent inflows into the spot Bitcoin ETFs. Do technical charts support the move in BTC and altcoins?",Cointelegraph,https://cointelegraph.com/news/price-predictions-3-4-btc-eth-bnb-xrp-sol-doge-ada-bch-hype-link,-0.04088,Neutral
2026-03-04,2026-03-04 20:04:45,"Bitcoin, Ethereum, XRP, Dogecoin Surge 7% As Crypto Investor Demand Explodes","Bitcoin climbed to $73,000 on Wednesday as strong ETF inflows and improving traditional market sentiment boosted broader crypto momentum. Coinglass data shows 126,475 traders were liquidated in the past 24 hours for $528.36 million. In the past 24 hours, top gainers include Dogecoin, SPX6900 and ...",Benzinga,https://www.benzinga.com/crypto/cryptocurrency/26/03/51048236/bitcoin-ethereum-xrp-dogecoin-surge-7-as-crypto-investor-demand-explodes,0.190504,Somewhat-Bullish
2026-03-04,2026-03-04 20:17:36,"Hut 8 Stock Surges As Bitcoin Tops $74,000 - Hut 8  ( NASDAQ:HUT ) ","Hut 8 Corp ( NASDAQ:HUT ) shares are trading higher Wednesday afternoon as Bitcoin ( CRYPTO: BTC ) rallies above $74,000. Here's what investors need to know. Hut 8 stock is charging ahead with explosive momentum. What's driving HUT stock higher?",Benzinga,https://www.benzinga.com/trading-ideas/movers/26/03/51048783/hut-8-stock-surges-as-bitcoin-tops-74000,0.182131,Somewhat-Bullish
2026-03-04,2026-03-04 20:18:15,DAT Inflows Sink to Lowest Level Since October 2024,"Monthly digital asset treasury inflows were dominated by Bitcoin, except for August and September 2025, according to data from DeFiLlama.",Cointelegraph,https://cointelegraph.com/news/crypto-treasury-inflow-slow-october-2024,0.242092,Somewhat-Bullish
2026-03-04,2026-03-04 20:31:20,Bitcoin Finally Breaks $70K: What Will Sustain The Price Breakout?,"A slowdown in profit-taking and defending the 200-week EMA support at $68,000 are prerequisites for BTC to break the next big hurdle at $75,000.",Cointelegraph,https://cointelegraph.com/news/suckers-rally-why-bitcoin-analysts-say-btc-price-must-hold-70k,0.131703,Neutral
2026-03-04,2026-03-04 21:02:15,"Top Canadian Bank Launches Multi-Crypto ETF with BTC, ETH, SOL, XRP","The bank's asset manager and 3iQ debut an actively managed crypto ETF to Canadian investors, offering exposure to Bitcoin, Ether, Solana and XRP at a competitive 0.25% fee.",Cointelegraph,https://cointelegraph.com/news/scotiabank-launches-multi-crypto-etf-with-3iq,0.375916,Bullish
2026-03-04,2026-03-04 21:13:36,Trump Sends Pro-Bitcoin Fed Chair Nomination to the Senate,The US President makes it official after previously announcing his pick of Kevin Warsh to replace Fed chair Jerome Powell in a Jan. 30 social media post.,Cointelegraph,https://cointelegraph.com/news/donald-trump-fed-nomination-kevin-warsh-senate,0.077778,Neutral
2026-03-04,2026-03-04 21:22:04,"'The Worst Is Behind Us': Bitcoin Market Conditions Mirror FTX Bottom, Analysts Say",Several technical indicators for Bitcoin have reached levels not seen since the market chaos of ...,Decrypt.co,https://decrypt.co/359970/worst-behind-us-bitcoin-market-conditions-mirror-ftx-bottom-analysts,-0.174987,Somewhat-Bearish
2026-03-04,2026-03-04 21:30:00,Bitcoin Bulls Strike Back But $78K May Remain Resistance,"Bitcoin's rally is accelerating, but 43% of holders are still at a loss, leading traders to favor put options. Will this week's gains hold?",Cointelegraph,https://cointelegraph.com/news/bitcoins-bullish-momentum-accelerates-but-topping-78k-remains-a-challenge,-0.056064,Neutral
2026-03-04,2026-03-04 21:31:17,"Bitcoin Tops $73,000 Despite Iran Airstrike Campaign: Is This Rally Sustainable?","Bitcoin ( CRYPTO: BTC ) surged past $73,000 on Tuesday as $320 million in short positions were liquidated across exchanges, according to CoinGlass data. The squeeze caught late sellers off guard after U.S. and Israeli strikes on Iran killed Supreme Leader Ali Khamenei on Feb. 28 and sent oil ...",Benzinga,https://www.benzinga.com/crypto/cryptocurrency/26/03/51052577/bitcoin-tops-73000-despite-iran-airstrike-campaign-is-this-rally-sustainable,0.017118,Neutral
2026-03-04,2026-03-04 21:44:13,Bitwise Donates $233K of Bitcoin ETF Profits to Open-Source BTC Developers,"Crypto asset management firm and ETF issuer Bitwise donated $233,000 to open-source Bitcoin developers in its latest annual contribution.",Decrypt.co,https://decrypt.co/360028/bitwise-donates-233k-bitcoin-etf-profits-open-source-btc-developers,0.347497,Somewhat-Bullish
2026-03-05,2026-03-05 00:15:24,Clearline Capital Increases Core Scientific Stake as Bitcoin Mining Becomes a Data Center Business,"Clearline Capital added shares of Core Scientific, a major Bitcoin mining operator with large-scale data center facilities. With mining rewards reduced after the latest halving, access to power and infrastructure is becoming the industry's defining advantage.",Motley Fool,https://www.fool.com/coverage/filings/2026/03/04/clearline-capital-increases-core-scientific-stake-as-bitcoin-mining-becomes-a-data-center-business/,0.337653,Somewhat-Bullish
2026-03-05,2026-03-05 01:02:06,"How Policy Shifts, Geopolitical Tensions Are Reshaping the Bitcoin Trade","Fresh ETF inflows, policy momentum and a deeper integration with the financial system are beginning to shift sentiment, analysts say.",Decrypt.co,https://decrypt.co/360056/policy-shifts-geopolitical-tensions-reshaping-bitcoin-trade,-0.002444,Neutral
2026-03-05,2026-03-05 01:34:00,"Crypto Bettors Say Sub‑$150,000 Bitcoin Is the Base Case for 2026 -- Here's How Investors Can Still Win","Even if Bitcoin ends the year in the red, it's still possible to turn a profit in crypto.",Motley Fool,https://www.fool.com/investing/2026/03/04/crypto-bettors-say-sub150000-bitcoin-is-the-base-c/,0.168651,Somewhat-Bullish
2026-03-05,2026-03-05 02:07:50,"Bitcoin Tops $74,000, Ethereum, XRP, Dogecoin Also Recover: Analyst Says Market 'Heavily Overpriced' Middle East War - Grayscale Bitcoin Mini Trust  ( BTC )   ( ARCA:BTC ) ","Leading cryptocurrencies staged a strong relief rally on Wednesday, while the stock market also closed higher even as the Middle East war entered its fifth day. Bitcoin rebounded to $74,000 for the first time in a month, with trading volume surging 52% over the last 24 hours.",Benzinga,https://www.benzinga.com/crypto/cryptocurrency/26/03/51057064/bitcoin-tops-74000-ethereum-xrp-dogecoin-also-recover-analyst-says-market-heavily-overprice,-0.031533,Neutral
2026-03-05,2026-03-05 04:46:44,"Eric Trump Says JPMorgan, Wells Fargo And Bank of America Trying To Block Americans From Getting Higher Yields On Savings By Sabotaging Clarity Act - American Bitcoin  ( NASDAQ:ABTC ) , Bank of America  ( NYSE:BAC ) ","Eric Trump, co-founder of the World Liberty Financial ( CRYPTO: WLFI ) platform, stepped up his attack on U.S. banking giants on Wednesday, accusing them of ""desperately targeting"" the cryptocurrency industry.",Benzinga,https://www.benzinga.com/crypto/cryptocurrency/26/03/51057623/eric-trump-says-jpmorgan-wells-fargo-and-bank-of-america-trying-to-block-americans-from-get,0.162818,Somewhat-Bullish
2026-03-05,2026-03-05 04:48:09,Bitwise Makes Latest Donation to Open-Source Bitcoin Devs,"Bitwise has tasked Bitcoin Brink, OpenSats, and the Human Rights Foundation with deciding where to allocate its second annual donation to support Bitcoin.",Cointelegraph,https://cointelegraph.com/news/bitwise-second-donation-bitcoin-devs,0.306589,Somewhat-Bullish
2026-03-05,2026-03-05 06:12:45,Anthony Scaramucci Says Kraken Evolving Into Something 'Much Bigger' After Crypto Exchange Makes History: They Are 'Quietly' Building - Bullish  ( NYSE:BLSH ) ,SkyBridge Capital founder and Bitcoin ( CRYPTO: BTC ) bull Anthony Scaramucci lauded Kraken on Wednesday after the cryptocurrency exchange secured a Federal Reserve master account.,Benzinga,https://www.benzinga.com/crypto/cryptocurrency/26/03/51058083/anthony-scaramucci-says-kraken-evolving-into-something-much-bigger-after-crypto-exchange-ma,0.271175,Somewhat-Bullish
2026-03-05,2026-03-05 06:15:13,Altcoin Social Media Interest Hits 12-Month Low: Santiment,"While altcoin interest on social media is at its lowest in 24 months, it could pick up again once Bitcoin's rally starts to fade, according to crypto trader Michaël van de Poppe.",Cointelegraph,https://cointelegraph.com/news/altcoin-crypto-market-social-media-interest-sinks-bitcoin-dominance,0.123181,Neutral
2026-03-05,2026-03-05 06:28:01,Crypto Stocks Soar as US Regulators Push Ahead,"Bitcoin has jumped as well, increasing 7.6% in the last 24 hours, while Ether is up more than 8.3% to trade at $2,132.",Cointelegraph,https://cointelegraph.com/news/crypto-stocks-rally-trump-regulation-bitcoin-surge,0.207569,Somewhat-Bullish
2026-03-05,2026-03-05 08:17:28,US Bitcoin ETFs Post $462 Million Inflows as BTC Tops $73K,"BlackRock's IBIT led inflows with $307 million as nearly all US spot Bitcoin ETFs posted gains on Wednesday, extending a three-day inflow streak totaling $1.1 billion.",Cointelegraph,https://cointelegraph.com/news/spot-bitcoin-etfs-462-million-inflows-btc-surge-73k,0.224315,Somewhat-Bullish
2026-03-05,2026-03-05 10:12:33,Waiting For Bitcoin's Bottom? Analysts Assess If There's Room For Further Downsides Or Start Of Consolidation Phase,"Bitcoin ( CRYPTO: BTC ) staged a strong relief rally on Wednesday, but the big question on every investor's mind remains: Is this the bottom for the world's leading cryptocurrency?",Benzinga,https://www.benzinga.com/crypto/cryptocurrency/26/03/51059789/waiting-for-bitcoins-bottom-analysts-assess-if-theres-room-for-further-downsides-or-start-o,-0.036361,Neutral
2026-03-05,2026-03-05 11:00:00,Crypto Crash: Is Bitcoin a Buy After Its 40% Slump?,"One of Bitcoin's biggest believers is buying the dip, but history suggests more downside might be coming.",Motley Fool,https://www.fool.com/investing/2026/03/05/crypto-crash-is-bitcoin-a-buy-after-its-40-slump/,0.068297,Neutral
2026-03-05,2026-03-05 11:24:00,"What's Next for Bitcoin: $45,000 or $100,000?",Will the coin's woes accelerate or melt away?,Motley Fool,https://www.fool.com/investing/2026/03/05/whats-next-for-bitcoin-45000-or-100000/,-0.190028,Somewhat-Bearish
2026-03-05,2026-03-05 12:22:11,These Four Bitcoin Charts Suggest BTC Price Is Bottoming After 50% Crash,"Bitcoin's recent pullback toward $60,000 was likely a buy-the-dip opportunity with the price set to recover, several key technical indicators suggested.",Cointelegraph,https://cointelegraph.com/news/these-4-bitcoin-charts-say-btc-price-forming-bottom,0.026277,Neutral
2026-03-05,2026-03-05 12:30:00,Bitcoin Bancorp Launches Texas Deployment of Licensed Bitcoin ATM Network With First 50 ATM Installations - Bitcoin Bancorp  ( OTC:BCBC ) ,"Join our newsletter and view our Blog at: https://bitcoinbancorp.com/blog/ Find investor and general information at: https://www.otcmarkets.com/stock/BCBC/overview SOURCE: Bitcoin Bancorp, Inc. f/k/a Bullet Blockchain, Inc. © 2026 Benzinga.com. Benzinga does not provide investment advice.",Benzinga,https://www.benzinga.com/pressreleases/26/03/g51062651/bitcoin-bancorp-launches-texas-deployment-of-licensed-bitcoin-atm-network-with-first-50-atm-instal,0.192542,Somewhat-Bullish
2026-03-05,2026-03-05 12:30:00,Bitcoin Bancorp Launches Texas Deployment of Licensed Bitcoin ATM Network With First 50 ATM Installations,"LAS VEGAS, March 05, 2026 ( GLOBE NEWSWIRE ) -- Bitcoin Bancorp, Inc. ( OTC: BCBC ) ( ""Bitcoin Bancorp"" or the ""Company"" ) , the holder of foundational patents for Bitcoin ATMs, and among a small number of publicly traded Bitcoin ATM network owner/operators, today announced the initial ...",GlobeNewswire,https://www.globenewswire.com/news-release/2026/03/05/3250054/0/en/Bitcoin-Bancorp-Launches-Texas-Deployment-of-Licensed-Bitcoin-ATM-Network-With-First-50-ATM-Installations.html,0.241505,Somewhat-Bullish
2026-03-05,2026-03-05 12:45:40,Why Robinhood Stock Plunged 24% in February,Bitcoin's volatility is impacting the trading platform.,Motley Fool,https://www.fool.com/investing/2026/03/05/why-robinhood-stock-plunged-24-in-february/,0.147893,Neutral
2026-03-05,2026-03-05 12:53:40,"Bitcoin Holds $73,000, Ethereum, XRP, Dogecoin See Renewed Institutional Demand","Bitcoin is holding on to $73,000 amid strong institutional demand as liquidations stand at $472.88 million over the past 24 hours. Bitcoin ETFs saw $155.2 million in net inflows on Wednesday, while Ethereum ETFs reported $130 million in net inflows. The meme coin sector also rose 0.9% to $32.8 ...",Benzinga,https://www.benzinga.com/crypto/cryptocurrency/26/03/51063225/bitcoin-holds-73000-ethereum-xrp-dogecoin-see-renewed-institutional-demand,0.08856,Neutral
2026-03-05,2026-03-05 13:01:57,"Bitcoin Liquidity Analysis Eyes $65,000 Support Retest to Come","Bitcoin liquidity analysis described bulls as in control after the trip to $74,000, but a support retest could take BTC price action almost $10,000 lower.",Cointelegraph,https://cointelegraph.com/news/bitcoin-bears-annihilated-analysis-65k-support-test-next,0.142324,Neutral
2026-03-05,2026-03-05 13:17:13,One Year Later: US Bitcoin Reserve Has No Purchase Plans,"One year after creating the Bitcoin reserve, the US' BTC coffers remain much the same, as the Treasury Department hasn't developed an acquisition strategy.",Cointelegraph,https://cointelegraph.com/news/us-bitcoin-reserve-no-plan-stack-sats,0.180123,Somewhat-Bullish
2026-03-05,2026-03-05 13:23:52,"Bitcoin Up 12% In 1 Week, Beats Gold For First Time In Months As ETFs Pour In $800 Million","Bitcoin ( CRYPTO: BTC ) is outperformed gold for the first time in months, surging 12% since Friday while gold fell 2% as investors poured nearly $700 million into U.S. Bitcoin ETFs in March. Until this week, the trend had been the opposite.",Benzinga,https://www.benzinga.com/crypto/cryptocurrency/26/03/51064397/bitcoin-up-12-in-1-week-beats-gold-for-first-time-in-months-as-etfs-pour-in-800-million,0.072305,Neutral
2026-03-05,2026-03-05 13:30:00,YY Group Holdings Announces Long-Term Bitcoin Treasury Strategy,"YY Group Holdings adopts a long-term Bitcoin treasury strategy, allocating excess cash to the digital asset to enhance shareholder value.",GlobeNewswire,https://www.globenewswire.com/news-release/2026/03/05/3250168/0/en/YY-Group-Holdings-Announces-Long-Term-Bitcoin-Treasury-Strategy.html,0.277816,Somewhat-Bullish
2026-03-05,2026-03-05 14:50:32,How To Position Through A Shooting War,"We're At War With Iran. The Strait of Hormuz is disrupted. Chips rallied 5%. Bitcoin ripped past $73K. And nonfarm payrolls drop Friday. WAR › U.S. and Israeli strikes on Iran are now in their fourth day. Iran partially closed the Strait of Hormuz, a chokepoint for roughly 13 million barrels of ...",Benzinga,https://www.benzinga.com/Opinion/26/03/51068072/how-to-position-through-a-shooting-war,-0.050736,Neutral
2026-03-05,2026-03-05 15:33:08,Core Scientific Secures Up to $1 Billion From Morgan Stanley for Pivot From Bitcoin Mining to AI,The firm continues to pivot away from Bitcoin mining.,Decrypt.co,https://decrypt.co/360117/core-scientifics-secures-1-billion-morgan-stanley-pivot-bitcoin-ai,0.253708,Somewhat-Bullish
2026-03-05,2026-03-05 15:49:30,"Bitcoin Traders See Bleak Rebound Odds as $74,000 Fades",BTC price upside lost momentum after hitting one-month highs as more traders joined bearish predictions for Bitcoin's next move.,Cointelegraph,https://cointelegraph.com/news/bitcoin-trader-sees-lower-soon-btc-price-starts-erase-74k-breakout,0.085775,Neutral
2026-03-05,2026-03-05 16:10:12,"Morgan Stanley Files Bitcoin ETF, Backs Core Scientific With $500M","Morgan Stanley ( NYSE:MS ) filed an amended Bitcoin ( CRYPTO: BTC ) ETF with the SEC on March 4 and provided a $500 million loan facility to Core Scientific ( NASDAQ:CORZ ) with option to extend to $1 billion, signaling aggressive crypto expansion across products and mining infrastructure.",Benzinga,https://www.benzinga.com/crypto/cryptocurrency/26/03/51071902/morgan-stanley-files-bitcoin-etf-backs-core-scientific-with-500m,0.311019,Somewhat-Bullish
2026-03-05,2026-03-05 16:36:02,"Bitcoin Price Predictions Flip Bullish, But Ethereum Is Still Stuck","Prediction market traders are becoming more bullish on Bitcoin's near-term price, but they're not as confident on Ethereum.",Decrypt.co,https://decrypt.co/360131/bitcoin-price-predictions-flip-bullish-but-ethereum-stuck,0.047741,Neutral
2026-03-05,2026-03-05 16:45:24,"'Bitcoin Senator' Lummis Touts Kraken's Fed Access As Progress, But Not Everyone Agrees","Wyoming GOP Senator Cynthia Lummis, a vocal advocate for Bitcoin ( CRYPTO: BTC ) , praised Kraken getting access to the Fedwire payment system as a breakthrough for integrating digital assets with traditional finance.",Benzinga,https://www.benzinga.com/crypto/cryptocurrency/26/03/51073446/bitcoin-senator-lummis-touts-krakens-fed-access-as-progress-but-not-everyone-agrees,0.169591,Somewhat-Bullish
2026-03-05,2026-03-05 17:13:59,"Bitcoin Surges 7%, But The March Rally May Just Be A Textbook Bull Trap","Bitcoin ( CRYPTO: BTC ) has surged 7% since the start of the month as macro analyst Benjamin Cowen warned this mirrors the ""bull trap"" pattern that preceded massive sell-offs in every prior midterm cycle.",Benzinga,https://www.benzinga.com/crypto/cryptocurrency/26/03/51074762/bitcoin-surges-7-but-the-march-rally-may-just-be-a-textbook-bull-trap,-0.100975,Neutral
2026-03-05,2026-03-05 17:16:02,"Core Scientific Lands $500M Morgan Stanley Credit Line, Expandable to $1B","The Bitcoin miner and data center operator said the financing will support infrastructure tied to high-density computing workloads, including artificial intelligence and HPC.",Cointelegraph,https://cointelegraph.com/news/core-scientific-secures-up-to-1b-credit-facility-from-morgan-stanley-for-data-center-development,0.210962,Somewhat-Bullish
2026-03-05,2026-03-05 17:51:55,"This Investor Dumped a $3 Million Ethereum ETF, but Added to a Bitcoin Position Last Quarter","The iShares Ethereum Trust ETF offers regulated ether exposure via a trust structure, trading on NASDAQ with daily liquidity for investors.",Motley Fool,https://www.fool.com/coverage/filings/2026/03/05/this-investor-dumped-a-usd3-million-ethereum-etf-but-added-to-a-bitcoin-position-last-quarter/,0.280378,Somewhat-Bullish
2026-03-05,2026-03-05 18:56:08,"Bitcoin Dumps To $71,000: Hormuz Crisis Could Mean 'Oil Volatility Will Kill It,' Bloomberg Analyst Warns","Bitcoin ( CRYPTO: BTC ) rallied as high as $73,000 amid traffic in the Strait of Hormuz clogging up, but Bloomberg Intelligence commodity strategist Mike McGlone warned oil volatility will spill into stocks and crush crypto, calling Bitcoin a ""bear market"" asset heading lower.",Benzinga,https://www.benzinga.com/crypto/cryptocurrency/26/03/51078543/bitcoin-dumps-to-71000-hormuz-crisis-could-mean-oil-volatility-will-kill-it-bloomberg-analy,-0.250751,Somewhat-Bearish
2026-03-05,2026-03-05 19:47:17,Weekly Bitcoin Buys Produce The Best Returns Across Bull And Bear Markets,Backtested data and forward-looking models found that dollar-cost averaging Bitcoin buys is the best way to invest in BTC. Will the strategy work in the next bull market?,Cointelegraph,https://cointelegraph.com/news/dollar-cost-averaging-bitcoin-is-safest-strategy-for-long-term-gains-data,0.200541,Somewhat-Bullish
2026-03-05,2026-03-05 20:12:25,"Bitcoin At $71,000, Ethereum, XRP, Dogecoin Reverse Gains","Bitcoin slipped to $71,000 on Thursday as geopolitical turmoil outweighed continued institutional ETF inflows. Coinglass data shows 95,833 traders were liquidated in the past 24 hours for $293.55 million. SoSoValue data shows net inflows of $461.8 million from spot Bitcoin ETFs on Wednesday.",Benzinga,https://www.benzinga.com/crypto/cryptocurrency/26/03/51080774/bitcoin-at-71000-ethereum-xrp-dogecoin-reverse-gains,0.031398,Neutral
2026-03-05,2026-03-05 20:28:55,"CleanSpark Sells Most February BTC Output, Generating $36.6M in Proceeds","The Nasdaq-listed miner sold nearly all of its February production while expanding power capacity in Texas and maintaining a treasury of more than 13,000 BTC.",Cointelegraph,https://cointelegraph.com/news/cleanspark-sells-most-february-bitcoin-output-generating-36-6m-in-proceeds,0.100084,Neutral
2026-03-05,2026-03-05 20:48:37,Bitcoin Miners Start Unwinding BTC Treasuries as Industry Strains,"Public miners are trimming Bitcoin reserves as tightening margins, debt pressure and a post-crash reset force the industry to rethink its once-popular hold strategy.",Cointelegraph,https://cointelegraph.com/news/bitcoin-miners-unwind-btc-treasuries-margin-pressure,0.078014,Neutral
2026-03-05,2026-03-05 21:12:09,Dogecoin Down Bad as Bitcoin Gives Up Latest Gains,"After a strong bounce on Wednesday, Dogecoin is leading the top 100 tokens in losses on Thursday as Bitcoin falls.",Decrypt.co,https://decrypt.co/360185/dogecoin-down-bad-bitcoin-gives-up-latest-gains,0.065316,Neutral
2026-03-05,2026-03-05 23:25:00,3 Things Every Strategy Investor Needs to Know,The transformation into a Bitcoin treasury company is perhaps the most interesting development in capital markets.,Motley Fool,https://www.fool.com/investing/2026/03/05/3-things-every-strategy-investor-needs-to-know/,0.228982,Somewhat-Bullish
2026-03-06,2026-03-06 01:08:56,Construction Begins at 1M Qubit Quantum Facility,"PsiQuantum co-founder Terry Rudolph said in July it has no plans to attack Bitcoin, even if its upcoming facility becomes powerful enough to break the blockchain's cryptography.",Cointelegraph,https://cointelegraph.com/news/construction-quantum-facility-1m-qubits-begins,-0.092648,Neutral
2026-03-06,2026-03-06 02:24:28,"Bitcoin, Ethereum, XRP, Dogecoin Fall, While Oil Surges Amid Middle East War: Analytics Firm Says BTC Is 'Still In A Bear Market' - Grayscale Bitcoin Mini Trust  ( BTC )   ( ARCA:BTC ) ","Leading cryptocurrencies pulled back sharply on Thursday, while oil supply disruptions driven by the war in the Middle East kept investors on edge. Bitcoin corrected after Wednesday's rally to $74,000, while Ethereum and other large-cap coins also gave up gains.",Benzinga,https://www.benzinga.com/crypto/cryptocurrency/26/03/51088542/bitcoin-ethereum-xrp-dogecoin-fall-while-oil-surges-amid-middle-east-war-analytics-firm-say,-0.081504,Neutral
2026-03-06,2026-03-06 03:40:07,Vancouver Moves to Close Bitcoin Reserve Proposal After Legal Review,"Over a year after Vancouver explored becoming a ""Bitcoin-friendly city,"" staff say municipal law bars holding Bitcoin in city reserves.",Decrypt.co,https://decrypt.co/360216/vancouver-close-bitcoin-reserve-proposal-legal-review,0.129563,Neutral
2026-03-06,2026-03-06 04:15:00,"Prediction Markets Are Pricing in Pennies for a $150,000 Bitcoin by March -- Here's Why I Still Wouldn't Bet Against This Crypto Wild Card",Bitcoin's tremendous volatility makes it a difficult crypto to predict.,Motley Fool,https://www.fool.com/investing/2026/03/05/prediction-markets-are-pricing-in-pennies-for-a-15/,-0.052522,Neutral
2026-03-06,2026-03-06 04:44:31,Hacker Steals $2.7M From Solv's Bitcoin Yield Platform,"Crypto security researchers say the hacker exploited a bug allowing them to mint tokens, before swapping the freely-gained tokens for another tied to Bitcoin.",Cointelegraph,https://cointelegraph.com/news/hacker-steals-nearly-3-million-from-solv-protocol,-0.179005,Somewhat-Bearish
2026-03-06,2026-03-06 05:14:35,Arthur Hayes Says Rising Treasury Yields Could Trigger A Money-Printing Bailout And 'Benefit' Bitcoin,"Arthur Hayes, Chief Investment Officer at Maelstrom Fund, told Benzinga on Thursday that rising oil prices and treasury yields could prove positive for Bitcoin ( CRYPTO: BTC ) . Hayes argued that the surge in oil prices has disrupted ""normal investor behavior.""",Benzinga,https://www.benzinga.com/crypto/cryptocurrency/26/03/51088992/arthur-hayes-says-rising-treasury-yields-could-trigger-a-money-printing-bailout-and-benefit,0.105454,Neutral
2026-03-06,2026-03-06 05:26:22,Lyn Alden Tips Bitcoin Outperforming Gold Through to 2029,"Macroeconomist Lyn Alden says gold has a ""somewhat euphoric"" sentiment around it, while Bitcoin is being treated ""somewhat unfairly negative."" ...",Cointelegraph,https://cointelegraph.com/news/bitcoin-gold-outperform-prediction-macroeconomist-lyn-alden,0.002462,Neutral
2026-03-06,2026-03-06 05:57:49,Bitcoin Relief Rally Fades as Bear Market Signals Hold,"""Even after the recent price rally, fundamental and technical indicators still point to a bear market environment,"" said CryptoQuant.",Cointelegraph,https://cointelegraph.com/news/bitcoin-relief-rally-faces-headwinds-as-bear-market-persists-analysts,-0.119983,Neutral
2026-03-06,2026-03-06 07:00:00,Better Cryptocurrency to Buy and Hold for 10 Years or More: Bitcoin vs. Cardano,"There's no such thing as being future proof, but it's possible to be well prepared.",Motley Fool,https://www.fool.com/investing/2026/03/06/better-cryptocurrency-to-buy-and-hold-for-10-years/,0.228717,Somewhat-Bullish
2026-03-06,2026-03-06 08:39:43,Vancouver Staff Say Bitcoin Cannot Be Held in City Reserves,Vancouver city staff say Bitcoin is not permitted under the Vancouver Charter and recommend dropping Mayor Ken Sim's 2024 reserve proposal ahead of a Tuesday council vote.,Cointelegraph,https://cointelegraph.com/news/vancouver-staff-bitcoin-reserve-not-allowed-city-charter,-0.019443,Neutral
2026-03-06,2026-03-06 09:30:00,How Buying Bitcoin Today Could 10x Your Net Worth,"In a period of a little more than a decade, Bitcoin's price increased from $100 to $100,000.",Motley Fool,https://www.fool.com/investing/2026/03/06/how-buying-bitcoin-today-could-10x-your-net-worth/,0.040495,Neutral
2026-03-06,2026-03-06 10:00:00,2 Reasons to Buy Bitcoin Before June 2026,These two factors could dramatically change the way investors think about Bitcoin.,Motley Fool,https://www.fool.com/investing/2026/03/06/x-reasons-to-buy-cryptocurrency-before-date/,0.138374,Neutral
2026-03-06,2026-03-06 10:01:00,Judge Freezes 70 BTC from BlockFills in Court Dispute Tied to User Funds,A federal judge froze 70.6 Bitcoin tied to BlockFills after Dominion Capital alleged customer fund misuse and sought the return of disputed assets.,Cointelegraph,https://cointelegraph.com/news/blockfills-bitcoin-freeze-order-dominion-capital-customer-fund-dispute,-0.038612,Neutral
2026-03-06,2026-03-06 10:18:36,"Strike Receives BitLicense, Money Transmitter Approval in New York","New York users now gain access to Strike's Bitcoin brokerage, recurring buys and paycheck-to-Bitcoin services after the NYDFS licensing approvals.",Cointelegraph,https://cointelegraph.com/news/strike-bitlicense-money-transmitter-license-new-york-nydfs,0.06434,Neutral
2026-03-06,2026-03-06 10:39:00,Should You Forget Bitcoin and Buy Franco-Nevada Instead?,Investors have been looking to Bitcoin as a safe-haven investment. this company might be a better choice.,Motley Fool,https://www.fool.com/investing/2026/03/06/should-you-forget-bitcoin-and-buy-franco-nevada-in/,0.201335,Somewhat-Bullish
2026-03-06,2026-03-06 10:40:30,"Bitfinex Leads Major Bitcoin Outflows as Weekly Total Hits 47,000 BTC","Bitcoin exchange withdrawals spiked to more than $2 billion of BTC on Wednesday, with analysis eyeing a potential major spot buy.",Cointelegraph,https://cointelegraph.com/news/bitcoin-anomalous-exchange-outflow-32k-btc-leave-bitfinex,-0.0072,Neutral
2026-03-06,2026-03-06 10:45:00,1 Number That Shows Why Bitcoin Will Go Higher in the Long Term,This asset still has a very long runway for more adoption and more traction.,Motley Fool,https://www.fool.com/investing/2026/03/06/1-number-that-shows-why-bitcoin-will-go-higher-ove/,0.070775,Neutral
2026-03-06,2026-03-06 10:54:28,Bitcoin and Solana ETFs See Outflows Amid Market Dip,"US spot Bitcoin ETFs saw $228 million in outflows Thursday, ending a three-day inflow streak, while Solana ETFs posted their first losses since February.",Cointelegraph,https://cointelegraph.com/news/bitcoin-etfs-228-million-outflows-bear-market-persists,0.105929,Neutral
2026-03-06,2026-03-06 11:45:00,"Prediction Markets Put Just 11% Odds on Bitcoin Reaching $150,000 by Year-End -- Is That Too Bearish?","Bitcoin looks unlikely to set new highs this year, but its long-term outlook is positive.",Motley Fool,https://www.fool.com/investing/2026/03/06/prediction-markets-put-just-11-odds-on-bitcoin-rea/,-0.034415,Neutral
2026-03-06,2026-03-06 12:00:59,$74K Bitcoin Local Peak? Traders Divided on Bear Market Continuation,"Bitcoin's rebound to $74,000 sparked disagreement among traders as opinions diverged on whether the BTC price bottom is behind us.",Cointelegraph,https://cointelegraph.com/markets/was-74k-a-bull-trap-bitcoin-traders-diverge-on-2022-crash-repeating,0.002414,Neutral
2026-03-06,2026-03-06 12:29:15,"Bitcoin Slips Back To $70,000 As Ethereum, XRP, Dogecoin Dump On ETF Outflows","Bitcoin fell towards $70,000 as institutional outflows stopped the relief rally dead in its tracks. Bitcoin ETFs saw $227.8 million in net outflows on Thursday, while Ethereum ETFs reported $90.9 million in net outflows. The broader meme coin sector dropped about 3% to roughly $32 billion.",Benzinga,https://www.benzinga.com/crypto/cryptocurrency/26/03/51092425/bitcoin-slips-back-to-70000-as-ethereum-xrp-dogecoin-dump-on-etf-outflows,-0.170669,Somewhat-Bearish
2026-03-06,2026-03-06 12:52:56,"Bitcoin ETFs Shed $228M, But Longer-Term Flows Stabilize","Bitcoin ETFs saw their worst outflows in three weeks, with experts highlighting early re-accumulation as flows stabilize.",Decrypt.co,https://decrypt.co/360238/bitcoin-etfs-shed-228m-but-longer-term-flows-stabilize,0.031115,Neutral
2026-03-06,2026-03-06 15:05:44,Bitcoin Dives Below $69K as US Loses 92K Jobs in February,"Bitcoin has fallen 5% in the last day as the U.S. shed 92,000 jobs in February, rattling crypto markets amid growing economic uncertainty.",Decrypt.co,https://decrypt.co/360244/bitcoin-dives-below-69k-us-loses-92k-jobs-february,-0.229532,Somewhat-Bearish
2026-03-06,2026-03-06 15:14:04,"US Jobs Miss Fails to Stop Bitcoin Erasing Its $74,000 Breakout Attempt","Bitcoin erased its latest breakout attempt after hitting $74,000 as surprisingly weak labor-market data offered no tailwind to crypto or risk assets.",Cointelegraph,https://cointelegraph.com/markets/bitcoin-price-drops-near-68k-us-jobs-weakness-fails-rescue-bulls,-0.176138,Somewhat-Bearish
2026-03-06,2026-03-06 16:23:32,"Kraken Fed Access, MARA Bitcoin Strategy, NYSE Tokenization Push","Kraken secures Fed payment access, MARA clarifies its Bitcoin treasury plans, Fold cuts $66M in debt, and analysts say NYSE tokenization could attract institutions.",Cointelegraph,https://cointelegraph.com/news/kraken-fed-access-mara-bitcoin-nyse-tokenization,0.194517,Somewhat-Bullish
2026-03-06,2026-03-06 16:39:42,"Watch This Signal For A Bitcoin Bottom, Bitwise's Matt Hougan Says","Bitwise's Chief Investment Officer Matt Hougan says crypto may be nearing a structural turning point as geopolitical shocks, institutional adoption and regulatory clarity reshape the market.",Benzinga,https://www.benzinga.com/crypto/cryptocurrency/26/03/51102262/watch-this-signal-for-a-bitcoin-bottom-bitwises-matt-hougan-says,0.263378,Somewhat-Bullish
2026-03-06,2026-03-06 17:23:44,Kazakhstan Central Bank To Invest $350M In Crypto Starting April,"Kazakhstan's central bank formed a $350 million portfolio from gold and foreign exchange reserves for crypto-related investments starting April, focusing on crypto infrastructure companies and index funds rather than direct Bitcoin ( CRYPTO: BTC ) allocations.",Benzinga,https://www.benzinga.com/crypto/cryptocurrency/26/03/51103989/kazakhstan-central-bank-to-invest-350m-in-crypto-starting-april,0.167118,Somewhat-Bullish
2026-03-06,2026-03-06 17:36:28,Tether Brings USDT To Bitcoin With $7.5M Seed Round Investment,"Tether ( CRYPTO: USDT ) co-led a $7.5 million seed round in Utexo to enable native USDT settlement on Bitcoin ( CRYPTO: BTC ) and Lightning Network as CEO Paolo Ardoino said ""Bitcoin has always been central to Tether's long-term vision for USDT.""",Benzinga,https://www.benzinga.com/crypto/cryptocurrency/26/03/51104395/tether-brings-usdt-to-bitcoin-with-7-5m-seed-round-investment,0.136283,Neutral
2026-03-06,2026-03-06 18:22:41,"Bitcoin Plunges To $68,000 As Oil Surges Beyond $90: End Of The Relief Rally?","Bitcoin ( CRYPTO: BTC ) is down to $68,000, with the recent rally only a relief bounce within a broader bearish market structure, according to a prominent analyst. Trader Mayne said on Thursday Bitcoin's rebound from the Iran conflict lows has created two opposing narratives in the market.",Benzinga,https://www.benzinga.com/crypto/cryptocurrency/26/03/51106060/bitcoin-plunges-to-68000-as-oil-surges-beyond-90-end-of-the-relief-rally,-0.144663,Neutral
2026-03-06,2026-03-06 18:51:56,Arthur Hayes: Bitcoin Will Feel Ripple Effect of Prolonged Mideast War,"In a Cointelegraph interview, Arthur Hayes explains why global markets may not be pricing in a longer war in the Middle East, and what that may mean for energy prices, liquidity and Bitcoin.",Cointelegraph,https://cointelegraph.com/interview/arthur-hayes-markets-underpricing-risk-longer-middle-east-war,-0.128932,Neutral
2026-03-06,2026-03-06 19:00:00,"Aave Rift, Bitcoin Rebound and ETF Inflows Dominate the Crypto Week","Bitcoin bounced back this week as stablecoin inflows surged, and DeFi faced fresh pressure from Aave governance strife, exploits and exchange security moves.",Cointelegraph,https://cointelegraph.com/news/bitcoin-etf-rebound-stablecoin-inflows-defi-governance-hacks-finance-redefined,-0.081716,Neutral
2026-03-06,2026-03-06 19:13:44,"Crypto News: Pepeto Announces Web3 Payment Partnership to Accelerate Exchange Launch as Bitcoin Price Prediction target $150,000",Crypto News: Pepeto Announces Web3 Payment Partnership to Accelerate Exchange Launch as Bitcoin Price Prediction target ...,Business Insider,https://markets.businessinsider.com/news/stocks/crypto-news-pepeto-announces-web3-payment-partnership-to-accelerate-exchange-launch-as-bitcoin-price-prediction-target-150-000-1035906606,-0.071225,Neutral
2026-03-06,2026-03-06 19:43:21,"Bitcoin Plunges 4% And Hitting $45,000 In 2026 Is A Coinflip's Chance, Polymarket Says","Bitcoin ( CRYPTO: BTC ) dropped below $70,000 on Friday morning after the U.S. economy unexpectedly shed 92,000 jobs in February, and macro analyst Benjamin Cowen warned the March rally was a textbook bull trap that may now be over.",Benzinga,https://www.benzinga.com/crypto/cryptocurrency/26/03/51108449/bitcoin-plunges-4-and-hitting-45000-in-2026-is-a-coinflips-chance-polymarket-says,0.041518,Neutral
2026-03-06,2026-03-06 19:44:00,"This Could Be the Missing X Factor for Bitcoin, According to Cathie Wood of Ark Invest",Any sustained buying for the Strategic Bitcoin Reserve could help to send the price of Bitcoin soaring.,Motley Fool,https://www.fool.com/investing/2026/03/06/this-could-be-the-missing-x-factor-for-bitcoin-acc/,0.226899,Somewhat-Bullish
2026-03-06,2026-03-06 20:00:55,Bitcoin Lost $70K Again: Here's Why,"Profit-taking by short-term Bitcoin traders accelerated the BTC drop below $70,000, but spot and futures traders may kickstart a quick recovery.",Cointelegraph,https://cointelegraph.com/markets/bitcoin-price-falls-under-dollar70k-again-three-key-reasons,-0.050658,Neutral
2026-03-06,2026-03-06 20:03:04,"Bitcoin, Ethereum, XRP, Dogecoin Slide 4% In 'Classic Friday Selloff'","Cryptocurrencies fell about 4% on Friday as a weak jobs report and the US airstrike campaign weigh on risk assets. Coinglass data shows 96,006 traders were liquidated in the past 24 hours for $323.92 million. SoSoValue data shows net outflows of $227.8 million from spot Bitcoin ETFs on Thursday.",Benzinga,https://www.benzinga.com/crypto/cryptocurrency/26/03/51109032/bitcoin-ethereum-xrp-dogecoin-slide-4-in-classic-friday-selloff,-0.185741,Somewhat-Bearish
2026-03-06,2026-03-06 20:52:16,"How Morgan Stanley, TD Cowen, Citibank Are Embracing Bitcoin","Morgan Stanley ( NYSE:MS ) , TD Bank and Citgroup ( NYSE:C ) have outlined plans to integrate Bitcoin ( CRYPTO: BTC ) into traditional finance as regulatory clarity improves and institutional demand grows.",Benzinga,https://www.benzinga.com/crypto/cryptocurrency/26/03/51110749/how-morgan-stanley-td-cowen-citibank-are-embracing-bitcoin,0.216152,Somewhat-Bullish
2026-03-06,2026-03-06 21:00:00,"Bitcoin Relief Rally Fizzles, Altcoins Follow: Will BTC See $60K Again?","Bitcoin sold off below $70,000 on Friday, leading analysts to conclude that this week's breakout to $74,000 was a relief rally rather than a longer-lasting sign of a trend change.",Cointelegraph,https://cointelegraph.com/markets/price-predictions-3-6-btc-eth-bnb-xrp-sol-doge-ada-bch-hype-xmr,-0.040669,Neutral
2026-03-06,2026-03-06 22:15:00,Bitcoin Sell-off To $65K Likely As Traders Run From Global Risks,"A new war, private credit market weakness and spiking commodities prices add tail risk to Bitcoin's price. Is $65,000 BTC's next stop?",Cointelegraph,https://cointelegraph.com/markets/odds-of-bitcoin-price-drop-to-65k-rise-as-private-credit-woes-us-war-rattle-markets,0.059331,Neutral
2026-03-06,2026-03-06 23:00:00,Bitcoin Data Shows Why 3-Year Holders Avoid Losses,"Bitcoin's price volatility tends to scare off buyers, but data shows investors who hold for at least three years have a higher chance of locking in significant returns.",Cointelegraph,https://cointelegraph.com/markets/when-buying-bitcoin-don-t-expect-profit-for-at-least-3-years-data,0.040794,Neutral
2026-03-07,2026-03-07 05:06:17,US National Cyber Strategy Pledges Support For Crypto And Blockchain,"Mixers, privacy coins and the threat quantum computing could pose to Bitcoin were all points of speculation across the industry following the release of Trump's Cyber Strategy.",Cointelegraph,https://cointelegraph.com/news/crypto-blockchain-priority-national-cyber-strategy-us-donald-trump,0.173965,Somewhat-Bullish
2026-03-07,2026-03-07 06:02:01,Bitcoin Dip May Not Be Over As Retail Ramps Up Buying: Santiment,"Bitcoin whales have sold about 66% of the Bitcoin they recently accumulated since Wednesday, according to crypto sentiment platform Santiment.",Cointelegraph,https://cointelegraph.com/news/bitcoin-price-decline-downside-retail-whales-pattern-santiment,-0.117594,Neutral
2026-03-07,2026-03-07 09:00:00,"Bitcoin Needs a Monster Rally to Hit $150,000 by December -- and Prediction Markets See Only an 11% Shot","Investors viewed Bitcoin as a hedge against market risk, but the cryptocurrency has proven highly volatile.",Motley Fool,https://www.fool.com/investing/2026/03/07/bitcoin-needs-a-monster-rally-to-hit-150000-by-dec/,0.094963,Neutral
2026-03-07,2026-03-07 15:30:40,How Much Bitcoin Can Michael Saylor Buy via Strategy's STRC Stock?,"Strategy may raise $300 million via STRC sales, potentially giving Michael Saylor enough proceeds to continue buying Bitcoin throughout 2026.",Cointelegraph,https://cointelegraph.com/markets/strategy-strc-stock-trading-surge-dollars-how-much-bitcoin-can-saylor-buy,0.124527,Neutral
2026-03-07,2026-03-07 20:13:00,"Putting $1,000 on a Game vs. $1,000 Into Bitcoin: Which Bet Actually Gives You a Better Chance at Building Wealth?",Knowing the odds could make you richer down the line.,Motley Fool,https://www.fool.com/investing/2026/03/07/putting-1000-on-a-game-vs-1000-into-bitcoin-which/,0.143648,Neutral
2026-03-08,2026-03-08 02:40:00,"The Bettors on Polymarket Don't Think Bitcoin Will Hit $150,000 in March. Here's What I Think.","Sometimes, the wisdom of the crowds is more distracting than it is useful.",Motley Fool,https://www.fool.com/investing/2026/03/07/the-bettors-on-polymarket-dont-think-bitcoin-will/,0.0,Neutral
2026-03-08,2026-03-08 04:55:03,Bitcoin 'Bull Trap' Forming As Bear Market Middle Stage Approaches: Analyst,"On-chain analyst Willy Woo said Bitcoin's current price range likely hasn't bottomed yet, warning that the market could see further downside before a true cycle low forms.",Cointelegraph,https://cointelegraph.com/news/bitcoin-bull-trap-bear-market-phase-middle-willy-woo-analyst,0.0345,Neutral
2026-03-08,2026-03-08 10:04:00,Is Bitcoin Going to $0?,Is the market-leading cryptocurrency in danger of being disrupted?,Motley Fool,https://www.fool.com/investing/2026/03/08/is-bitcoin-going-to-0/,0.02692,Neutral
2026-03-08,2026-03-08 10:08:33,"Spot Bitcoin ETFs Log Second Weekly Inflows in 5 Months, Ether ETFs Rebound","US spot Bitcoin ETFs recorded their second consecutive week of net inflows, ending a five-month outflow streak.",Cointelegraph,https://cointelegraph.com/news/spot-bitcoin-etfs-second-weekly-inflows-five-months-ether-etfs-rebound,0.049716,Neutral
2026-03-08,2026-03-08 13:20:42,"Bitcoin Is a Buy at $60,000 if Macro Forces BTC Lower, Says Trader",Bitcoin price weakness brought back the risk of cementing its 200-week exponential moving average trend line as new resistance.,Cointelegraph,https://cointelegraph.com/markets/bitcoin-fresh-trend-line-showdown-weekly-close-60k-target,0.022076,Neutral
2026-03-08,2026-03-08 14:50:00,Can Strategy Stock Beat the Market?,The Bitcoin treasury company provides investors with unique exposure.,Motley Fool,https://www.fool.com/investing/2026/03/08/can-strategy-stock-beat-the-market/,0.268333,Somewhat-Bullish
2026-03-08,2026-03-08 15:12:00,"Got $1,000? Should You Buy Bitcoin or Cardano?","Value can stem from an asset's ability to change, or from its habit of staying the same.",Motley Fool,https://www.fool.com/investing/2026/03/08/got-1000-should-you-buy-bitcoin-or-cardano/,0.202053,Somewhat-Bullish
2026-03-08,2026-03-08 19:38:00,Better Crypto Buy: Bitcoin vs. XRP,Both of these popular digital assets are trading significantly below their peaks.,Motley Fool,https://www.fool.com/investing/2026/03/08/better-crypto-buy-bitcoin-vs-xrp/,0.183819,Somewhat-Bullish
2026-03-08,2026-03-08 21:31:23,Saylor Signals Another Bitcoin Buy Amid Market Downturn,"Strategy's Bitcoin treasury is valued at over $48.4 billion at the time of this writing, but with a net asset value of less than 1, it's trading at a discount.",Cointelegraph,https://cointelegraph.com/news/saylor-signals-bitcoin-buy-btc-near-66k,0.17826,Somewhat-Bullish
2026-03-08,2026-03-08 23:33:53,Bitcoin Falls as Oil Prices Rise on Energy Shortage Fears,"Bitcoin's price has now fallen over four consecutive days to $66,272 after initially climbing on the US-Israel strikes on Iran.",Cointelegraph,https://cointelegraph.com/news/bitcoin-falls-oil-rises-middle-eastern-conflict,-0.083868,Neutral
2026-03-09,2026-03-09 00:05:40,Bitcoin Price Slips as Oil Surges and US Stock Futures Tumble,Whether Bitcoin's resilience holds may depend less on battlefield developments than on how energy prices respond in the days ahead.,Decrypt.co,https://decrypt.co/360386/bitcoin-price-oil-surges-stock-futures-tumble,-0.216222,Somewhat-Bearish
2026-03-09,2026-03-09 02:00:00,Bitcoin Poker Sites in 2025: Why BC Poker Is the Most Serious Platform Yet,"New York City, NY, March 08, 2026 ( GLOBE NEWSWIRE ) -- Launched in 2025 under the BC.GAME umbrella, BC Poker is not a casino that added a couple of Hold'em tables as an afterthought. It is a dedicated poker platform that happens to accept crypto. The distinction matters.",Benzinga,https://www.benzinga.com/pressreleases/26/03/g51119164/bitcoin-poker-sites-in-2025-why-bc-poker-is-the-most-serious-platform-yet,0.220982,Somewhat-Bullish
2026-03-09,2026-03-09 02:00:00,"Bitcoin Has Only a 5% Chance of Hitting $150,000 by June, According to Prediction Markets -- Here's Why I'm Not Taking Those Odds at Face Value","When it comes to Bitcoin, crypto investors need to adopt a long-term mindset.",Motley Fool,https://www.fool.com/investing/2026/03/08/bitcoin-has-only-a-5-chance-of-hitting-150000-by-m/,0.150267,Somewhat-Bullish
2026-03-09,2026-03-09 02:16:12,"Bitcoin, Ethereum Slide, XRP, Dogecoin Steady As Iran War Spooks Investors: Popular Chartist Says This Indicator Acting As 'Ceiling' For BTC Price - Grayscale Bitcoin Mini Trust  ( BTC )   ( ARCA:BTC ) ","Leading cryptocurrencies slid alongside stock futures and commodities Sunday overnight as the ongoing Middle East conflict kept investors on edge. Bitcoin tumbled below $65,000 in the evening, while trading volume surged 52% in the last 24 hours.",Benzinga,https://www.benzinga.com/crypto/cryptocurrency/26/03/51119192/bitcoin-ethereum-slide-xrp-dogecoin-steady-as-iran-war-spooks-investors-popular-chartist-sa,-0.24932,Somewhat-Bearish
2026-03-09,2026-03-09 03:49:59,Bitcoin Trading With Tech Stocks Narrative is Overstated: NYDIG,NYDIG's Greg Cipolaro says that Bitcoin and tech stocks aren't converging and are likely just reacting to macroeconomic conditions rather than trading in tandem.,Cointelegraph,https://cointelegraph.com/news/bitcoin-correlation-tech-stocks-overblown-nydig,0.033479,Neutral
2026-03-09,2026-03-09 04:49:53,Orbital Data Center Startup to Mine Bitcoin in Space,Starcloud CEO Philip Johnston noted that it is 30 times cheaper to mine Bitcoin on ASICs than on GPUs in space on a kilowatt-hour basis.,Cointelegraph,https://cointelegraph.com/news/orbital-data-center-startup-mine-bitcoin-space,0.079922,Neutral
2026-03-09,2026-03-09 07:46:36,Ross Gerber Says 'Buy My Tokens' As Michael Saylor Hints Strategy Will Accumulate More Bitcoin - Strategy  ( NASDAQ:MSTR ) ,Renowned investor Ross Gerber responded to Michael Saylor on Sunday after the Strategy Inc. ( NASDAQ:MSTR ) Chair said the company is gearing to buy more Bitcoin ( CRYPTO: BTC ) .,Benzinga,https://www.benzinga.com/crypto/cryptocurrency/26/03/51120265/ross-gerber-says-buy-my-tokens-as-michael-saylor-hints-strategy-will-accumulate-more-bitcoi,0.045212,Neutral
2026-03-09,2026-03-09 08:15:00,"Traders Are Paying Just Pennies for ""Yes"" on $150,000 Bitcoin by March -- What That Implies for the Next Leg of This Rally","Bitcoin may not turn things around by March, but that shouldn't matter if you're a long-term buy-and-hold investor.",Motley Fool,https://www.fool.com/investing/2026/03/09/traders-are-paying-just-pennies-for-yes-on-150000/,-0.012162,Neutral
2026-03-09,2026-03-09 10:11:34,Willy Woo Says Don't Expect Institutions To Put In Trillions In Bitcoin In A Jiffy: 'Things Move Slower Once It's A Multi-Trillion-dollar Asset',"Cryptocurrency analyst Willy Woo dismissed on Sunday the idea of institutions pouring trillions into Bitcoin ( CRYPTO: BTC ) overnight, predicting a more gradual buildup instead. Woo responded to an X post predicting that Bitcoin will be ready for a big move once institutional investors ...",Benzinga,https://www.benzinga.com/crypto/cryptocurrency/26/03/51121492/willy-woo-says-dont-expect-institutions-to-put-in-trillions-in-bitcoin-in-a-jiffy-things-mo,0.260923,Somewhat-Bullish
2026-03-09,2026-03-09 10:19:03,Oil Cools After Overnight Spike as G7 Eyes Reserve Release,"Bitcoin rebounded from around $65,725 to nearly $68,000 as oil pulled back from its 25% Sunday spike above $117 and market jitters eased.",Cointelegraph,https://cointelegraph.com/news/oil-pulls-back-g7-emergency-reserve-hyperliquid-volume,-0.137843,Neutral
2026-03-09,2026-03-09 10:22:37,"Bitcoin Battles Death Crosses and a $68,000 Weekly Close Rejection","Bitcoin faced two death crosses and the total failure of the $74,000 BTC price breakout headed into the second week of March as the US-Iran conflict raged.",Cointelegraph,https://cointelegraph.com/markets/biggest-oil-supply-shock-ever-five-things-bitcoin-this-week,-0.103846,Neutral
2026-03-09,2026-03-09 10:28:52,Crypto ETPs Turn Green Year-To-Date With $619M Inflows,"Bitcoin ETPs turned green year-to-date with $521 million inflows last week, as total crypto assets rebounded despite geopolitical tensions linked to Iran.",Cointelegraph,https://cointelegraph.com/news/crypto-etp-619-million-inflows-resilience-iran-crisis,-0.096315,Neutral
2026-03-09,2026-03-09 10:30:00,Here's What Would Need to Happen for Bitcoin to Flip Gold Someday,Can the coin once called digital gold ever surpass the real thing?,Motley Fool,https://www.fool.com/investing/2026/03/09/heres-what-would-need-to-happen-for-bitcoin-to-fli/,0.143486,Neutral
2026-03-09,2026-03-09 10:31:06,Tim Draper Says Bitcoin Safer Than Dollars Because Quantum Will Hack Banks Before It Can 'Touch' The Blockchain,"Venture capitalist Tim Draper downplayed the impact of quantum computing on Bitcoin ( CRYPTO: BTC ) , arguing that fiat money in banks faces a greater risk. In an exclusive interview with Benzinga, the billionaire investor said that he considers his Bitcoin holdings ""more secure"" than the ...",Benzinga,https://www.benzinga.com/crypto/cryptocurrency/26/03/51121889/tim-draper-says-bitcoin-safer-than-dollars-because-quantum-will-hack-banks-before-it-can-to,-0.026549,Neutral
2026-03-09,2026-03-09 11:20:01,Bitcoin Shows Strength at $67K Amid Oil Surge and Inflation Fears,"Bitcoin held strong above $67,000 amid oil surge to $119 on Middle East conflict and inflation fears, with analysts seeing signs of a potential BTC price reversal.",Cointelegraph,https://cointelegraph.com/markets/bitcoin-67k-oil-shock-strongest-indicator-bottom-may-be-in,-0.03677,Neutral
2026-03-09,2026-03-09 11:30:00,Bitcoin Bancorp to Present at NIBA's 152nd Investment Conference in Fort Lauderdale Florida on March 11-12,Bitcoin Bancorp to Present at NIBA's 152nd Investment Conference in Fort Lauderdale Florida on March ...,GlobeNewswire,https://www.globenewswire.com/news-release/2026/03/09/3251737/0/en/Bitcoin-Bancorp-to-Present-at-NIBA-s-152nd-Investment-Conference-in-Fort-Lauderdale-Florida-on-March-11-12.html,0.185407,Somewhat-Bullish
2026-03-09,2026-03-09 12:32:17,"Crypto Sees $619M Inflows During Iran Crisis As Bitcoin Wins, XRP Loses","Digital asset investment products recorded $619 million in inflows last week despite the Iran crisis, with Bitcoin ( CRYPTO: BTC ) dominating at $521 million while XRP ( CRYPTO: XRP ) bled $30.3 million in outflows.",Benzinga,https://www.benzinga.com/crypto/cryptocurrency/26/03/51124998/crypto-sees-619m-inflows-during-iran-crisis-as-bitcoin-wins-xrp-loses,-0.027278,Neutral
2026-03-09,2026-03-09 12:36:10,Nigel Farage Invests in Stack BTC as UK Debates Crypto Donations,Nigel Farage has acquired a 6.31% stake in the London-listed Bitcoin treasury company Stack BTC amid broader scrutiny over crypto donations in UK politics.,Cointelegraph,https://cointelegraph.com/news/nigel-farage-stack-btc-investment-uk-crypto-politics,0.260174,Somewhat-Bullish
2026-03-09,2026-03-09 12:47:31,"Strategy Adds 17,994 BTC to Push Total Reserves Above 738,000","The purchase brings Strategy's total Bitcoin reserves to nearly 739,000 BTC despite the asset trading below the company's average acquisition price.",Cointelegraph,https://cointelegraph.com/news/michael-saylor-strategy-buys-17994-bitcoin-below-cost-basis,0.041706,Neutral
2026-03-09,2026-03-09 13:13:04,Strategy Begins 'Second Century' With Massive $1.28 Billion Bitcoin Buy - Strategy  ( NASDAQ:MSTR ) ,"Strategy ( NASDAQ:MSTR ) purchased 17,994 Bitcoin ( CRYPTO: BTC ) for $1.28 billion at $70,946 per coin last week, confirming Executive Chairman Michael Saylor's Sunday hint on X. The company now holds 738,731 BTC acquired for $56.04 billion at an average price of $75,862 per coin.",Benzinga,https://www.benzinga.com/crypto/cryptocurrency/26/03/51126328/strategy-begins-second-century-with-massive-1-28-billion-bitcoin-buy,-0.024285,Neutral
2026-03-09,2026-03-09 13:42:28,Bitcoin's 20 Millionth Coin Has Just Been Mined,"""A digital money system with transparent, predictable, and ultimately scarce supply... has rising appeal in today's economy due to fiat currency tail risks,"" said Grayscale.",Cointelegraph,https://cointelegraph.com/news/bitcoin-mined-20-million-executives-speculate-1-million-left,0.093126,Neutral
2026-03-09,2026-03-09 13:46:22,"Bitcoin Is Down 50% Because Of AI, Geopolitical Turmoil, Arthur Hayes Says",BitMEX co-founder Arthur Hayes says Bitcoin ( CRYPTO: BTC ) 50% drawdown reflects growing fears of an AI-driven credit shock rather than weakness in the crypto market itself. Hayes argued in an interview with Cointelegraph that the decline reflects a broader macro risk tied to artificial ...,Benzinga,https://www.benzinga.com/crypto/cryptocurrency/26/03/51127698/bitcoin-is-down-50-because-of-ai-geopolitical-turmoil-arthur-hayes-says,-0.069619,Neutral
2026-03-09,2026-03-09 14:15:03,"Morning Minute: Bitcoin Rebounds to $69K as Oil Skyrockets, Then Cools","Bitcoin and other crypto coins are rising as oil's surge cools, Polymarket and Kalshi are reportedly raising at massive valuations, and more.",Decrypt.co,https://decrypt.co/360397/morning-minute-bitcoin-rebounds-to-69k-as-oil-skyrockets-then-cools,-0.019085,Neutral
2026-03-09,2026-03-09 14:34:32,"Bitcoin Taps $69,000, Shakes Off Oil Price Surge Beyond $100","Bitcoin ( CRYPTO: BTC ) tapped $69,000 on Monday morning after oil retraced back below $110, following the G7 and IEA's announcement about the largest coordinated strategic oil reserve release in history.",Benzinga,https://www.benzinga.com/crypto/cryptocurrency/26/03/51130358/bitcoin-taps-69000-shakes-off-oil-price-surge-beyond-100,-0.098749,Neutral
2026-03-09,2026-03-09 14:45:40,Bitcoin ETF Flows Cool to $619 Million as Oil Prices Spike,"Crypto funds saw $619M weekly inflow as oil spikes triggered late outflows, with experts split on whether Bitcoin can withstand macro pressure.",Decrypt.co,https://decrypt.co/360410/bitcoin-etf-flows-cool-to-619-million-as-oil-prices-spike,-0.157396,Somewhat-Bearish
2026-03-09,2026-03-09 14:50:47,"Strategy Drops $1.28 Billion on Bitcoin, Issues $377 Million in Preferred Shares","Michael Saylor declared the start of a ""second century,"" following the firm's 100th Bitcoin purchase last month.",Decrypt.co,https://decrypt.co/360411/strategy-drops-1-28-billion-bitcoin-377-million-preferred-shares,0.093732,Neutral
2026-03-09,2026-03-09 15:38:26,"Bitcoin Weathers Oil Supply Storm With a Push Toward $70,000","Bitcoin managed to avoid losses suffered by global stock markets over oil supply uncertainty, with a 5% relief bounce from its weekly open level.",Cointelegraph,https://cointelegraph.com/markets/bitcoin-price-retags-69k-g7-oil-plan-hangs-in-balance,-0.065496,Neutral
2026-03-09,2026-03-09 16:51:00,"Down 44%, the Market Is Dumping Bitcoin: Here Are Its 3 Biggest Trillion-Dollar Competitive Risks",The world's top cryptocurrency still has a long road of adoption ahead of it.,Motley Fool,https://www.fool.com/investing/2026/03/09/down-market-dump-bitcoin-biggest-trillion-dollar/,0.181388,Somewhat-Bullish
2026-03-09,2026-03-09 17:41:23,Nigel Farage Backs Bitcoin Treasury Firm Chaired By Former Chancellor,"Reform UK leader Nigel Farage has joined the $333,000 fundraising round for Stack BTC alongside Blockchain.com.",Decrypt.co,https://decrypt.co/360431/nigel-farage-backs-bitcoin-treasury-firm-chaired-by-former-chancellor,0.09605,Neutral
2026-03-09,2026-03-09 17:57:56,"Crypto Traders Ignore High Oil Prices As BTC, Altcoins Rally","Buyers were undeterred by surging oil prices, pushing Bitcoin near $69,500 and large-cap altcoins close to their overhead resistance levels.",Cointelegraph,https://cointelegraph.com/markets/price-predictions-3-9-spx-dxy-btc-eth-bnb-xrp-sol-doge-ada-bch,-0.081714,Neutral
2026-03-09,2026-03-09 18:03:00,"Bitcoin Rejects Key Level Exactly As Predicted: 'Simulation Confirmed,' Says Analyst","Bitcoin ( CRYPTO: BTC ) rejected $73,500 following a brief early March rally as Into The Cryptoverse analyst Benjamin Cowen declares the ""simulation confirmed,"" arguing BTC is tracking the average return of prior midterm years with 2014, 2018, and 2022 precision.",Benzinga,https://www.benzinga.com/crypto/cryptocurrency/26/03/51138590/bitcoin-rejects-key-level-exactly-as-predicted-simulation-confirmed-says-analyst,-0.169613,Somewhat-Bearish
2026-03-09,2026-03-09 18:21:44,"Coinbase Debuts Crypto Futures for European Traders, Including Bitcoin and Ethereum","Coinbase launched regulated crypto futures in 26 European countries, offering perpetual and dated contracts with up to 10x leverage.",Decrypt.co,https://decrypt.co/360420/coinbase-debuts-crypto-futures-european-traders-bitcoin-ethereum,0.023666,Neutral
2026-03-09,2026-03-09 19:37:58,"Bitcoin Price Bounces, But Bears Are Still in Control: Analysis","Bitcoin broke the descending triangle with a massive candle-then crept right back inside. Today, it's trying again, but the daily chart isn't convincing.",Decrypt.co,https://decrypt.co/360448/bitcoin-price-bounces-bears-in-control-analysis,-0.012132,Neutral
2026-03-09,2026-03-09 20:05:00,"Bitcoin Depot Schedules Fourth Quarter and Full Year 2025 Conference Call for Monday, March 16th at 10:00 a.m. ET","ATLANTA, March 09, 2026 ( GLOBE NEWSWIRE ) -- Bitcoin Depot ( Nasdaq: BTM ) ( ""Bitcoin Depot"" or the ""Company"" ) , a U.S.-based Bitcoin ATM ( ""BTM"" ) operator and leading fintech company, will hold a conference call and live audio webcast on Monday, March 16th at 10:00 a.m. Eastern time ( 7:00 ...",GlobeNewswire,https://www.globenewswire.com/news-release/2026/03/09/3252298/0/en/Bitcoin-Depot-Schedules-Fourth-Quarter-and-Full-Year-2025-Conference-Call-for-Monday-March-16th-at-10-00-a-m-ET.html,0.134301,Neutral
2026-03-09,2026-03-09 20:19:11,Zcash Outpaces Bitcoin Gains as Key Development Team Raises $25 Million,Prominent privacy coin Zcash (ZEC) has jumped 7% over the last day as the Zcash Open Development Lab announced a $25 million fundraise.,Decrypt.co,https://decrypt.co/360475/zcash-outpaces-bitcoin-gains-key-development-team-raises-25-million,0.154121,Somewhat-Bullish
2026-03-09,2026-03-09 20:56:07,Bitcoin Has Now Mined 20 Of 21 Million Coins: Here's Why It Matters,"Bitcoin ( CRYPTO: BTC ) has crossed a major milestone with the mining of 20 million coins, leaving less than 5% of the total supply yet to be issued Kraken noted in a Monday blog post that unlike traditional assets such as gold, Bitcoin has a hard supply cap enforced by its code and ...",Benzinga,https://www.benzinga.com/crypto/cryptocurrency/26/03/51145201/bitcoin-has-now-mined-20-of-21-million-coins-heres-why-it-matters,-0.066141,Neutral
2026-03-09,2026-03-09 20:59:37,"Bitcoin Die-Hard Jack Dorsey Doesn't Like Stablecoins, But Block Will Use Them Anyway",Jack Dorsey has long been Bitcoin-focused. So why is Block building stablecoin support into Cash App?,Decrypt.co,https://decrypt.co/360444/bitcoin-die-hard-jack-dorsey-doesnt-like-stablecoins-block,0.064002,Neutral
2026-03-09,2026-03-09 21:58:11,"Bitcoin, Ethereum, XRP, Dogecoin Spike 3% As Oil Reverses Gains - Grayscale Bitcoin Mini Trust  ( BTC )   ( ARCA:BTC ) ","Bitcoin tapped $69,000 on Monday, following a week of positive crypto asset inflows despite geopolitical turmoil. Coinglass data shows 95,151 traders were liquidated in the past 24 hours for $416.72 million. SoSoValue data shows net outflows of $348.8 million from spot Bitcoin ETFs on Friday.",Benzinga,https://www.benzinga.com/crypto/cryptocurrency/26/03/51146431/bitcoin-ethereum-xrp-dogecoin-spike-3-as-oil-reverses-gains,0.14427,Neutral
2026-03-09,2026-03-09 22:07:11,Bitcoin May Follow Oil With A Rally To $79K,"Historical data shows that Bitcoin typically gains 20% within a month of major spikes in oil prices. Should traders prepare for a rally to $79,000?",Cointelegraph,https://cointelegraph.com/markets/will-bitcoin-follow-oil-historic-surge-and-rally-to-79k-before-end-of-march,0.036303,Neutral
2026-03-09,2026-03-09 22:48:28,Bitcoin ETF Flows Rise As Gold Demand Cools: What's Next for BTC?,Bitcoin ETF inflows have turned positive as gold ETFs see record outflows after a historic rally. Is capital beginning to rotate from gold to Bitcoin?,Cointelegraph,https://cointelegraph.com/markets/bitcoin-vs-gold-etf-flows-point-to-early-capital-rotation-signs,0.22414,Somewhat-Bullish
2026-03-10,2026-03-10 01:21:36,Bitcoin Shows 'Tentative Signs of Improvement' as Iran Conflict Fears Wane,Oil's sharp swing and renewed Bitcoin ETF inflows highlight a fragile rebound as on-chain data suggest crypto market stress may be easing.,Decrypt.co,https://decrypt.co/360512/bitcoin-tentative-signs-iran-conflict-fears-wane,-0.095835,Neutral
2026-03-10,2026-03-10 02:00:00,$5 Bitcoin Casino No Deposit Bonus With No Withdrawal Cap - BC Poker Offers Free Real Money Poker Access With Instant Crypto Payouts,"New York City, NY, March 09, 2026 ( GLOBE NEWSWIRE ) -- Players searching for a bitcoin casino no deposit bonus frequently encounter offers that appear generous but limit actual payouts through hidden withdrawal caps, excessive wagering requirements, or delayed processing.",Benzinga,https://www.benzinga.com/pressreleases/26/03/g51148014/5-bitcoin-casino-no-deposit-bonus-with-no-withdrawal-cap-bc-poker-offers-free-real-money-poker-acc,0.11885,Neutral
2026-03-10,2026-03-10 02:03:12,"Bitcoin, Ethereum, XRP, Dogecoin Rally As Trump Says Iran War 'Pretty Much' Complete: Analyst Predicts BTC Moves If Oil Keeps Falling - Grayscale Bitcoin Mini Trust  ( BTC )   ( ARCA:BTC ) ","Leading cryptocurrencies lifted alongside stocks on Monday after President Donald Trump said that the U.S. campaign against Iran could be nearing its end. Bitcoin rose back above $69,000 as trading volume jumped 34% over the last 24 hours.",Benzinga,https://www.benzinga.com/crypto/cryptocurrency/26/03/51148021/bitcoin-ethereum-xrp-dogecoin-rally-as-trump-says-iran-war-pretty-much-complete-analyst-pre,-0.05091,Neutral
2026-03-10,2026-03-10 06:10:02,Bhutan Transfers $11.8M in Bitcoin for Possible Sale: Arkham,"Bhutan has accumulated around 13,000 Bitcoin since launching state-backed mining operations in 2019, primarily fueled by hydroelectric energy.",Cointelegraph,https://cointelegraph.com/news/bhutan-moves-11-8m-btc-from-national-stash-arkham,0.222314,Somewhat-Bullish
2026-03-10,2026-03-10 08:45:00,"Bettors Give Bitcoin 4% Odds of Topping $150,000 by June -- Why the Market Is Still Playing Offense",Bitcoin's volatility is what makes it such a consistently good bet.,Motley Fool,https://www.fool.com/investing/2026/03/10/bettors-give-bitcoin-4-odds-of-topping-150000-by-j/,0.157213,Somewhat-Bullish
2026-03-10,2026-03-10 08:57:09,Bitcoin ETFs Gain $167M While Altcoin Funds See Outflows,"US Bitcoin ETFs added $167 million in inflows on Monday, while Ether, XRP and Solana funds saw three-day outflows despite a crypto market rebound.",Cointelegraph,https://cointelegraph.com/news/bitcoin-etf-167-million-inflows-altcoin-funds-bleed,-0.079302,Neutral
2026-03-10,2026-03-10 09:45:00,Here's What Would Need to Happen For Ethereum to Flip Bitcoin by 2030,What once seemed inevitable now seems like a long shot.,Motley Fool,https://www.fool.com/investing/2026/03/10/heres-what-would-need-to-happen-for-ethereum-to-fl/,0.158374,Somewhat-Bullish
2026-03-10,2026-03-10 11:00:00,"Got $1,000? Here's Why You Should Be Buying Bitcoin Right Now",There's a confluence of long-term and short-term price drivers right now.,Motley Fool,https://www.fool.com/investing/2026/03/10/got-1000-heres-why-you-should-be-buying-bitcoin-ri/,0.093285,Neutral
2026-03-10,2026-03-10 11:02:35,Winklevoss Twins Move $130M in Bitcoin to Gemini Hot Wallets: Arkham,"Arkham claimed that the transfers were intended ""presumably to sell,"" though neither Cameron nor Tyler Winklevoss has commented on the move.",Decrypt.co,https://decrypt.co/360539/winklevoss-twins-move-130m-in-bitcoin-to-gemini-hot-wallets-arkham,0.109546,Neutral
2026-03-10,2026-03-10 11:20:29,Ethereum 'Ultrasound Money' Pivot Did Not Help ETH Price Beat Bitcoin,"Ethereum has failed to remain deflationary since the switch to Proof-of-Stake, as ETH's price has disappointed Ether investors, particularly against Bitcoin.",Cointelegraph,https://cointelegraph.com/markets/was-ethereum-ultrasound-money-mistake-eth-btc-down-60-since-pos,-0.103194,Neutral
2026-03-10,2026-03-10 11:34:11,"Bitcoin, Ethereum, XRP, Dogecoin Up 5% After Trump Signals Iran Conflict De-Escalation","Bitcoin climbed back above $70,000 on Tuesday as easing geopolitical tensions and renewed ETF inflows lifted sentiment across the crypto market. Bitcoin ETFs saw $167 million in net inflows on Monday, while Ethereum ETFs reported $51.3 million in net outflows.",Benzinga,https://www.benzinga.com/crypto/cryptocurrency/26/03/51152884/bitcoin-ethereum-xrp-dogecoin-up-5-after-trump-signals-iran-conflict-de-escalation,-0.016713,Neutral
2026-03-10,2026-03-10 12:00:00,"Bitcoin Depot Expands Fintech Portfolio with Launch of Business Advance Platform, ReadyBucks",New platform marks continued diversification beyond core crypto ATM business New platform marks continued diversification beyond core crypto ATM business ...,GlobeNewswire,https://www.globenewswire.com/news-release/2026/03/10/3252701/0/en/Bitcoin-Depot-Expands-Fintech-Portfolio-with-Launch-of-Business-Advance-Platform-ReadyBucks.html,0.163955,Somewhat-Bullish
2026-03-10,2026-03-10 12:18:58,South Korea Sells 321 BTC Recovered From Phishing Attack,"Authorities sold the recovered Bitcoin in small batches over 11 days to avoid disrupting the market, according to local media reports.",Cointelegraph,https://cointelegraph.com/news/south-korea-sells-21-5m-in-recovered-bitcoin-after-custody-breach,-0.15084,Somewhat-Bearish
2026-03-10,2026-03-10 12:40:59,Bitcoin Eyes $72K Liquidity Sweep as Bulls Regain Short-Term Control,"Bitcoin price taps $71,000, with liquidity thin above the spot price and heavy clusters below, setting up a potential sweep of the highs before another dip.",Cointelegraph,https://cointelegraph.com/markets/bitcoin-price-analysis-predicts-dip-after-72k-liquidity-sweep,0.198541,Somewhat-Bullish
2026-03-10,2026-03-10 12:45:37,French Couple Extorted for $1M in Bitcoin by Fake Police,"A French couple was forced to transfer about $1 million in Bitcoin during a fake police home invasion as wrench attacks keep rising, local media reported.",Cointelegraph,https://cointelegraph.com/news/france-bitcoin-wrench-attack-couple-fake-police-home-invasion,-0.461698,Bearish
2026-03-10,2026-03-10 12:46:44,"Morning Minute: Saylor Buys $1.28B in Bitcoin, Powered by STRC","Michael Saylor's Strategy just bought $1.28 billion worth of Bitcoin, while Nasdaq is teaming up with Kraken for tokenized stock trading.",Decrypt.co,https://decrypt.co/360547/morning-minute-saylor-buys-1-28b-in-bitcoin-powered-by-strc,0.148152,Neutral
2026-03-10,2026-03-10 12:47:21,Bitcoin's Quantum Defense Plan: What BIP-360 Actually Changes,"How BIP-360 reshapes Bitcoin's quantum defense strategy, what it improves and why it stops short of full post-quantum security.",Cointelegraph,https://cointelegraph.com/features/bitcoin-s-quantum-upgrade-path-what-bip-360-changes-and-what-it-does-not,-0.021751,Neutral
2026-03-10,2026-03-10 13:00:00,"Babylon, Ledger Integration Expands Bitcoin Vault Access",The integration allows Ledger devices to sign BTCVault transactions as Babylon develops infrastructure to use Bitcoin as collateral.,Cointelegraph,https://cointelegraph.com/news/babylon-ledger-bitcoin-vaults-collateral,0.156857,Somewhat-Bullish
2026-03-10,2026-03-10 13:14:10,Strategy Posts Record STRC Sales After ATM Rule Change,"Strategy sold a record amount of STRC, estimated to fund 1,420 Bitcoin purchases in a single day after easing ATM sales restrictions.",Cointelegraph,https://cointelegraph.com/news/strategy-strc-record-share-sales-atm-rule-change,0.149717,Neutral
2026-03-10,2026-03-10 13:33:30,Fake Police Officers Held French Couple at Knifepoint in $1M Bitcoin Robbery,"The incident is the latest in a spate of ""$5 wrench attack"" crypto kidnappings that have swept France in recent months.",Decrypt.co,https://decrypt.co/360553/fake-police-officers-held-french-couple-at-knifepoint-in-1m-bitcoin-robbery,-0.520357,Bearish
2026-03-10,2026-03-10 14:00:00,Does Bitcoin's Recent Rally Prove That It's a Good Safe-Haven Investment?,Investors appeared to have been loading up on Bitcoin as the war in Iran began.,Motley Fool,https://www.fool.com/investing/2026/03/10/does-bitcoins-recent-rally-prove-that-its-a-good-s/,0.014902,Neutral
2026-03-10,2026-03-10 14:20:38,"Bitcoin Is More 'Global Insurance' Than Gold, Anthony Pompliano Says",Professional Capital Management CEO Anthony Pompliano on Monday said Bitcoin ( CRYPTO: BTC ) is proving more resilient than gold and increasingly acting as a global hedge amid economic uncertainty.,Benzinga,https://www.benzinga.com/crypto/cryptocurrency/26/03/51159553/bitcoin-is-more-global-insurance-than-gold-anthony-pompliano-says,0.136429,Neutral
2026-03-10,2026-03-10 14:26:49,"TeraWulf Stock Rises As Bitcoin Nears $70K, Insider Buying Revealed - TeraWulf  ( NASDAQ:WULF ) ",TeraWulf stock is showing exceptional strength. Why are WULF shares rallying? Bitcoin's price matters to TeraWulf because the company's mining business is closely tied to the value of the cryptocurrency it produces.,Benzinga,https://www.benzinga.com/trading-ideas/movers/26/03/51159776/terawulf-stock-rises-as-bitcoin-nears-70k-insider-buying-revealed,0.3328,Somewhat-Bullish
2026-03-10,2026-03-10 14:50:19,Circle Surges 110% In 5 Weeks-And Bernstein Says 70% More Upside Is On The Table - Circle Internet Group  ( NYSE:CRCL ) ,"Bernstein analysts highlighted that stablecoins are increasingly diverging from the broader crypto market cycle. USDC supply stands at about $78 billion in circulation, reaching new highs despite Bitcoin ( CRYPTO: BTC ) trading significantly below its previous peak.",Benzinga,https://www.benzinga.com/crypto/cryptocurrency/26/03/51160676/circle-surges-110-in-5-weeks-and-bernstein-says-70-more-upside-is-on-the-table,0.17659,Somewhat-Bullish
2026-03-10,2026-03-10 15:26:03,"Bitcoin Rises as Trump Amplifies Iran Threats, Fed Rate Cut Chances Fall Near Zero","Bitcoin ticked up above $71K on Tuesday as Trump sends mixed messages on Iran, while hopes for a crypto breakout cool amid Fed uncertainty.",Decrypt.co,https://decrypt.co/360556/bitcoin-rises-trump-iran-threats-fed-rate-cut-chances-near-zero,-0.136827,Neutral
2026-03-10,2026-03-10 15:39:51,"Bitcoin Probes $71,500 as Resistance Concerns Plague Bulls","Bitcoin copied a relief rally in stocks, but concerns focus on downside liquidity and looming 50-day moving average resistance.",Cointelegraph,https://cointelegraph.com/markets/bitcoin-hits-71-5k-local-high-analyst-bears-stepping-in-soon,0.038326,Neutral
2026-03-10,2026-03-10 15:51:50,"Canaan Boosts Bitcoin, Ether Treasury as Miners Sell BTC","Bitcoin miner Canaan boosted its BTC and ETH reserves to record levels in February, expanding its Texas operations even as many public mining firms reduce holdings.",Cointelegraph,https://cointelegraph.com/news/canaan-bitcoin-reserves-rise-miners-selling-btc,0.099224,Neutral
2026-03-10,2026-03-10 17:30:00,Record-high Bitcoin Orderbook Asks Warn Of Price Correction,"Bitcoin's sell-side liquidity reached a two-month high, mirroring a setup seen in January. Should traders prepare for a sell-off?",Cointelegraph,https://cointelegraph.com/markets/bitcoin-orderbook-shows-imbalance-will-dollar70k-hold,0.031508,Neutral
2026-03-10,2026-03-10 18:14:19,"'Bitcoin Is Going To Die', Oscar-Nominated Actor Declares, But Silver Will Reach 'Thousands Of Dollars'","Howard cited Bitcoin's continued dependence on fiat currency as a fatal flaw. ""Bitcoin is still based on fiat,"" Howard said, arguing that as the U.S. dollar weakens, any asset tethered to its value framework remains exposed.",Benzinga,https://www.benzinga.com/crypto/cryptocurrency/26/03/51168986/bitcoin-is-going-to-die-oscar-nominated-actor-declares-but-silver-will-reach-thousands-of-d,-0.117861,Neutral
2026-03-10,2026-03-10 19:00:45,"Bitcoin's 'Nuclear Winter' May Be Over Soon, ETF Analysts Say","Bitcoin ( CRYPTO: BTC ) has been outperforming equities during the Iran conflict as ETF managers declared the ""crypto winter"" is bottoming. Bitcoin has risen 10% while equities are down during the Iran conflict, demonstrating diversification benefits.",Benzinga,https://www.benzinga.com/crypto/cryptocurrency/26/03/51170564/bitcoins-nuclear-winter-may-be-over-soon-etf-analysts-say,0.210175,Somewhat-Bullish
2026-03-10,2026-03-10 19:40:37,BTC Leads Recovery While Altcoin Indicators Hit Cycle Lows,"Bitcoin is the frontrunner in the crypto market, while 36% of altcoins trade near their all-time lows. Do altcoin price metrics suggest an altseason is next?",Cointelegraph,https://cointelegraph.com/markets/bitcoin-leads-altcoin-indicators-drop-to-intriguing-lows-time-for-an-altseason,0.026226,Neutral
2026-03-10,2026-03-10 19:51:57,"Bitcoin, Ethereum, XRP, Dogecoin Rebound As Middle East Tensions Ease Improving Sentiment","Bitcoin held near $70,000 on Tuesday as sentiment and ETF inflows improved following signals that tensions with Iran could ease. Coinglass data shows 99,391 traders were liquidated in the past 24 hours for $386.23 million. SoSoValue data shows net inflows of $167 million from spot Bitcoin ETFs ...",Benzinga,https://www.benzinga.com/crypto/cryptocurrency/26/03/51172232/bitcoin-ethereum-xrp-dogecoin-rebound-as-middle-east-tensions-ease-improving-sentiment,-0.079722,Neutral
2026-03-10,2026-03-10 20:45:14,Why Is Bitcoin Suddenly Stronger Than Gold And The S&P500?,"Bitcoin's ( CRYPTO: BTC ) rally to around $70,000 over the past two weeks has outperformed traditional assets like gold ( +1.6% ) and the S&P 500 ( -0.2% ) as investors rotate capital back into crypto. Bitcoin has jumped roughly 13% in two weeks, climbing above $71,000 and ...",Benzinga,https://www.benzinga.com/crypto/cryptocurrency/26/03/51174904/why-is-bitcoin-suddenly-stronger-than-gold-and-the-sp500,0.165937,Somewhat-Bullish
2026-03-10,2026-03-10 21:22:57,Why Bitcoin Is on a Path to $1 Million Per Coin: Bitwise,"Bitcoin can hit a price of $1 million per coin even with ""reasonably conservative assumptions,"" Bitwise CIO Matt Hougan argued. Here's why.",Decrypt.co,https://decrypt.co/360626/why-bitcoin-path-1-million-coin-bitwise,0.220981,Somewhat-Bullish
2026-03-11,2026-03-11 02:05:53,Arthur Hayes Wouldn't Invest $1 In Bitcoin Right Now,BitMEX co-founder Arthur Hayes said he will start buying Bitcoin when the US Federal Reserve eases monetary policy and starts printing money amid rising tensions in the Middle East.,Cointelegraph,https://cointelegraph.com/news/bitcoiner-arthur-hayes-hesitant-buying-btc-federal-reserve-monetary-stance,0.019451,Neutral
2026-03-11,2026-03-11 03:03:33,Bitcoin Sentiment Flipped to FOMO After Rebounding Above $70K,"US President Donald Trump's recent comments about Iran helped trigger a Bitcoin rally, leading to an uptick in social media sentiment about Bitcoin.",Cointelegraph,https://cointelegraph.com/news/bitcoin-sentiment-jumps-back-into-fomo-territory-santiment,-0.024398,Neutral
2026-03-11,2026-03-11 06:21:16,Bitwise CIO: Bitcoin Could Hit $1M if it Tracks Gold,"Bitcoin doesn't need to take 50% of gold's market share to reach one million dollars per coin if one is looking into the next 10 years, argues Bitwise's Matt Hougan.",Cointelegraph,https://cointelegraph.com/news/1m-btc-plausible-if-it-follows-gold-trajectory-bitwise-cio,0.096576,Neutral
2026-03-11,2026-03-11 08:18:22,"Bitcoin Battles Its Latest Key Reclaim Target With $80,000 on the Radar","Bitcoin open interest sparked a prediction of high BTC price volatility to come as $70,000 remained the bulls' key reclaim level.",Cointelegraph,https://cointelegraph.com/markets/bitcoin-flip-highly-volatile-bull-case-80k-rebound,-0.007254,Neutral
2026-03-11,2026-03-11 09:03:02,XRP ETFs Outflows Slow as Goldman Sachs Tops Holdings,"US spot Bitcoin ETFs continued their March rally, with cumulative monthly inflows reaching $1.56 billion, while XRP ETF selling eased as top holders were revealed.",Cointelegraph,https://cointelegraph.com/news/bitcoin-etf-inflow-xrp-selling-ease-goldman-sachs-top-holder,0.13587,Neutral
2026-03-11,2026-03-11 09:30:00,Could Zcash Flip Bitcoin Someday?,These two cryptocurrencies are good for many of the same purposes.,Motley Fool,https://www.fool.com/investing/2026/03/11/could-zcash-flip-bitcoin-someday/,0.076424,Neutral
2026-03-11,2026-03-11 10:00:00,"Don't Do This 1 Very Tempting Thing With Your Bitcoin, Ethereum, or XRP Right Now",It's been said that the market is a mechanism that moves value from those with weak hands to those with strong hands.,Motley Fool,https://www.fool.com/investing/2026/03/11/dont-do-this-1-very-tempting-thing-with-your-bitco/,-0.104392,Neutral
2026-03-11,2026-03-11 12:00:27,Bitcoin Retreats Under $70K as IEA Weighs Historic Oil Reserve Release,"Bitcoin's drop coincides with an IEA proposal to stabilize energy markets, leaving derivatives traders paying for downside protection.",Decrypt.co,https://decrypt.co/360671/bitcoin-retreats-under-70k-as-iea-weighs-historic-oil-reserve-release,-0.090342,Neutral
2026-03-11,2026-03-11 13:53:58,CBI Arrests Darwin Labs CTO in GainBitcoin Cryptocurrency Case,"Investigators say the GainBitcoin case involves about 8,000 investors and losses estimated at roughly 6,606 crore rupees ( $790 million ) .",Cointelegraph,https://cointelegraph.com/news/india-arrests-darwin-labs-co-founder-in-gainbitcoin-scam-probe,-0.031066,Neutral
2026-03-11,2026-03-11 15:00:09,Bitcoin Sees Modest Relief as US CPI Inflation Avoids Surprises,"Bitcoin price reacted positively as US CPI inflation conformed to market expectations, as traders stayed in wait-and-see mode.",Cointelegraph,https://cointelegraph.com/markets/bitcoin-rebounds-flat-us-cpi-oil-price-cools-400m-barrel-release,-0.225926,Somewhat-Bearish
2026-03-11,2026-03-11 15:04:47,"Morning Minute: Bitcoin Outperforms Gold, Stocks During Iran War","Digital gold is outperforming thanks to Saylor's STRC, while Polymarket got one of the world's most powerful surveillance firms to watch its markets.",Decrypt.co,https://decrypt.co/360677/morning-minute-bitcoin-outperforms-gold-stocks-during-iran-war,0.026351,Neutral
2026-03-11,2026-03-11 15:09:06,Why Bitcoin Is About To Enter The 'Most Frustrating Phase' Of Its Cycle,"Bitcoin ( CRYPTO: BTC ) is trading sideways, with investors' weakening conviction conviction pointing to a psychologically difficult phase of the market cycle. Data from CryptoQuant suggests the market is currently in a highly uncertain phase marked more by hesitation than conviction.",Benzinga,https://www.benzinga.com/crypto/cryptocurrency/26/03/51190035/why-bitcoin-is-about-to-enter-the-most-frustrating-phase-of-its-cycle,-0.149778,Neutral
2026-03-11,2026-03-11 15:45:57,"STRC May Help Strategy Get to 1 Million Bitcoin Faster, Beating BlackRock","STRC's average daily volume implies buying power for about 1,940 BTC per day, more than four times the amount of new Bitcoin mined.",Cointelegraph,https://cointelegraph.com/markets/strc-may-help-strategy-hit-1m-bitcoin-before-blackrock,0.17745,Somewhat-Bullish
2026-03-11,2026-03-11 15:46:16,"Price Predictions: BTC, ETH, BNB, XRP, SOL, DOGE, ADA, BCH, HYPE, XMR","Bitcoin is facing resistance just above $70,000, but the bulls have kept up the pressure, increasing the possibility of a rally to $74,508.",Cointelegraph,https://cointelegraph.com/markets/price-predictions-3-11-btc-eth-bnb-xrp-sol-doge-ada-bch-hype-xmr,-0.050358,Neutral
2026-03-11,2026-03-11 15:51:12,Top Bitcoin Mining Pool Operator Foundry Is Getting Into Zcash,"Foundry Digital said it plans to offer a mining pool for Zcash next month, enabling people to earn the coin using shared resources.",Decrypt.co,https://decrypt.co/360714/top-bitcoin-mining-pool-operator-foundry-zcash,0.193674,Somewhat-Bullish
2026-03-11,2026-03-11 16:56:18,Why Bitcoin's $72K Wall Signals Its Most Painful Cycle Phase Yet,Bitcoin enters its most psychologically challenging cycle phase as BTC sellers and rising losses signal prolonged uncertainty and potentially more pain ahead.,Cointelegraph,https://cointelegraph.com/markets/bitcoin-price-most-challenging-phase-after-repeated-72k-rejections,-0.269288,Somewhat-Bearish
2026-03-11,2026-03-11 17:01:24,Strive Buys $50M of Strategy's STRC Preferred Shares,The investment makes Strive the latest corporate to add the yield-generating security to its balance sheet as companies explore Bitcoin-linked treasury instruments.,Cointelegraph,https://cointelegraph.com/news/strive-allocates-50m-of-treasury-to-strategy-s-strc-preferred-stock,0.277579,Somewhat-Bullish
2026-03-11,2026-03-11 17:32:01,"Tom Lee: Bitcoin Has Exited 'Crypto Winter,' Will Rise In March","Fundstrat's Tom Lee says the crypto market has moved past its winter phase, with reduced speculation and leverage creating a healthier foundation for future gains. Markets, including crypto and major tech stocks, appear to have emerged from a recent bear phase, Lee said in a CNBC interview on ...",Benzinga,https://www.benzinga.com/crypto/cryptocurrency/26/03/51194540/tom-lee-bitcoin-has-exited-crypto-winter-will-rise-in-march,0.225053,Somewhat-Bullish
2026-03-11,2026-03-11 17:45:00,"Cosmos Health Purchases $600,000 of Bitcoin, Expands Digital Asset Holdings to $3,100,000","Cosmos Health purchases $600,000 worth of Bitcoin, bringing total investment in digital assets to $3.1 million.",GlobeNewswire,https://www.globenewswire.com/news-release/2026/03/11/3254074/0/en/Cosmos-Health-Purchases-600-000-of-Bitcoin-Expands-Digital-Asset-Holdings-to-3-100-000.html,0.303787,Somewhat-Bullish
2026-03-11,2026-03-11 18:00:00,Bitcoin Near $70K Amid Global Unrest: Time to Shift to Crypto?,"Bitcoin nears $70K as geopolitical tensions, institutional inflows and supply dynamics revive crypto demand. Is the latest rally structural or cyclical?",Zacks Commentary,https://www.zacks.com/stock/news/2882598/bitcoin-near-70k-amid-global-unrest-time-to-shift-to-crypto,0.009786,Neutral
2026-03-11,2026-03-11 18:20:00,Three Binance Charts May Be Hinting at Bitcoin's Next Move,Binance data points to shifting liquidity flows and evolving trader positioning that may support Bitcoin's next price move.,Cointelegraph,https://cointelegraph.com/markets/three-bitcoin-binance-charts-reveal-setup-behind-next-move,0.02879,Neutral
2026-03-11,2026-03-11 19:07:22,Foundry to Launch Institutional-Grade Zcash Mining Pool in April 2026,The digital asset infrastructure company plans to launch the pool in April as it expands beyond Bitcoin mining services.,Cointelegraph,https://cointelegraph.com/news/foundry-to-launch-institutional-grade-zcash-mining-pool-in-april,0.187309,Somewhat-Bullish
2026-03-11,2026-03-11 19:42:20,"Bitcoin, Ethereum, XRP, Dogecoin Trade Sideways As Geopolitical Caution Caps Momentum","Bitcoin is holding $70,000 as oil price continue to remain elevated. Coinglass data shows 95,278 traders were liquidated in the past 24 hours for $190.53 million. SoSoValue data shows net inflows of $250.9 million from spot Bitcoin ETFs on Tuesday. Spot Ethereum ETFs saw net inflows of $12.6 ...",Benzinga,https://www.benzinga.com/crypto/cryptocurrency/26/03/51197899/bitcoin-ethereum-xrp-dogecoin-trade-sideways-as-geopolitical-caution-caps-momentum,0.092036,Neutral
2026-03-11,2026-03-11 19:45:39,"Bitcoin's Correlation With Stocks Rises During Geopolitical Tensions, Says VanEck's Matthew SIgel","Bitcoin's ( CRYPTO: BTC ) macro behaviour is increasingly tied to global liquidity and energy markets, which increases its correlation with the Nasdaq, according to VanEck's Matthew Sigel.",Benzinga,https://www.benzinga.com/crypto/cryptocurrency/26/03/51197984/bitcoins-correlation-with-stocks-rises-during-geopolitical-tensions-says-vanecks-matthew-si,0.297792,Somewhat-Bullish
2026-03-11,2026-03-11 20:00:00,"Pro Traders Anticipate Low Odds of a Bitcoin Rally Toward $78,000","Bitcoin remains under pressure as war and poor jobs data offset ETF inflows, shifting the $78,000 price target from late March to the coming months.",Cointelegraph,https://cointelegraph.com/markets/bitcoin-to-78k-pro-traders-price-in-17-percent-odds-breakout,-0.068007,Neutral
2026-03-11,2026-03-11 20:19:33,"'Bitcoin Is Going To $10,000,' Bloomberg's McGlone Says: Crypto Is A 'Dead' Asset Class","Bloomberg Intelligence senior commodities strategist Mike McGlone predicts Bitcoin ( CRYPTO: BTC ) will fall to $10,000, calling the crypto asset class ""dead"" as unlimited token supply and five years of underperformance versus the S&P 500 make it uninvestable for institutional risk managers.",Benzinga,https://www.benzinga.com/crypto/cryptocurrency/26/03/51199526/bitcoin-is-going-to-10000-bloombergs-mcglone-says-crypto-is-a-dead-asset-class,-0.048729,Neutral
2026-03-12,2026-03-12 00:57:40,Why Bitcoin Is Dropping Right Now  ( and What I'm Watching Next ) ,"The world's leading cryptocurrency is trading 44% off its peak, leading to heightened investor concerns.",Motley Fool,https://www.fool.com/investing/2026/03/11/why-bitcoin-dropping-right-now-what-watch-next/,0.16346,Somewhat-Bullish
2026-03-12,2026-03-12 01:55:39,"Bitcoin, Ethereum, XRP Flat, Dogecoin Slides Amid Trump Moves To Combat Iran War Oil Spike: Analyst Says BTC Downside Won't Be 'Heavier' - Grayscale Bitcoin Mini Trust  ( BTC )   ( ARCA:BTC ) ","Leading cryptocurrencies traded flat, while stocks fell further on Wednesday as President Donald Trump authorized tapping the strategic reserve to lower oil prices. Bitcoin surged past $71,000 but met strong resistance shortly after, dropping back under $70,000 overnight.",Benzinga,https://www.benzinga.com/crypto/cryptocurrency/26/03/51203263/bitcoin-ethereum-xrp-flat-dogecoin-slides-amid-trump-moves-to-combat-iran-war-oil-spike-ana,-0.06305,Neutral
2026-03-12,2026-03-12 04:12:07,"Elon Musk's X Money 'Smarter' Than Bitcoin, Says 'Black Swan' Author Nassim Taleb: 'Private Currencies Must Compete With One Another'","Renowned author and statistician Nassim Nicholas Taleb found Elon Musk's widely touted X Money payments service better than Bitcoin ( CRYPTO: BTC ) on Wednesday. Talib responded to Musk's announcement that X Money will begin early public access next month, saying, ""This is much, much smarter ...",Benzinga,https://www.benzinga.com/crypto/cryptocurrency/26/03/51203683/elon-musks-x-money-smarter-than-bitcoin-says-black-swan-author-nassim-taleb-private-currenc,0.072012,Neutral
2026-03-12,2026-03-12 04:44:06,Metaplanet Expands Bitcoin Strategy with New Venture Firm,Metaplanet said the new firm would support Japan-based Bitcoin projects in the payments and lending space in addition to stablecoins and tokenization-focused startups.,Cointelegraph,https://cointelegraph.com/news/metaplanet-expands-bitcoin-playbook-venture-firm,0.180027,Somewhat-Bullish
2026-03-12,2026-03-12 05:10:17,"Metaplanet Deepens Bitcoin Strategy With $25M Investment Plan, New Venture Arm",Metaplanet is launching two subsidiaries and backing Japan's first licensed yen stablecoin as it bets on the country's digital asset infrastructure.,Decrypt.co,https://decrypt.co/360812/metaplanet-bitcoin-strategy-new-venture-arm-investment-plan,0.178358,Somewhat-Bullish
2026-03-12,2026-03-12 05:42:45,Barry Silbert Sees 'Financial Privacy' Becoming More Important As Leading Bitcoin Mining Pool Operator Dives Into Zcash - Grayscale Bitcoin Mini Trust  ( BTC )   ( ARCA:BTC ) ,"Barry Silbert, CEO of cryptocurrency conglomerate Digital Currency Group, hailed the growth of financial privacy on Wednesday after mining giant Foundry announced plans to launch a Zcash ( CRYPTO: ZEC ) mining pool.",Benzinga,https://www.benzinga.com/crypto/cryptocurrency/26/03/51204003/barry-silbert-sees-financial-privacy-becoming-more-important-as-leading-bitcoin-mining-pool,0.090552,Neutral
2026-03-12,2026-03-12 07:30:00,Could Bitcoin Flip and Silver Someday?,These two stores of value are both in demand at the moment.,Motley Fool,https://www.fool.com/investing/2026/03/12/could-bitcoin-flip-silver-someday/,0.159269,Somewhat-Bullish
2026-03-12,2026-03-12 10:29:49,Bitcoin Miners 'Sitting on a Gold Mine' as AI Demand Ramps Up: VanEck,VanEck's Matthew Sigel argued miners are redirecting infrastructure to AI while trading at a discount to traditional data-center peers.,Decrypt.co,https://decrypt.co/360836/bitcoin-miners-sitting-on-a-gold-mine-as-ai-demand-ramps-up-vaneck,0.0,Neutral
2026-03-12,2026-03-12 10:38:00,"Prediction: Bitcoin Will Hit $125,000 by the End of 2026","Bitcoin could regain the $125,000 price level this year, but a lot has to go right.",Motley Fool,https://www.fool.com/investing/2026/03/12/prediction-bitcoin-will-hit-125000-by-the-end-of-2/,0.199588,Somewhat-Bullish
2026-03-12,2026-03-12 11:16:34,Bitcoin Price Recovery Could be Capped at $78K: Here's Why,"Bitcoin analysts said buyers were regaining control, but reclaiming $78,000 as support was key to reversing the overall downtrend.",Cointelegraph,https://cointelegraph.com/markets/bitcoin-buyers-in-control-trend-wont-change-until-this-level-breaks,-0.031396,Neutral
2026-03-12,2026-03-12 11:43:45,"Legal Dispute Emerges Over 61,000 Bitcoin Seized by UK Police","Chinese investors defrauded in the Zhimin Qian case are asking the UK High Court to reject a redress plan for 61,000 seized Bitcoin, saying it could deprive them of the assets' gains.",Cointelegraph,https://cointelegraph.com/news/victims-challenge-uk-plan-for-billions-in-bitcoin-seized-in-chinese-fraud-case-ft,-0.102596,Neutral
2026-03-12,2026-03-12 11:54:30,Bitcoin Recovers Above $70K as Tanker Attacks Push Oil Back Over $100,"Bitcoin rebounded as Gulf shipping strikes sent Brent crude past $101, with analysts split on near-term outlook.",Decrypt.co,https://decrypt.co/360845/bitcoin-recovers-above-70k-as-tanker-attacks-push-oil-back-over-100,-0.048755,Neutral
2026-03-12,2026-03-12 11:55:33,"Bitcoin At $70,000, Ethereum, XRP, Dogecoin Go Sideways On ETF Inflows","Bitcoin is hovering around $70,000, following $115.2 million in net inflows into Bitcoin ETFs on Wednesday, while Ethereum ETFs reported $57 million in net inflows. Meme coin market capitalization is up 4.1% to $33 billion over the past 24 hours.",Benzinga,https://www.benzinga.com/crypto/cryptocurrency/26/03/51208682/bitcoin-at-70000-ethereum-xrp-dogecoin-go-sideways-on-etf-inflows,-0.08029,Neutral
2026-03-12,2026-03-12 12:26:50,"XRP, Solana ETF Holders Are 'Diamond Hands,' Bloomberg Analyst Lauds","XRP ( CRYPTO: XRP ) and Solana ( CRYPTO: SOL ) ETF holders are ""even better diamond hands than the Bitcoin and Ethereum ETF holders,"" Bloomberg senior ETF analyst James Seyffart said Wednesday, as both products held $1.4 billion in inflows despite assets falling over 60%.",Benzinga,https://www.benzinga.com/crypto/cryptocurrency/26/03/51209814/xrp-solana-etf-holders-are-diamond-hands-bloomberg-analyst-lauds,0.096612,Neutral
2026-03-12,2026-03-12 12:31:58,Why Ray Dalio Says Bitcoin Can't Replace Gold,"Ray Dalio argues Bitcoin cannot replace gold as a store of value, citing central bank demand, market maturity and Bitcoin's risk-asset behavior.",Cointelegraph,https://cointelegraph.com/features/why-ray-dalio-says-bitcoin-can-t-replace-gold,0.227431,Somewhat-Bullish
2026-03-12,2026-03-12 12:45:40,"US Midterms may Fuel Crypto, Stock Market Recovery: Binance Research","Binance Research says US midterms could set up a rebound for Bitcoin and stocks, though oil shocks and Middle East tensions may weigh near term.",Cointelegraph,https://cointelegraph.com/news/us-midterm-elections-crypto-stock-recovery-binance,-0.147056,Neutral
2026-03-12,2026-03-12 13:01:17,Tether Backs Ark Labs' $5.2 Million Bet on Bitcoin's Stablecoin Revival,Ark Labs' latest funding builds upon efforts to return stablecoin giant Tether to its Bitcoin-based roots ...,Decrypt.co,https://decrypt.co/360773/tether-backs-ark-labs-bet-on-bitcoins-stablecoin-revival,0.260214,Somewhat-Bullish
2026-03-12,2026-03-12 13:23:00,Should You Buy Bitcoin Right Now After the Pullback?,A contrarian approach can work out well when investing in Bitcoin.,Motley Fool,https://www.fool.com/investing/2026/03/12/should-you-buy-bitcoin-right-now-after-a-pullback/,-0.101672,Neutral
2026-03-12,2026-03-12 13:30:58,"US Jobs Data Keeps Bitcoin Price Stuck Around $70,000","Bitcoin reacted in kind to calm US macro data, while oil stayed volatile amid uncertainty over the duration of the Middle East conflict.",Cointelegraph,https://cointelegraph.com/markets/bitcoin-hugs-70k-range-march-fed-rate-cut-odds-fall,-0.175061,Somewhat-Bearish
2026-03-12,2026-03-12 13:53:42,"Is Bitcoin Heading To $40,000? Analyst Warns Potential Weakness Into April","Bitcoin ( CRYPTO: BTC ) has been trading in a range for months, with observers searching for short-term price patterns that could signal where the market may head in the longer run.",Benzinga,https://www.benzinga.com/crypto/cryptocurrency/26/03/51213258/is-bitcoin-heading-to-40000-analyst-warns-potential-weakness-into-april,-0.012301,Neutral
2026-03-12,2026-03-12 14:04:10,65% of Bitcoin Supply Not Vulnerable to Quantum Threat: Ark Invest,"Ark and Unchained say about one-third of the Bitcoin supply remains exposed to future quantum threats, though the risk is still years away.",Cointelegraph,https://cointelegraph.com/news/ark-bitcoin-quantum-risk-supply-bip-360,-0.119224,Neutral
2026-03-12,2026-03-12 15:00:13,Bitcoin-Gold Ratio Rebound Signals a Potential Opportunity Window,Bitcoin showed early signs of overtaking gold in the market as new data outlined an opportunity based on historical returns around the US midterm elections.,Cointelegraph,https://cointelegraph.com/markets/bitcoin-catching-up-to-gold-hints-opportunity-within-risk,0.182299,Somewhat-Bullish
2026-03-12,2026-03-12 16:57:08,"Brace Yourselves, Bitcoin And Ethereum Holders-Here's How Low Crypto May Still Go",Prominent crypto analyst Trader Mayne predicts Bitcoin ( CRYPTO: BTC ) and Ethereum ( CRYPTO: ETH ) may face another leg lower before long-term buying opportunities emerge.,Benzinga,https://www.benzinga.com/crypto/cryptocurrency/26/03/51220689/brace-yourselves-bitcoin-and-ethereum-holders-heres-how-low-crypto-may-still-go,-0.069527,Neutral
2026-03-12,2026-03-12 16:59:10,BlackRock's $55B Bitcoin ETF Success Continues With Staked Ethereum Launch - BlackRock  ( NYSE:BLK ) ,"BlackRock ( NYSE:BLK ) on Thursday launched the iShares Staked Ethereum Trust ETF ( NASDAQ:ETHB ) on Nasdaq, combining spot Ethereum ( CRYPTO: ETH ) exposure with staking rewards as institutional demand for crypto yield accelerates.",Benzinga,https://www.benzinga.com/crypto/cryptocurrency/26/03/51220751/blackrocks-55b-bitcoin-etf-success-continues-with-staked-ethereum-launch,0.202746,Somewhat-Bullish
2026-03-12,2026-03-12 17:11:37,Tether Backs Ark Labs in $5.2M Round to Expand Stablecoins on Bitcoin,The funding will support development of a programmable execution layer designed to enable faster issuance and settlement of digital assets on the network.,Cointelegraph,https://cointelegraph.com/news/tether-backs-ark-labs-in-5-2m-round-to-build-stablecoin-infrastructure-on-bitcoin,0.261949,Somewhat-Bullish
2026-03-12,2026-03-12 17:49:30,Will private credit break the Bitcoin price?,"A looming private credit crisis risked triggering liquidity crunches that could initially suppress Bitcoin prices, but Fed interventions may ignite a major BTC rally.",Cointelegraph,https://cointelegraph.com/markets/is-bitcoin-price-at-risk-if-private-credit-breaks,-0.177431,Somewhat-Bearish
2026-03-12,2026-03-12 17:57:09,Bitcoin Is Rising While Bonds and Stocks Struggle-Here's Why,Bitcoin is beating gold and stocks since the crisis began-and institutions are taking notice.,Decrypt.co,https://decrypt.co/360888/bitcoin-rising-bonds-stocks-struggle-why-coinshares,0.153297,Somewhat-Bullish
2026-03-12,2026-03-12 18:15:00,Bitcoin vs. Strategy: What Is the Better Investment for 2026 and Beyond?,The world's leading cryptocurrency is becoming further entrenched in traditional finance.,Motley Fool,https://www.fool.com/investing/2026/03/12/bitcoin-vs-strategy-investment-2026-beyond/,0.201283,Somewhat-Bullish
2026-03-12,2026-03-12 18:54:28,Coinbase Execs Say They Aren't Opposing BTC Tax Exemption,"US lawmakers are eyeing tax exemptions for US dollar stablecoins, which are pegged and do not change in value, but not other cryptocurrencies.",Cointelegraph,https://cointelegraph.com/news/coinbase-deny-lobby-bitcoin-tax-exemption,-0.016748,Neutral
2026-03-12,2026-03-12 19:01:34,Strong Investor Demand Meets Weak Bitcoin Futures as Price Slumps,"While geopolitical tension and weak labor data are hurting market sentiment, institutional buying below $75,000 may soon exhaust sellers and spark a bull run.",Cointelegraph,https://cointelegraph.com/markets/bitcoin-funding-rate-flips-negative-are-btc-bears-too-confident,-0.160154,Somewhat-Bearish
2026-03-12,2026-03-12 19:11:55,"Bitcoin At $70,000, Ethereum, XRP, Dogecoin Trade Sideways In Slow Market","Bitcoin trades around $70,000, with geopolitical uncertainty weighing on risk assets. Coinglass data shows 67,667 traders were liquidated in the past 24 hours for $154.45 million. SoSoValue data shows net inflows of $115.2 million from spot Bitcoin ETFs on Wednesday.",Benzinga,https://www.benzinga.com/crypto/cryptocurrency/26/03/51225042/bitcoin-at-70000-ethereum-xrp-dogecoin-trade-sideways-in-slow-market,0.016807,Neutral
2026-03-12,2026-03-12 19:16:02,How Does Bitcoin Perform During Wars? The Answer May Surprise You,"Looking at its returns during past global conflicts, Bitcoin ( CRYPTO: BTC ) crashes when wars start but recovers within 50-60 days. Data across 20 geopolitical events showing average gains of 31.2% as governments increase money supply to fund conflicts.",Benzinga,https://www.benzinga.com/crypto/cryptocurrency/26/03/51225157/how-does-bitcoin-perform-during-wars-the-answer-may-surprise-you,-0.183654,Somewhat-Bearish
2026-03-12,2026-03-12 20:16:02,"Bitcoin Quantum Threat Is Real But Not Imminent, Says Cathie Wood's Ark Invest",Researchers say quantum breakthroughs could eventually expose millions in Bitcoin unless the network adopts post-quantum cryptography.,Decrypt.co,https://decrypt.co/360945/bitcoin-quantum-threat-real-not-imminent-cathie-wood-ark-invest,0.038704,Neutral
2026-03-13,2026-03-13 02:00:00,"BC Game Poker 2026 - $5 Free No Deposit Bonus, Instant Bitcoin Poker Withdrawals, and Zero Cashout Cap","New York City, NY, March 12, 2026 ( GLOBE NEWSWIRE ) -- Players comparing bitcoin poker platforms in 2026 face the same recurring problem: no deposit bonuses that look generous on the surface but cap actual withdrawals at $20-$50 regardless of winnings, bury poker formats under slot-heavy ...",Benzinga,https://www.benzinga.com/pressreleases/26/03/g51232405/bc-game-poker-2026-5-free-no-deposit-bonus-instant-bitcoin-poker-withdrawals-and-zero-cashout-cap,0.117342,Neutral
2026-03-13,2026-03-13 02:28:22,"Bitcoin, Ethereum, XRP, Dogecoin Spike As Iran's New Leader Signals Continued Hormuz Strait Closure: Analyst Rules Out BTC's Bullish Reversal Scenario - Grayscale Bitcoin Mini Trust  ( BTC )   ( ARCA:BTC ) ","Leading cryptocurrencies rallied on Thursday, but stocks plunged as the Iran war continued to pressure global energy prices. Bitcoin hovered sideways most of the day before nearly hitting $72,000 late evening. Trading activity remained tepid.",Benzinga,https://www.benzinga.com/crypto/cryptocurrency/26/03/51232554/bitcoin-ethereum-xrp-dogecoin-spike-as-irans-new-leader-signals-continued-hormuz-strait-clo,-0.066199,Neutral
2026-03-13,2026-03-13 03:43:48,Why Bitcoin's Price Is at a Weekly High Despite Middle East Tensions,"Bitcoin rose even as equities dropped, with analysts pointing to crypto-specific demand alongside geopolitical tensions driving energy markets higher.",Decrypt.co,https://decrypt.co/360969/bitcoin-weekly-hig-middle-east-tensions-lift-oil-pressure-equities,-0.063728,Neutral
2026-03-13,2026-03-13 05:55:10,Bitcoiner Group to Fight Bitcoin's Treatment as 'Toxic Asset',"The Bitcoin Policy Institute wants to ensure ""US regulators get Bitcoin's treatment right"" when the Federal Reserve issues proposals to implement the Basel framework.",Cointelegraph,https://cointelegraph.com/news/bitcoin-toxic-asset-basel-framework-federal-reserve-policy-institute,-0.014605,Neutral
2026-03-13,2026-03-13 05:57:27,"Bitcoin Miners Need AI, Yield Strategies to Survive","Miners who treat their Bitcoin holdings as a working asset rather than a passive reserve ""will carry a structural edge into the next halving,"" says Wintermute.",Cointelegraph,https://cointelegraph.com/news/crypto-miners-put-assets-to-work-to-survive-wintermute,0.05522,Neutral
2026-03-13,2026-03-13 06:55:54,Michael Saylor Says Bitcoin Doesn't 'Go To The Moon' Overnight - Strategy Chair Says There's Always A 'Delay' - Strategy  ( NASDAQ:MSTR ) ,"Strategy Inc. ( NASDAQ:MSTR ) Chair Michael Saylor said on Thursday that Bitcoin ( CRYPTO: BTC ) purchases don't lead to immediate price increases and there's always a ""delay."" In what looked like a cheeky reminder on X, Saylor pointed out the lag between big companies buying Bitcoin and ...",Benzinga,https://www.benzinga.com/crypto/cryptocurrency/26/03/51233336/michael-saylor-says-bitcoin-doesnt-go-to-the-moon-overnight-strategy-chair-says-theres-alwa,0.10478,Neutral
2026-03-13,2026-03-13 08:10:03,Investor Makes $30 Million Bet on Another Bitcoin Miner Pivoting Toward AI Data Centers,Core Scientific delivers digital asset mining and blockchain infrastructure services for institutional clients across North America.,Motley Fool,https://www.fool.com/coverage/filings/2026/03/13/investor-makes-usd30-million-bet-on-another-bitcoin-miner-pivoting-toward-ai-data-centers/,0.27952,Somewhat-Bullish
2026-03-13,2026-03-13 08:38:03,Bitcoin Miner Turned AI Data Center Play Lands New $11 Million Investment. Here's What to Know,This digital asset technology firm operates energy-efficient bitcoin mining facilities in New York and Pennsylvania.,Motley Fool,https://www.fool.com/coverage/filings/2026/03/13/bitcoin-miner-turned-ai-data-center-play-lands-new-usd11-million-investment-here-s-what-to-know/,0.340409,Somewhat-Bullish
2026-03-13,2026-03-13 08:41:17,Historically Accurate Macro Signal Hints at a Bitcoin Price Bottom,"US and China's yield crossover amid whale buying suggest Bitcoin may be close to a price bottom, setting up for a move toward six figures in the coming months.",Cointelegraph,https://cointelegraph.com/markets/bitcoin-extremely-precise-macro-signal-100k-target-back-in-play,0.174116,Somewhat-Bullish
2026-03-13,2026-03-13 09:00:00,Bitcoin vs. iShares Bitcoin Trust: What Is the Better Investment for 2026 and Beyond?,"After seeing its jaw-dropping price appreciation over the long run, investors should certainly consider ways to gain Bitcoin exposure.",Motley Fool,https://www.fool.com/investing/2026/03/13/bitcoin-ishares-trust-best-investment-2026-beyond/,0.216229,Somewhat-Bullish
2026-03-13,2026-03-13 09:58:54,"Bitcoin Outperforms Macro Assets in Iran Conflict as $72,000 Returns","Bitcoin price analysis saw conditions slowly ""building"" to support a breakout as BTC emerged as the strongest macro performer since the US and Israel-Iran war began.",Cointelegraph,https://cointelegraph.com/markets/bitcoin-passing-geopolitical-stress-test-btc-price-spikes-above-72k,-0.022129,Neutral
2026-03-13,2026-03-13 11:05:32,Why Are Strategy Shares Surging On Friday? - Strategy  ( NASDAQ:MSTR ) ,"Strategy Inc. ( NASDAQ:MSTR ) shares are trending upward in Friday's premarket session. The move follows a recovery in Bitcoin ( CRYPTO: BTC ) prices. The digital asset climbed 3.22% over the last 24 hours to trade at $72,180.87. Nasdaq futures are up 0.18% while S&P 500 futures have ...",Benzinga,https://www.benzinga.com/trading-ideas/movers/26/03/51236226/why-are-strategy-shares-surging-on-friday,0.208209,Somewhat-Bullish
2026-03-13,2026-03-13 12:00:00,"Is Bitcoin Now a Safe-Haven Asset? If So, Then It Could Be Hugely Undervalued at Just $70,000",Could the digital gold investment thesis be making a comeback? Bitcoin investors hope so.,Motley Fool,https://www.fool.com/investing/2026/03/13/is-bitcoin-now-a-safe-haven-asset-if-so-then-it-co/,0.043746,Neutral
2026-03-13,2026-03-13 12:25:47,"Bitcoin Reclaims $72,000 As Ethereum, XRP, Dogecoin Jump Over 3% On Improving Sentiment","Bitcoin climbed to $72,000 on Friday, with Bitcoin ETFs seeing $53.9 million in net inflows on Thursday, while Ethereum ETFs reported $72.4 million in net inflows. Meme coin market capitalization spiked 10.1% to $34.8 billion over the past 24 hours.",Benzinga,https://www.benzinga.com/crypto/cryptocurrency/26/03/51237808/bitcoin-reclaims-72000-as-ethereum-xrp-dogecoin-jump-over-3-on-improving-sentiment,0.069208,Neutral
2026-03-13,2026-03-13 12:36:00,Are There Any Bitcoin Mining Stocks Worth Buying Right Now?,"There's a new way to evaluate Bitcoin mining stocks, and it involves AI.",Motley Fool,https://www.fool.com/investing/2026/03/13/are-there-any-bitcoin-mining-stocks-worth-buying-r/,0.094439,Neutral
2026-03-13,2026-03-13 14:04:27,"Bitcoin's Cycle Is Intact, But The Bottom May Come In 2027, Analyst Says","Bitcoin's ( CRYPTO: BTC ) four-year market cycle still appears intact, but 2026 may be too early to declare the end of the bear market, according to a prominent analyst.",Benzinga,https://www.benzinga.com/crypto/cryptocurrency/26/03/51241175/bitcoins-cycle-is-intact-but-the-bottom-may-come-in-2027-analyst-says,0.033601,Neutral
2026-03-13,2026-03-13 14:27:19,"Trump Meme Coin, Render and Pi See Double-Digit Rallies as Bitcoin","As Bitcoin consolidates, select altcoins like Trump, Pi, and Render surge on specific catalysts and improving risk appetite.",Decrypt.co,https://decrypt.co/361008/trump-render-pi-double-digit-gains-bitcoin-consolidation,0.21337,Somewhat-Bullish
2026-03-13,2026-03-13 14:58:30,"Bitcoin Grills $74,000 Again After US PCE Inflation Data","Bitcoin bulls squeezed the market toward $74,000 again as promising US inflation data buoyed risk assets, but BTC price forecasts stayed mixed.",Cointelegraph,https://cointelegraph.com/markets/bitcoin-price-eyes-74k-rematch-us-pce-inflation-boosts-crypto-stocks,-0.057745,Neutral
2026-03-13,2026-03-13 15:05:44,"4 Reasons Why Bitcoin Is Up 4% To $72,000 Today","Bitcoin ( CRYPTO: BTC ) is up 4% on Friday as PCE inflation fell to 2.8%, oil prices dropped, $3 billion in options gamma triggered dealer hedging and ETF inflows hit four consecutive days.",Benzinga,https://www.benzinga.com/crypto/cryptocurrency/26/03/51243843/4-reasons-why-bitcoin-is-up-4-to-72000-today,-0.084986,Neutral
2026-03-13,2026-03-13 15:40:40,AI Power Demand Fuels Nuclear Revival - Bitcoin Miners Were Early Adopters,"AI-driven data center demand is reviving nuclear power across the US, and Bitcoin miners were among the first to tap nuclear energy to run high-performance computing operations.",Cointelegraph,https://cointelegraph.com/news/ai-power-demand-nuclear-revival-bitcoin-mining,0.314249,Somewhat-Bullish
2026-03-13,2026-03-13 16:11:46,Companies Sold More Bitcoin Than They Bought In February For The First Time On Record - But Saylor Kept Buying - Strategy  ( NASDAQ:MSTR ) ,"Corporate Bitcoin treasuries posted their first net-negative month on record in February, with sales and holdings reductions outpacing new purchases by roughly 807 Bitcoin ( CRYPTO: BTC ) . Public and private companies added approximately 7,800 BTC worth $522 million during the month, ...",Benzinga,https://www.benzinga.com/markets/prediction-markets/26/03/51246095/companies-sold-more-bitcoin-than-they-bought-in-february-for-the-first-time-on-record-,0.061633,Neutral
2026-03-13,2026-03-13 18:01:10,"XRP Holds Key Support Against Bitcoin, Gold: Is A Reversal Next?","Bitcoin has been trading within a defined range since early February, repeatedly testing both the upper and lower boundaries, trader Cryptoinsightuk said in a recent podcast. While range highs often act as areas for potential reversals, they can also become breakout zones if buying pressure ...",Benzinga,https://www.benzinga.com/crypto/cryptocurrency/26/03/51249672/xrp-holds-key-support-against-bitcoin-gold-is-a-reversal-next,0.183724,Somewhat-Bullish
2026-03-13,2026-03-13 18:22:48,"Bitcoin Bounces Off $74K Resistance As Bulls Pile Into BTC, Altcoins","Bitcoin faced strong resistance at the $74,500 level, but the shallow price pullback could set the stage for a stronger breakout in BTC and altcoins.",Cointelegraph,https://cointelegraph.com/markets/price-predictions-3-13-btc-eth-bnb-xrp-sol-doge-hype-ada-bch-xmr,0.014418,Neutral
2026-03-13,2026-03-13 18:23:35,Why MARA Holdings Shares Are Surging Friday - MARA Holdings  ( NASDAQ:MARA ) ,"The apex cryptocurrency climbed to $71,194.33, gaining 1.14% over the last 24 hours, according to CoinMarketCap data. This recovery follows a broader uptick in digital asset sentiment. Markets reacted positively as Bitcoin maintained a 4.92% gain over the past seven days.",Benzinga,https://www.benzinga.com/trading-ideas/movers/26/03/51250228/why-mara-holdings-shares-are-surging-friday,0.18466,Somewhat-Bullish
2026-03-13,2026-03-13 18:29:38,5-Minute Bitcoin Bets Hit $70M Daily Volume As Traders Lean Into AI,"The Financial Times reported on Friday that Max Wojcik, a 29-year-old engineer, feeds weeks of Bitcoin price data into three AI chatbots-Claude, Gemini and ChatGPT. He has the chatbots analyze the data together and calculate his probability of winning before he places any five-minute trades.",Benzinga,https://www.benzinga.com/crypto/cryptocurrency/26/03/51250409/5-minute-bitcoin-bets-hit-70m-daily-volume-as-traders-lean-into-ai,0.14991,Neutral
2026-03-13,2026-03-13 19:13:03,Key BTC Price Levels to Watch Above $74K,Bitcoin is on track for its strongest weekly return since its 2025 rally to new highs. Analysts highlight the price levels BTC must reach to sustain its current bullish momentum.,Cointelegraph,https://cointelegraph.com/markets/key-bitcoin-price-levels-to-watch-as-btc-nears-new-monthly-highs,0.222702,Somewhat-Bullish
2026-03-13,2026-03-13 20:00:00,Circle Stock Surges as Stablecoins Expand; Canaan Boosts Bitcoin Holdings,"The USDC issuer's stock is soaring despite a market selloff as stablecoins expand into traditional finance. Meanwhile, Canaan boosts BTC reserves and Wells Fargo eyes crypto services.",Cointelegraph,https://cointelegraph.com/news/circle-stock-stablecoin-growth-canaan-bitcoin-wells-fargo-crypto,0.166244,Somewhat-Bullish
2026-03-13,2026-03-13 21:01:21,Bitcoin Policy Institute: 'Window Is Narrowing' To Pass BTC Tax Exemption,"The Bitcoin Policy Institute said the bipartisan support for a de minimis tax exemption for smaller Bitcoin transactions is ""encouraging."" ...",Cointelegraph,https://cointelegraph.com/news/bpi-targets-august-btc-tax-relief-warns-time-running-out,0.064372,Neutral
2026-03-13,2026-03-13 21:31:41,"Bitcoin, Ethereum, XRP, Dogecoin Give Up Intraday Gains As Middle East Tensions Rattle Markets","Bitcoin trimmed earlier gains late Friday after fresh reports of escalating military tensions in the Middle East weighed on risk sentiment. Coinglass data shows 107,056 traders were liquidated in the past 24 hours for $450.16 million. SoSoValue data shows net inflows of $53.9 million from spot ...",Benzinga,https://www.benzinga.com/crypto/cryptocurrency/26/03/51255380/bitcoin-ethereum-xrp-dogecoin-give-up-intraday-gains-as-middle-east-tensions-rattle-markets,0.068557,Neutral
2026-03-14,2026-03-14 01:06:31,Bitcoin Strength Stuns Bears But They Haven't Given Up Yet,"Bitcoin showed remarkable strength throughout the week, but BTC's correlation to tech stocks and its reactive spot ETF flows suggest the bear market isn't over yet.",Cointelegraph,https://cointelegraph.com/markets/bitcoin-nearly-overtakes-dollar74k-as-data-suggests-bear-market-is-not-over,-0.058772,Neutral
2026-03-14,2026-03-14 02:09:00,Bitcoin vs. Solana: Which Crypto Is the Better Buy Right Now?,Both cryptocurrencies have gotten much more affordable after the recent market downturn.,Motley Fool,https://www.fool.com/investing/2026/03/13/bitcoin-vs-solana-which-crypto-is-the-better-buy-r/,0.240005,Somewhat-Bullish
2026-03-14,2026-03-14 04:52:48,BlackRock Won't Consider Exotic Crypto ETFs,"BlackRock launched a staked Ether exchange-traded fund on Thursday, expanding its crypto offerings beyond its flagship spot Bitcoin and Ether ETFs that launched in 2024.",Cointelegraph,https://cointelegraph.com/news/blackrock-wont-consider-exotic-crypto-etfs,0.272524,Somewhat-Bullish
2026-03-14,2026-03-14 07:39:44,"Michael Saylor Pushes Back After Boris Johnson Calls Bitcoin A 'Giant Ponzi Scheme,' Says Crypto Has 'No Issuer, No Promoter' - Strategy  ( NASDAQ:MSTR ) ","On Friday, Michael Saylor defended Bitcoin ( CRYPTO: BTC ) after former UK Prime Minister Boris Johnson described cryptocurrencies as a ""giant Ponzi scheme"" in a column. In a Daily Mail column, Johnson argued that Bitcoin and other digital assets rely largely on belief rather than inherent ...",Benzinga,https://www.benzinga.com/crypto/cryptocurrency/26/03/51256934/michael-saylor-pushes-back-after-boris-johnson-calls-bitcoin-a-giant-ponzi-scheme-says-cryp,0.092548,Neutral
2026-03-14,2026-03-14 08:00:00,"Got $1,000 and Willing to Hold for 3 Years? Is It Better to Buy XRP or Bitcoin?","One coin will need to use a strategy to win, and the other will need to continue doing nothing.",Motley Fool,https://www.fool.com/investing/2026/03/14/got-1000-and-willing-to-hold-for-3-years-is-it-bet/,0.114478,Neutral
2026-03-14,2026-03-14 08:11:32,Spot Bitcoin ETFs Log Their First Five-Day Inflow Streak of 2026,US spot Bitcoin ETFs brought in about $767 million over five straight days of inflows for the first time so far this year.,Cointelegraph,https://cointelegraph.com/news/spot-bitcoin-etfs-five-day-inflow-streak-2026,0.061881,Neutral
2026-03-14,2026-03-14 11:00:00,These Investors Bought $7 Billion in Bitcoin Last Year. Should You Buy It?,Financial institutions are now gobbling up Bitcoin.,Motley Fool,https://www.fool.com/investing/2026/03/14/these-investors-bought-7-billion-in-bitcoin-last-y/,0.067859,Neutral
2026-03-14,2026-03-14 14:07:30,Bitcoin Hit a Major Milestone-Most Miners Won't Be Around for the Next One,Twenty million Bitcoin mined. One million left. The miners who got us here might not be around for the finish.,Decrypt.co,https://decrypt.co/361137/bitcoin-major-milestone-miners,0.177158,Somewhat-Bullish
2026-03-14,2026-03-14 17:38:08,Bitcoin Beats US Stocks as Strategy's STRC Hints at a $776M BTC Purchase,"BTC faces bull trap risks due to the formation of a bear flag pattern, with a measured downside target at around $51,000.",Cointelegraph,https://cointelegraph.com/markets/bitcoin-beats-stocks-strategy-strc-776m-btc-buying-potential,0.038498,Neutral
2026-03-14,2026-03-14 18:09:15,"Former UK PM Johnson Calls BTC a Scam, Draws Criticism From Bitcoiners","Johnson said that he could understand why gold and Pokémon cards have investment appeal but not Bitcoin, which he characterized as a scam.",Cointelegraph,https://cointelegraph.com/news/boris-johnson-btc-ponzi-scheme,0.031709,Neutral
2026-03-14,2026-03-14 21:45:50,Basel Reform May Bring Wave of Fresh Bank Capital to BTC - Analyst,"Banks seek to deploy capital in the most efficient way possible, but capital rules under the Basel III framework make crypto holdings costly.",Cointelegraph,https://cointelegraph.com/news/changing-basel-rules-huge-liquidity-btc,-0.168066,Somewhat-Bearish
2026-03-15,2026-03-15 02:00:00,"Real Cash Poker Online in 2026 - BC Poker Offers $10 Free No Deposit, Instant Bitcoin Withdrawals, and Provably Fair Real Money Tables","Los Angeles, CA, March 14, 2026 ( GLOBE NEWSWIRE ) -- The search for real cash poker online has never been more competitive.",Benzinga,https://www.benzinga.com/pressreleases/26/03/g51258908/real-cash-poker-online-in-2026-bc-poker-offers-10-free-no-deposit-instant-bitcoin-withdrawals-and-,0.195591,Somewhat-Bullish
2026-03-15,2026-03-15 05:30:21,Bitcoin Whales Are Starting To Accumulate Again at $71K: Santiment,"Santiment says the recent uptick in Bitcoin whale accumulation is a ""positive reversal,"" and the platform is watching for retail selling to confirm a potential market bottom.",Cointelegraph,https://cointelegraph.com/news/bitcoin-whale-accumulation-btc-price-retail-santiment,-0.002431,Neutral
2026-03-15,2026-03-15 09:00:00,"Got $3,000? Should You Buy Bitcoin, XRP, or Gold?",These assets will help you to layer either safety or some risk into your portfolio.,Motley Fool,https://www.fool.com/investing/2026/03/15/got-3000-should-you-buy-bitcoin-xrp-or-gold/,0.276372,Somewhat-Bullish
2026-03-15,2026-03-15 14:01:22,"Bitcoin Bets, Corporate Sales And Crypto's Next Phase: Crypto Weekend Recap","This week in the world of cryptocurrency was nothing short of eventful. From AI-driven Bitcoin bets to corporate Bitcoin sales, the crypto market continues to evolve and surprise. Here's a quick recap of the top stories that made headlines.",Benzinga,https://www.benzinga.com/crypto/26/03/51259526/bitcoin-bets-corporate-sales-and-cryptos-next-phase-crypto-weekend-recap,0.223239,Somewhat-Bullish
2026-03-15,2026-03-15 14:16:22,How Bitcoin and Gold Reacted Differently to the Iran War Shock,"During the Iran conflict, gold attracted safe-haven demand, while Bitcoin's reaction reflected liquidity conditions and broader market sentiment rather than acting as a classic crisis hedge.",Cointelegraph,https://cointelegraph.com/features/how-bitcoin-and-gold-reacted-differently-to-the-iran-war-shock,-0.002517,Neutral
2026-03-15,2026-03-15 15:12:03,Bitcoin Turns Up the Heat on Lost Support for Its Latest Weekly Close,"Bitcoin edged toward an important weekly close above $70,000 that would include a reclaim of an important 200-week trend line.",Cointelegraph,https://cointelegraph.com/markets/bitcoin-price-teases-key-support-reclaims-weekly-close-above-70k,0.111075,Neutral
2026-03-15,2026-03-15 15:25:00,"Better Buy Right Now With $1,500: Bitcoin vs. an Index Fund",There are strong arguments in favor of owning both of these assets.,Motley Fool,https://www.fool.com/investing/2026/03/15/better-buy-right-now-with-1500-bitcoin-vs-an-index/,0.268668,Somewhat-Bullish
2026-03-15,2026-03-15 16:04:37,My Top 3 Cryptocurrencies to Buy for the Next Bull Run,"Bitcoin, Ether, and Solana are all worth buying before the bulls return.",Motley Fool,https://www.fool.com/investing/2026/03/15/my-top-3-cryptocurrencies-to-buy-for-the-next-bull/,0.260215,Somewhat-Bullish
2026-03-15,2026-03-15 17:01:50,Anthony Scaramucci Was Asked How He Juggles Life And Work - Bitcoin Bull Explained It With This Rock And Sand Example,"Anthony Scaramucci, founder of global investment firm SkyBridge Capital, explained how he manages his time across family, business and personal hobbies using the ""rock-and-sand"" metaphor. In the monthly Q&A episode on March 10, Scaramucci was asked about his approach to work‑life balance and how ...",Benzinga,https://www.benzinga.com/news/events/26/03/51259769/anthony-scaramucci-was-asked-how-he-juggles-life-and-work-bitcoin-bull-explained-it-with-this-rock-an,0.120197,Neutral
2026-03-16,2026-03-16 00:05:27,Bitcoin Advances as Oil Jumps Toward $100 on Further Middle East Strikes,"Markets steadied after a volatile weekend, even as oil rose, as traders weighed U.S. strikes on Iranian targets.",Decrypt.co,https://decrypt.co/361186/bitcoin-advances-oil-jumps-further-middle-east-strikes,-0.16053,Somewhat-Bearish
2026-03-16,2026-03-16 01:57:43,"Bitcoin, Ethereum, XRP, Dogecoin Spike As Trump Vows To Keep Strait Of Hormuz Open: Analyst Wants Traders To 'Pay Attention' To This BTC Level","Leading cryptocurrencies rose alongside stock futures on Sunday as President Donald Trump pressed for a coordinated effort to keep oil exports from the Strait of Hormuz running. Bitcoin spiked during evening hours, with trading volume surging 33% over the past 24 hours.",Benzinga,https://www.benzinga.com/crypto/cryptocurrency/26/03/51260683/bitcoin-ethereum-xrp-dogecoin-spike-as-trump-vows-to-keep-strait-of-hormuz-open-analyst-wan,0.17528,Somewhat-Bullish
2026-03-16,2026-03-16 03:51:07,"BlockFills Entities File Bankruptcy After Withdrawals Halted, Court Froze Bitcoin",The filings come as the company faces a lawsuit alleging it commingled client crypto assets and refused to return client funds.,Decrypt.co,https://decrypt.co/361195/blockfills-bankruptcy-withdrawals-halted-court-froze-bitcoin,-0.067478,Neutral
2026-03-16,2026-03-16 03:57:49,Bitcoin Resilience Study Reveals Targeted Attack Risk,"The past 11 years have shown that Bitcoin has been resilient to random intercontinental subsea internet cable failures, but could be susceptible to targeted attacks.",Cointelegraph,https://cointelegraph.com/news/72-percent-submarine-internet-cables-will-need-to-fail-to-impact-bitcoin-study,-0.148348,Neutral
2026-03-16,2026-03-16 06:46:17,Bitcoin Miners Flee to AI as Hashrates Hit New Lows,"Crypto trader Ran Neuner said Bitcoin could be in danger if AI continues to pull miners away from the network, but others disagree.",Cointelegraph,https://cointelegraph.com/news/bitcoin-miner-pivot-ai-threat-or-opportunity-bitcoin,-0.092318,Neutral
2026-03-16,2026-03-16 08:00:00,Should You Sell  ( or Avoid )  Bitcoin Due to the Conflict With Iran?,"The direct risks to the coin are minimal, but the indirect risks are huge.",Motley Fool,https://www.fool.com/investing/2026/03/16/should-you-sell-or-avoid-bitcoin-due-to-the-confli/,-0.058691,Neutral
2026-03-16,2026-03-16 08:18:00,"Bitcoin Bear Market Not Over Yet, Says Analyst: 'My Target Price For Going All-In Is....'","Sharing her views in an X post, Chen said the ongoing bear market is not over as liquidity has not fully recovered. ""I've said time and again that the $60,000-$70,000 range is a good zone for dollar-cost averaging. But not necessarily the time to go ALL-IN,"" Chen stated.",Benzinga,https://www.benzinga.com/crypto/cryptocurrency/26/03/51262090/bitcoin-bear-market-not-over-yet-says-analyst-my-target-price-for-going-all-in-is,0.204446,Somewhat-Bullish
2026-03-16,2026-03-16 10:19:56,Bitcoin Battles Macro Nerves and $75K Sellers This Week,"Bitcoin traders demanded further support reclaims to avoid a return to fresh macro lows next, as BTC price hit six-week highs.",Cointelegraph,https://cointelegraph.com/markets/58k-btc-price-still-in-play-five-things-bitcoin-this-week,-0.004876,Neutral
2026-03-16,2026-03-16 10:30:19,Bernstein Says Bitcoin Resilience Reflects Ownership Shift,"ETF inflows and continued corporate buying are gradually reshaping Bitcoin's ownership structure, Bernstein analysts say.",Cointelegraph,https://cointelegraph.com/news/bitcoin-rebound-bernstein-long-term-holder-base,0.194496,Somewhat-Bullish
2026-03-16,2026-03-16 10:51:19,Bitcoin Price Breaks Above 50-day SMA as Analysts See More Gains for BTC,Bitcoin's relief rally pushed its price above the 50-day SMA as analysts say further upside potential is increasing amid rising open interest.,Cointelegraph,https://cointelegraph.com/markets/bitcoin-hits-74-4k-six-week-high-analysts-more-upside-for-btc,0.220093,Somewhat-Bullish
2026-03-16,2026-03-16 10:59:57,Crypto Funds Add $1B as Bitcoin and Ethereum Lead Gains,"Crypto ETPs recorded $1.06 billion in inflows last week, led by Bitcoin and Ethereum, marking three straight weeks of gains despite ongoing geopolitical stress.",Cointelegraph,https://cointelegraph.com/news/crypto-etp-1-billion-inflows-three-straight-weeks-gains,0.111589,Neutral
2026-03-16,2026-03-16 12:00:00,Bitdeer Announces February 2026 Production and Operations Update - Bitdeer Technologies  ( NASDAQ:BTDR ) ,Bitcoin: production increased 541% Year on Year to 705 Bitcoin Colocation: Continued management focus on colocation lease agreements AI Cloud: demonstrating strong Month on Month performance in ARR and utilization rates,Benzinga,https://www.benzinga.com/pressreleases/26/03/g51265804/bitdeer-announces-february-2026-production-and-operations-update,0.148943,Neutral
2026-03-16,2026-03-16 12:21:54,"Strategy Buys 22,337 Bitcoin, Holdings Rise to 761,068 BTC","Strategy bought 22,337 Bitcoin for $1.57 billion last week, lifting total holdings to 761,068 BTC as it funds purchases through record sales of its STRC preferred stock.",Cointelegraph,https://cointelegraph.com/news/strategy-1-6-billion-bitcoin-buy-holdings-top-761k-btc,0.097558,Neutral
2026-03-16,2026-03-16 12:34:57,Bitcoin Hits $74K as US-Iran War Enters Third Week: Here's Why,Experts remain cautious in the short-term despite Bitcoin's $74K retest amid escalating geopolitical tensions.,Decrypt.co,https://decrypt.co/361208/bitcoin-hits-74k-as-u-s-iran-war-enters-third-week-heres-why,-0.092035,Neutral
2026-03-16,2026-03-16 12:41:50,"Bitcoin Reclaims $73,000 As Ethereum, XRP, Dogecoin Rally With Sentiment Turning Neutral","Bitcoin surged above $73,000 on Monday morning, following Bitcoin ETF inflows of $180.3 million on Friday, with Ethereum ETF inflows of $26.7 million. Meme coin market capitalization spiked 4.9% to $35.4 billion over the past 24 hours.",Benzinga,https://www.benzinga.com/crypto/cryptocurrency/26/03/51267035/bitcoin-reclaims-73000-as-ethereum-xrp-dogecoin-rally-with-sentiment-turning-neutral,0.164219,Somewhat-Bullish
2026-03-16,2026-03-16 12:43:54,"Metaplanet Raises $255M, Seeks $234M via New Strike Warrant Issuance","Metaplanet raised $255 million and launched new warrants to fund more Bitcoin purchases as it pushes toward a 210,000 BTC treasury target.",Cointelegraph,https://cointelegraph.com/news/metaplanet-raises-255m-strike-warrant,0.180121,Somewhat-Bullish
2026-03-16,2026-03-16 13:06:53,Morning Minute: Crypto Holds Strong as War Escalates,"Crypto majors continue to outperform all other markets, as Bitcoin ETFs posted their first inflow streak of 2026.",Decrypt.co,https://decrypt.co/361209/morning-minute-crypto-holds-strong-as-war-escalates,0.052139,Neutral
2026-03-16,2026-03-16 13:36:09,"Bitcoin Zooms To $74,000 After $793M ETF Inflows: Can It Hit $80,000 Next?","Total assets under management in digital asset ETPs rose 9.4% to $140 billion since the onset of the Iran crisis. CoinShares head of research James Butterfill said the inflows occurred amid significant geopolitical disruption, highlighting resilience and reinforcing Bitcoin's safe haven status ...",Benzinga,https://www.benzinga.com/crypto/cryptocurrency/26/03/51268845/bitcoin-zooms-to-74000-after-793m-etf-inflows-can-it-hit-80000-next,0.057647,Neutral
2026-03-16,2026-03-16 13:46:12,Michael Saylor Makes 5th Largest Bitcoin Buy At $1.57B As MSTR Surges 4% - Strategy  ( NASDAQ:MSTR ) ,"Executive Chairman Michael Saylor announced the acquisition, bringing total holdings to 761,068 coins acquired for $57.61 billion, or an average of $75,696 per coin. The firm funded most of the purchase through $1.1 billion in STRC series preferred stock sales and $396 million in common stock sales.",Benzinga,https://www.benzinga.com/crypto/cryptocurrency/26/03/51269404/michael-saylor-makes-5th-largest-bitcoin-buy-at-1-57b-as-mstr-surges-4,0.125759,Neutral
2026-03-16,2026-03-16 14:01:11,"Cipher Digital Stock Moves Higher As Bitcoin Surges Past $74,000 - Cipher Digital  ( NASDAQ:CIFR ) ","Additionally, Keefe, Bruyette & Woods analyst Stephen Glagola reiterated an Outperform rating on Cipher Digital while trimming his price target from $22 to $20. Here's what investors need to know. Cipher Digital stock is holding steady today. What's ahead for CIFR stock?",Benzinga,https://www.benzinga.com/trading-ideas/movers/26/03/51270176/cipher-digital-stock-moves-higher-as-bitcoin-surges-past-74000,0.264437,Somewhat-Bullish
2026-03-16,2026-03-16 14:15:01,"Bitcoin Depot Inc.  ( BTM )  Reports Q4 Loss, Beats Revenue Estimates","Bitcoin Depot Inc. (BTM) delivered earnings and revenue surprises of -152.84% and +1.85%, respectively, for the quarter ended December 2025. Do the numbers hold clues to what lies ahead for the stock?",Zacks Commentary,https://www.zacks.com/stock/news/2884559/bitcoin-depot-inc-btm-reports-q4-loss-beats-revenue-estimates,0.088993,Neutral
2026-03-16,2026-03-16 14:31:06,"Bitcoin Holds Near $74,000 As Crypto Market Waits For Inflation And Rate Signals","Bitcoin ( CRYPTO: BTC ) is trading just below the $74,000 level as the broader cryptocurrency market enters a period of relative calm, with traders closely watching upcoming macroeconomic data for the next catalyst.",Benzinga,https://www.benzinga.com/Opinion/26/03/51271447/bitcoin-holds-near-74000-as-crypto-market-waits-for-inflation-and-rate-signals,0.159389,Somewhat-Bullish
2026-03-16,2026-03-16 14:46:23,Bitcoin's Goliath Moment?,"Since war broke out 16 days ago, geopolitical tension has seemed to only escalate with each passing day. This has started to cause an increasing degree of volatility in financial markets, as well. Given the location of the war, oil has become front and center.",Benzinga,https://www.benzinga.com/Opinion/26/03/51271971/bitcoin-goliath-moment,-0.130453,Neutral
2026-03-16,2026-03-16 14:57:10,Strategy Makes Biggest Bitcoin Buy Yet in 2026 as Preferred Share Demand Surges,"Strategy spent $1.57 billion on Bitcoin last week, notching its largest purchase of the year so far amid heightened demand for STRC.",Decrypt.co,https://decrypt.co/361228/strategy-biggest-bitcoin-buy-2026-preferred-share-demand-surges,0.168305,Somewhat-Bullish
2026-03-16,2026-03-16 15:05:15,"Circle Internet Group  ( CRCL )  Stock Climbs As Bitcoin Strength, Analyst Upgrade Boost Shares - Circle Internet Group  ( NYSE:CRCL ) ","Adding to the strength, Clear Street analyst Owen Lau upgraded Circle to Buy from Hold and raised his price target to $136 from $92. Here's what investors need to know. Circle Internet Group stock is surging to new heights today. What's driving CRCL stock higher?",Benzinga,https://www.benzinga.com/trading-ideas/movers/26/03/51272776/circle-internet-group-crcl-stock-climbs-as-bitcoin-strength-analyst-upgrade-boost-shares,0.343719,Somewhat-Bullish
2026-03-16,2026-03-16 15:22:47,"Bitcoin Traders See Little Chance of a Breakout as BTC Eyes $75,000","Bitcoin achieved new six-week highs at the week's first Wall Street open, but analysis stayed risk-off, arguing that the long-term BTC price downtrend was still in place.",Cointelegraph,https://cointelegraph.com/markets/bitcoin-approaches-75k-trader-says-btc-price-squeeze-changes-nothing,0.065996,Neutral
2026-03-16,2026-03-16 15:33:00,Strategy Stock is Trading at a P/S of 94.02X: Should You Buy?,"MSTR trades at a lofty 94.02X P/S, but its massive Bitcoin holdings, digital credit expansion and stable software revenues could power long-term growth.",Zacks Commentary,https://www.zacks.com/stock/news/2884639/strategy-stock-is-trading-at-a-ps-of-9402x-should-you-buy,0.451331,Bullish
2026-03-16,2026-03-16 15:33:29,Crypto Funds Pull In $1B for Third Straight Week as US Investors Drive Demand,Institutional flows into Bitcoin and Ethereum surge amid geopolitical tensions and expanding U.S. ETF market.,Decrypt.co,https://decrypt.co/361241/crypto-funds-pull-in-1b-for-third-straight-week-as-u-s-investors-drive-demand,0.095712,Neutral
2026-03-16,2026-03-16 15:47:58,Bitcoin Depot  ( BTM )  Q4 2025 Earnings Transcript,"Image source: The Motley Fool.Monday, Mar. 16, 2026 at 10 a.m. ETNeed a quote from a Motley Fool analyst? Email pr@fool.comContinue reading ...",Motley Fool,https://www.fool.com/earnings/call-transcripts/2026/03/16/bitcoin-depot-btm-q4-2025-earnings-transcript/,0.199684,Somewhat-Bullish
2026-03-16,2026-03-16 15:56:34,Galaxy Digital Stock Jumps As Bitcoin Buyers Step In - Galaxy Digital  ( NASDAQ:GLXY ) ,Galaxy Digital stock is among today's top performers. What's fueling GLXY momentum? Bitcoin's rally is especially important for Galaxy because the company is built as a diversified digital-asset and infrastructure platform rather than a single-line crypto bet.,Benzinga,https://www.benzinga.com/trading-ideas/movers/26/03/51274574/galaxy-digital-stock-jumps-as-bitcoin-buyers-step-in,0.270428,Somewhat-Bullish
2026-03-16,2026-03-16 16:14:24,"Bitcoin To $250,000, Hyperliquid To $150 In 2026: Why Arthur Hayes Is Bullish - Hyperliquid Strategies  ( NASDAQ:PURR ) ","BitMEX co-founder Arthur Hayes says he has re-entered his Hyperliquid ( NASDAQ:PURR ) trade, predicting the asset could surge more than fourfold if the protocol's growth continues. In an interview with CoinDesk on friday, Hayes said that that he has reinvested in HYPE after previously exiting ...",Benzinga,https://www.benzinga.com/crypto/cryptocurrency/26/03/51274949/bitcoin-to-250000-hyperliquid-to-150-in-2026-why-arthur-hayes-is-bullish,0.043436,Neutral
2026-03-16,2026-03-16 17:25:24,"Bitcoin At $73,000 Is No Reason To Get Excited, Analyst Warns-Here's Why","Bitcoin ( CRYPTO: BTC ) has cracked $73,000 but remains trapped within a broader range, leaving traders divided on whether the next major move will be higher or lower.",Benzinga,https://www.benzinga.com/crypto/cryptocurrency/26/03/51277476/bitcoin-at-73000-is-no-reason-to-get-excited-analyst-warns-heres-why,-0.216356,Somewhat-Bearish
2026-03-16,2026-03-16 18:45:14,"US-Iran War Could Trigger A 2008-Style Crisis And Drop Bitcoin To $10,000, Bloomberg Analyst Warns","Geopolitical tensions and tightening liquidity could trigger a major sell-off across equities and cryptocurrencies, according to Bloomberg Intelligence senior macro strategist Mike McGlone. McGlone warned in an interview with Cointelegraph on Saturday that escalating tensions between U.S. and ...",Benzinga,https://www.benzinga.com/crypto/cryptocurrency/26/03/51279740/us-iran-war-could-trigger-a-2008-style-crisis-and-drop-bitcoin-to-10000-bloomberg-analyst-w,-0.171911,Somewhat-Bearish
2026-03-16,2026-03-16 18:54:59,Bitcoin Surges Toward $75K As Huge Capital Inflows Return,"Bitcoin chases $75,000 as the return of aggressive spot BTC ETF inflows, billion dollar buys from Strategy and an improvement in investors' risk appetite propel the crypto market.",Cointelegraph,https://cointelegraph.com/markets/bitcoin-s-push-toward-75k-revives-debate-over-what-drives-capital-flows,0.122654,Neutral
2026-03-16,2026-03-16 18:56:18,"Bitcoin Bottom In The $50,000s Before A Run To $100,000, Strategists Say","Bitcoin ( CRYPTO: BTC ) could bottom between $50,000 and $60,000 before rallying to $100,000 by year-end, according to major institutional strategists. Jeff Kendrick, global head of digital asset research at Standard Chartered, says any dip below $60,000 is a buying opportunity with $50,000 ...",Benzinga,https://www.benzinga.com/crypto/cryptocurrency/26/03/51280085/bitcoin-bottom-in-the-50000s-before-a-run-to-100000-strategists-say,0.119117,Neutral
2026-03-16,2026-03-16 19:09:24,"Why Bitcoin Is Crushing It Today, Up 3.7%","The world's largest cryptocurrency is back to ripping higher, but can this move continue?",Motley Fool,https://www.fool.com/investing/2026/03/16/why-bitcoin-is-crushing-it-today-up-37/,0.140814,Neutral
2026-03-16,2026-03-16 19:29:32,"Bitcoin Surges To $74,000 As Ethereum, XRP, Dogecoin Gain Over 8%","Bitcoin touched $74,000 on Monday as cryptocurrencies are up more than 10% over the past week. Coinglass data shows 117,250 traders were liquidated in the past 24 hours for $530.47 million. SoSoValue data shows net inflows of $180.3 million from spot Bitcoin ETFs on Friday.",Benzinga,https://www.benzinga.com/crypto/cryptocurrency/26/03/51281080/bitcoin-surges-to-74000-as-ethereum-xrp-dogecoin-gain-over-8,0.06205,Neutral
2026-03-16,2026-03-16 20:16:15,"Strive  ( ASST )  Stock Jumps 11% As Bitcoin Tops $74,000 - Strive  ( NASDAQ:ASST ) ",Bitcoin's rise is a clear positive for Strive because it increases the value of the company's Bitcoin holdings and strengthens the broader case for its treasury-driven business model.,Benzinga,https://www.benzinga.com/trading-ideas/movers/26/03/51283001/strive-asst-stock-jumps-11-as-bitcoin-tops-74000,0.531298,Bullish
2026-03-16,2026-03-16 20:17:56,"CleanSpark Stock Climbs As Bitcoin Tops $74,000 - Cleanspark  ( NASDAQ:CLSK ) ","CleanSpark is primarily a Bitcoin miner: it owns, leases and operates data centers and power assets across Georgia, Tennessee, Mississippi and Wyoming, and says Bitcoin mining has historically been its principal revenue-generating activity.",Benzinga,https://www.benzinga.com/trading-ideas/movers/26/03/51283127/cleanspark-stock-climbs-as-bitcoin-tops-74000,0.121777,Neutral
2026-03-16,2026-03-16 20:56:14,"Bitcoin Hits $74.5K But Futures Data, Macro Signal Caution","Bitcoin's recovery above $74,000 highlights a rapidly improving market, but several data points suggest that pro traders remain cautious and skeptical.",Cointelegraph,https://cointelegraph.com/markets/bitcoin-tops-74-5k-but-are-pro-traders-turning-bullish-again,-0.012299,Neutral
2026-03-16,2026-03-16 21:04:15,IBM Opens Quantum Hardware to Researchers as Bitcoin Security Threat Looms,IBM offers expanded access to quantum processors as developers prepare for the eventual challenge to Bitcoin's cryptography.,Decrypt.co,https://decrypt.co/361286/ibm-opens-quantum-hardware-researchers-bitcoin-security-threat,0.079649,Neutral
2026-03-16,2026-03-16 21:20:31,Is Hut 8 Stock a Buy After Flight Deck Capital Initiated a Position Worth Nearly $10 Million?,Hut 8 Corp. operates large-scale data centers supporting Bitcoin mining and AI workloads with a vertically integrated infrastructure model.,Motley Fool,https://www.fool.com/coverage/filings/2026/03/16/is-hut-8-stock-a-buy-after-flight-deck-capital-initiated-a-position-worth-nearly-usd10-million/,0.278059,Somewhat-Bullish
2026-03-16,2026-03-16 21:33:00,BGIN BLOCKCHAIN LIMITED Announces Successful Tape-Out of 4nm BT1 Bitcoin Mining Chip,"SINGAPORE, March 17, 2026 ( GLOBE NEWSWIRE ) -- BGIN BLOCKCHAIN LIMITED ( ""BGIN"" or the ""Company"". NASDAQ: BGIN ) , a digital asset technology company with proprietary cryptocurrency mining technologies and a manufacturer of cryptocurrency mining hardware, today announced first-pass silicon ...",GlobeNewswire,https://www.globenewswire.com/news-release/2026/03/16/3256788/0/en/BGIN-BLOCKCHAIN-LIMITED-Announces-Successful-Tape-Out-of-4nm-BT1-Bitcoin-Mining-Chip.html,0.278404,Somewhat-Bullish
2026-03-16,2026-03-16 21:33:45,BGIN BLOCKCHAIN LIMITED Announces Successful Tape-Out of 4nm BT1 Bitcoin Mining Chip - BGIN Blockchain  ( NASDAQ:BGIN ) ,"With the tape-out complete, the BT1 has now entered system-level testing and production preparation. This achievement represents the Company's seventh consecutive successful tape-out across its ASIC mining chip programs since 2022, reflecting a strong track record of execution.",Benzinga,https://www.benzinga.com/pressreleases/26/03/g51286037/bgin-blockchain-limited-announces-successful-tape-out-of-4nm-bt1-bitcoin-mining-chip,0.606759,Bullish
2026-03-16,2026-03-16 21:37:01,Man Alleges Wife Stole $172 Million in Bitcoin After 'Covertly Recording' Him,A man alleged in UK court that his now-estranged wife stole more than $171 million in Bitcoin after using CCTV to obtain a seed phrase.,Decrypt.co,https://decrypt.co/361291/man-alleges-wife-stole-171-million-bitcoin-covertly-recording,0.041402,Neutral
2026-04-01,2026-04-01 00:31:59,"Bitcoin, Stocks Pile On Gains As US, Iran Consider Ending War","Bitcoin held gains above $68,000 as investors leaned into news that the US and Iran were ideating ways to end the war. Will markets hold their newfound bullishness?",Cointelegraph,https://cointelegraph.com/markets/bitcoin-stocks-soar-as-markets-respond-to-chance-of-us-and-israel-iran-war-ending,-0.131454,Neutral
2026-04-01,2026-04-01 00:50:54,"Watch Out Bitcoin: Cryptography-Breaking Quantum Computers May Be Closer Than Expected, Says Caltech","Research suggests fault-tolerant quantum machines could arrive sooner than expected, posing a threat to Bitcoin and Ethereum cryptography.",Decrypt.co,https://decrypt.co/362988/cryptography-breaking-quantum-computers-closer-expected-caltech-bitcoin,0.011959,Neutral
2026-04-01,2026-04-01 01:30:48,Bitfarms Shares Soar Despite Net Loss Amid AI Transition,Bitfarms said it was impacted by a decline in Bitcoin prices last year. The company is now five months into its pivot from Bitcoin mining to HPC and AI.,Cointelegraph,https://cointelegraph.com/news/bitfarms-shares-rise-despite-285-million-net-loss-amid-ai-transition,0.062678,Neutral
2026-04-01,2026-04-01 02:05:13,"Bitcoin, Ethereum, XRP, Dogecoin Spike Amid Trump's Iran Exit Signal: Analytics Firm Highlights 'Best' Pl","Leading cryptocurrencies climbed alongside stocks on Tuesday after President Donald Trump said the military campaign against Iran could end soon, even if the Strait of Hormuz remains largely closed. Bitcoin regained $68,000 overnight after sliding below $66,000 earlier in the day.",Benzinga,https://www.benzinga.com/crypto/cryptocurrency/26/03/51589296/bitcoin-ethereum-xrp-dogecoin-spike-trump-iran-signal,0.165368,Somewhat-Bullish
2026-04-01,2026-04-01 04:52:20,Moody's Assigns Provisional Ba2 Rating to New Hampshire's Bond Project,"Moody's assigned a provisional Ba2 rating to New Hampshire's bond project, placing it below investment grade, as it cited Bitcoin's volatility.",Cointelegraph,https://cointelegraph.com/news/new-hampshire-s-bitcoin-backed-municipal-bond-edges-closer-to-launch-after-moodys-rating,0.135144,Neutral
2026-04-01,2026-04-01 06:12:45,Fidelity says Bitcoin's Cycle Drawdown is the Mildest Yet,"A shallower Bitcoin trench than previous cycles ""indicates a maturing market with reduced volatility and stronger institutional confidence,"" said Nick Ruck, director of LVRG Research.",Cointelegraph,https://cointelegraph.com/news/bitcoin-drawdown-much-less-dramatic-this-cycle-fidelity,-0.024057,Neutral
2026-04-01,2026-04-01 06:48:55,"Google's Research On Quantum Threat 'Reasonable,' Crypto Community Should Start Preparing For Resistant S","In an X post, Palihapitiya said that Google's paper was ""quite reasonable"" and raised ""important technical questions."" He added that if artificial general intelligence or superintelligent AI is coming soon, the smartest first target for it would be cracking something like Bitcoin.",Benzinga,https://www.benzinga.com/crypto/cryptocurrency/26/04/51590758/googles-research-quantum-threat-to-crypto-reasonable-says-chamath-palihapitiya,0.12003,Neutral
2026-04-01,2026-04-01 08:55:56,US Spot Bitcoin ETFs Post $500M Net Outflows In Q1 2026,"US spot Bitcoin ETFs ended Q1 in the red, with about $500 million of net outflows despite March inflows, as sentiment remained weak amid geopolitical tensions.",Cointelegraph,https://cointelegraph.com/news/bitcoin-etf-1-3-billion-march-first-monthly-gain-2026,-0.175191,Somewhat-Bearish
2026-04-01,2026-04-01 11:55:30,Bitcoin Breaks 5-Month Losing Streak With $68K March Close: What's Next?,"Bitcoin ended its longest monthly losing streak since 2018 with a green March candle, sparking hopes of a powerful rebound similar to past cycles.",Cointelegraph,https://cointelegraph.com/markets/bitcoin-snaps-5-month-losing-streak-btc-price-levels-watch-in-april,-0.011884,Neutral
2026-04-01,2026-04-01 11:59:14,"Algorand, Stable Lead Double-Digit Altcoin Surge as Bitcoin Tops $69K","Experts cite portfolio rebalancing and geopolitical easing as driving the crypto market rally, though caution persists.",Decrypt.co,https://decrypt.co/363004/algorand-stable-lead-double-digit-altcoin-surge-as-bitcoin-tops-69k,-0.007169,Neutral
2026-04-01,2026-04-01 12:30:00,Gen Z Turns Bitcoin Into A Solid Portfolio Diversifier,Gen Z embraces Bitcoin despite acknowledged volatility. Younger investors treat crypto risk as portfolio diversification rather than pure speculation.,Cointelegraph,https://cointelegraph.com/opinion/gen-z-bitcoin-portfolio-diversifier,0.066038,Neutral
2026-04-01,2026-04-01 12:48:06,Bitcoin In Familiar Historical Range - But Will The Outcome Differ?,"Bitcoin ( CRYPTO: BTC ) is trading within a range that mirrors past market structures, though the outcome may not follow the same path, according to trader Trader Mayne. In a March 31 podcast, Mayne said Bitcoin could see a short-term relief rally toward $80,000.",Benzinga,https://www.benzinga.com/crypto/cryptocurrency/26/04/51596619/bitcoin-in-familiar-historical-range-but-will-the-outcome-differ,0.048847,Neutral
2026-04-01,2026-04-01 12:50:45,"Bitcoin Climbs To $68,000 As Ethereum, XRP, Dogecoin Advance On Improved Sentiment - Grayscale Bitcoin Mi","Bitcoin rose to $68,000 as market sentiment improved and institutional interest strengthened; liquidations stand at $327.67 million over the past 24 hours. Bitcoin ETFs saw $117.3 million in net inflows on Tuesday, while Ethereum ETFs reported $31.2 million in net inflows.",Benzinga,https://www.benzinga.com/crypto/cryptocurrency/26/04/51596697/bitcoin-climbs-to-68000-ethereum-xrp-dogecoin-advance,0.116537,Neutral
2026-04-01,2026-04-01 12:57:54,Bitcoin Drops 24% In Q1 Despite $1.32B ETF Inflows In March-Is April The Turning Point?,"Bitcoin closed Q1 at $66,619 on Tuesday, down from $87,508 on January 1. The quarterly drop represents the largest since Q1 2018, when Bitcoin fell 50% from $14,112 to $6,973. The decline extends the 23% drop in Q4 2025, when Bitcoin slipped to $87,508 from $114,057.",Benzinga,https://www.benzinga.com/crypto/cryptocurrency/26/04/51596829/bitcoin-q1-drop-despite-march-etf-inflows-april-turning-point,0.041248,Neutral
2026-04-01,2026-04-01 13:19:08,"Bitcoin Stalls, Ethereum Shows Strength, XRP Stays Quiet - What's Next? - Grayscale Bitcoin Mini Trust  ( B","In a March 31 podcast, trader Cryptoinsightuk said a short-term bounce is possible, but overall momentum remains weak as markets await a decisive move. He pointed to macroeconomic pressures, including equity weakness, inflation concerns and geopolitical tensions, as factors contributing to the ...",Benzinga,https://www.benzinga.com/crypto/cryptocurrency/26/04/51597738/bitcoin-stalls-ethereum-shows-strength-xrp-stays-quiet-whats-next,-0.037212,Neutral
2026-04-01,2026-04-01 13:53:53,Strategy Resumes Bitcoin Purchases via STRC Stock: Will BTC Price Hit $80K?,"Michael Saylor's Strategy has raised funds to purchase at least 1,111 BTC this week, increasing the odds of sending prices higher in April.",Cointelegraph,https://cointelegraph.com/markets/strategy-resume-buying-bitcoin-strc-will-btc-price-hit-80k,0.136986,Neutral
2026-04-01,2026-04-01 16:05:28,Bitcoin Gets Its First Bond Rating as Moody's Grades New Hampshire Deal,Moody's has rated a New Hampshire Bitcoin-backed bond-a first for BTC as direct bond collateral.,Decrypt.co,https://decrypt.co/363032/bitcoin-first-bond-rating-moodys-new-hampshire,0.20563,Somewhat-Bullish
2026-04-01,2026-04-01 16:31:04,The Quantum Threat to Bitcoin Dividing Crypto,"Two papers published this week have reignited debates about the risk posed by ""Q-day"" to the cryptography that underpins digital assets.",Decrypt.co,https://decrypt.co/363030/the-quantum-threat-to-bitcoin-dividing-crypto,0.098446,Neutral
2026-04-01,2026-04-01 17:10:50,"Bitcoin's Crashes Are Shrinking Every Cycle But McGlone Still Sees $10,000","Bitcoin crashed 87% from $1,163 to $152 after the 2013 peak and 84% from $20,000 to $3,122 in 2017. This cycle, the decline from October's $126,200 has been closer to 50%-a compression reflecting deeper liquidity and institutional participation.",Benzinga,https://www.benzinga.com/crypto/cryptocurrency/26/04/51607191/bitcoin-crashes-shrinking-every-cycle-mcglone-still-sees-10000,-0.087117,Neutral
2026-04-01,2026-04-01 17:49:18,Warren Buffett Bought $17B in US T-bills: What Does it Mean for Bitcoin?,"Buffett called the recent US stock market dip ""nothing"" versus past 50% crashes, signaling more downside for risk assets like Bitcoin in 2026.",Cointelegraph,https://cointelegraph.com/markets/warren-buffett-bought-17b-in-us-t-bills-a-bad-omen-for-bitcoin-price,0.046387,Neutral
2026-04-01,2026-04-01 17:56:12,Bitcoin Treasury Sell-Off Could Signal Deeper Capitulation Coming: Analyst,"The value of the Bitcoin treasury company's holdings peaked at over $711 million in October 2025, when BTC hit an all-time high of about $126,000.",Cointelegraph,https://cointelegraph.com/news/nakamoto-sale-signal-dat-contagion,-0.046701,Neutral
2026-04-01,2026-04-01 18:43:54,Bitcoin Must Clear $69K For Altcoins and BTC To Resume Bull Market,"Technical charts show Bitcoin and altcoins on the verge of a bullish trend reversal, but Bitcoin's resistance at $69,000 could cap the current upward momentum.",Cointelegraph,https://cointelegraph.com/markets/price-predictions-4-1-btc-eth-bnb-xrp-sol-doge-hype-ada-bch-link,-0.036173,Neutral
2026-04-01,2026-04-01 19:34:10,"Bitcoin, Ethereum, XRP, Dogecoin Hold Key Levels On Improved Sentiment and Regulatory Clarity - Grayscale","Bitcoin is holding near the $68,000 level as geopolitical tensions ease and regulatory clarity improves, helping stabilize the broader crypto market. Coinglass data shows 114,174 traders were liquidated in the past 24 hours for $256.84 million.",Benzinga,https://www.benzinga.com/crypto/cryptocurrency/26/04/51611676/bitcoin-ethereum-xrp-dogecoin-hold-key-levels-improved-sentiment-regulatory-clarity,0.112856,Neutral
2026-04-01,2026-04-01 21:00:08,$80M Hyperliquid Whale Bet Predicts Bitcoin Crash and Oil Rally,"A Hyperliquid DEX whale has placed an $80 million bet that Bitcoin will crash and oil will rally, but data show this trader has lost millions in the past.",Cointelegraph,https://cointelegraph.com/markets/hyperliquid-whale-makes-dollar80m-bet-on-market-crash-is-bitcoin-in-trouble,-0.201415,Somewhat-Bearish
2026-04-02,2026-04-02 02:00:00,"Crypto Poker Site 2026: BC Poker Launches with Bitcoin Casino No Deposit Bonus, Provably Fair Tables and",This structure reflects how the best crypto poker sites are being designed to provide both a Bitcoin casino no deposit bonus and transparent poker gameplay within a single ecosystem. The current Bitcoin casino no deposit bonus at BC Poker provides a $5 free bonus for new users who register and ...,Benzinga,https://www.benzinga.com/pressreleases/26/04/g51617040/crypto-poker-site-2026-bc-poker-launches-with-bitcoin-casino-no-deposit-bonus-provably-fair-tables,0.104131,Neutral
2026-04-02,2026-04-02 02:42:17,"Bitcoin, XRP, Dogecoin Slide, Ethereum Flat As Trump Signals Iran War To Go On Until 'Objectives' Met: An","Leading cryptocurrencies fell alongside stock futures on Wednesday evening after President Donald Trump said the U.S. will continue its military campaign against Iran until the objectives are ""fully achieved."" Bitcoin slid below $67,000 late evening, while Ethereum pulled back below $2,100.",Benzinga,https://www.benzinga.com/crypto/cryptocurrency/26/04/51617204/bitcoin-xrp-dogecoin-slide-ethereum-flat-trump-iran-war-btc-accumulation,-0.110612,Neutral
2026-04-02,2026-04-02 02:53:36,Trump Threatens to Hit Iran Extremely Hard in the Coming Weeks,"US President Donald Trump said the military is ""very close"" to finishing its war in Iran in a speech that saw oil and Bitcoin prices move.",Cointelegraph,https://cointelegraph.com/news/trump-is-going-to-give-a-key-address-about-iran,-0.245266,Somewhat-Bearish
2026-04-02,2026-04-02 03:03:04,Bitcoin Policy Institute says Taiwan Should Reconsider Bitcoin Reserves,"Taiwanese lawmaker Ko Ju-Chun said last year that the country's Ministry of Justice holds 210 Bitcoins, worth $14 million, confiscated during criminal investigations.",Cointelegraph,https://cointelegraph.com/news/taiwan-bitcoin-reserve-geopolitical-hedge,-0.061214,Neutral
2026-04-02,2026-04-02 04:36:44,Genius Group Dumps Bitcoin Treasury Amid Revenue Surge,"The AI and crypto company has added to a pattern of Bitcoin treasuries offloading this year, with Michael Saylor's Strategy bucking that trend.",Cointelegraph,https://cointelegraph.com/news/genius-group-triples-revenue-but-liquidates-entire-bitcoin-stash,0.172381,Somewhat-Bullish
2026-04-02,2026-04-02 04:54:17,Crypto News: AlphaPepe Sells Out New Stage While Bitcoin Hits 9/100 Fear Trap,"The institutional signals and the Bitcoin price prediction both point toward recovery. However, even a return to $126,000 represents approximately 90% upside on a $1.3 trillion asset.",Benzinga,https://www.benzinga.com/pressreleases/26/04/g51617453/crypto-news-alphapepe-sells-out-new-stage-while-bitcoin-hits-9100-fear-trap,-0.060857,Neutral
2026-04-02,2026-04-02 07:16:42,"Bitcoin and Stocks Face Fresh Lows Under a US Dollar Breakout, Say Traders","Bitcoin fell on fresh US-Iran cues, while analysis warned that a resurgent US dollar could spark new lows across crypto and risk assets.",Cointelegraph,https://cointelegraph.com/markets/bitcoin-trader-sees-new-lows-us-dollar-due-highest-level-since-mid-2025,-0.222118,Somewhat-Bearish
2026-04-02,2026-04-02 09:53:19,"Bitcoin, Gold, and U.S. Stocks Dive as Trump Pledges to Hit Iran 'Extremely Hard'","Markets slumped as Trump claimed the Iran war was ""nearing completion"" while offering no clear plan to reopen the Strait of Hormuz.",Decrypt.co,https://decrypt.co/363111/bitcoin-gold-and-u-s-stocks-dive-as-trump-pledges-to-hit-iran-extremely-hard,-0.076294,Neutral
2026-04-02,2026-04-02 10:00:00,"MEXC Launches Mezo  ( MEZO )  Airdrop+ Event with $50,000 in MEZO and 15,000 USDT in Rewards","Mezo is a Bitcoin finance application that enables users to access lending, stablecoin, and yield infrastructure while retaining ownership of their BTC. MEZO, the protocol's native token with a total supply of 1,000,000,000, functions as an incentive and coordination asset within the ecosystem, ...",Benzinga,https://www.benzinga.com/pressreleases/26/04/g51619293/mexc-launches-mezo-mezo-airdrop-event-with-50-000-in-mezo-and-15-000-usdt-in-rewards,0.21205,Somewhat-Bullish
2026-04-02,2026-04-02 10:04:27,"Metaplanet Buys 5,075 BTC in Q1 to Become 3rd Largest Treasury","Metaplanet lifted its Bitcoin holdings to 40,177 in Q1 after buying over $400 million of BTC to become the third-largest BTC treasury.",Cointelegraph,https://cointelegraph.com/news/metaplanet-adds-5-075-btc-in-q1-bitcoin-options,0.180184,Somewhat-Bullish
2026-04-02,2026-04-02 12:24:18,"Metaplanet Adds 5,075 BTC in Q1, Becomes Third Largest Bitcoin Treasury","The Tokyo-listed firm is now the third-largest Bitcoin treasury company-though that's partly down to MARA Holdings' recent sale of 15,000 BTC.",Decrypt.co,https://decrypt.co/363114/metaplanet-adds-5075-btc-in-q1-becomes-third-largest-bitcoin-treasury,0.151112,Somewhat-Bullish
2026-04-02,2026-04-02 12:55:44,Riot Platforms Wallet Moves $34M in Bitcoin as Listed Miners Continue Sales,"Arkham data linked a 500 BTC outflow to Riot Platforms, worth roughly $34 million, as Bitcoin miners and treasury companies navigate listing pressures and volatile market conditions.",Cointelegraph,https://cointelegraph.com/news/onchain-data-flags-fresh-riot-500-btc-sale,0.059463,Neutral
2026-04-02,2026-04-02 13:45:04,"Bear Market Bitcoin, Ethereum, XRP Traders Are Pivoting To Pokémon Cards","Bitcoin ( CRYPTO: BTC ) closed the first quarter of 2026 down 23%, driving exhausted traders to pivot capital into a surprising alternative asset class: physical Pokémon cards.",Benzinga,https://www.benzinga.com/crypto/cryptocurrency/26/04/51625244/bear-market-bitcoin-ethereum-xrp-traders-are-pivoting-to-pokemon-cards,-0.053188,Neutral
2026-04-02,2026-04-02 14:34:15,"Oil Up 84%, Bitcoin Down 23%: Q1 Turns Playbook Upside Down - APA  ( NASDAQ:APA ) , SanDisk  ( NASDAQ:SNDK ) , Un",Oil's blistering rally and crypto's stumble made the first quarter of 2026 feel like a regime change rather than a routine quarter. USO shares are climbing. See the chart and price action here.,Benzinga,https://www.benzinga.com/trading-ideas/movers/26/04/51627464/oil-up-84-bitcoin-down-23-q1-2026-turns-the-playbook-upside-down,0.232955,Somewhat-Bullish
2026-04-02,2026-04-02 14:40:19,"Bitcoin Stays Weak on Oil Woes as Analyst Queries Return to $10,000","Analysis warned that Bitcoin risked falling to $10,000 in the long term as BTC price action fell with US stocks thanks to oil-supply concerns.",Cointelegraph,https://cointelegraph.com/markets/bitcoin-weekly-low-oil-fears-analyst-teases-10k-btc-price-target,-0.178243,Somewhat-Bearish
2026-04-02,2026-04-02 14:46:01,"Bitcoin Flashes Contrarian Long Signal, VanEck's Matthew Sigel Says: 'We're Long Here'","""What's happened in the derivatives market for Bitcoin leaves me much more bullish,"" Sigel told Anthony Pompliano on Wednesday. ""If you look at what you have to pay for puts versus calls, it's like we're in the 99th percentile here of folks paying up for protection. That's a contrarian long ...",Benzinga,https://www.benzinga.com/crypto/cryptocurrency/26/04/51627956/bitcoin-flashes-contrarian-long-signal,0.128944,Neutral
2026-04-02,2026-04-02 15:05:01,Bitcoin Plunges 3% After Trump Signals More Iran Strikes,"Bitcoin ( CRYPTO: BTC ) is down 3%, sinking below $67,000 after President Trump's Iran war address signaled further escalation over the next two to three weeks, pushing crude oil above $104 per barrel on Thursday.",Benzinga,https://www.benzinga.com/crypto/cryptocurrency/26/04/51628863/bitcoin-plunges-3-after-trump-signals-more-iran-strikes,-0.109024,Neutral
2026-04-02,2026-04-02 15:47:44,BTC Price Trades at $66K With 44% of Supply Now in the Red,"About 44% of Bitcoin's circulating supply trades underwater at $66,000 with weak spot demand weighing on market sentiment.",Cointelegraph,https://cointelegraph.com/markets/bitcoin-holders-face-600b-unrealized-losses-btc-price-66k,-0.219786,Somewhat-Bearish
2026-04-02,2026-04-02 16:30:00,Top Cryptocurrency Stocks You Should Watch for a Healthy Portfolio,"Here, we discuss three stocks, MSTR, V and CRCL, which are well-poised to benefit from the growing proliferation of bitcoin and other cryptocurrencies, as well as blockchain technology.",Zacks Commentary,https://www.zacks.com/stock/news/2893975/top-cryptocurrency-stocks-you-should-watch-for-a-healthy-portfolio,0.359651,Bullish
2026-04-02,2026-04-02 16:30:53,"6.7 Million Bitcoin Face A 9-Minute Quantum Threat And Nobody's Watching, Crypto Exec Warns","According to Alex Pruden, CEO of Project 11, the cryptocurrency industry is dangerously unprepared for quantum computing as a threat. The catalyst for the current panic is a research paper published by Google, which outlines how attackers could crack Bitcoin's private keys much faster - and with ...",Benzinga,https://www.benzinga.com/crypto/cryptocurrency/26/04/51631672/6-7-million-bitcoin-face-a-9-minute-quantum-threat-and-nobodys-watching-crypto-exec-warns,-0.142733,Neutral
2026-04-02,2026-04-02 16:31:57,Quantum-Powered Crypto Mining Is Here-But It Won't Help You Mine Bitcoin,"Quip Network's creators say it's optimized for mining by quantum computers-a positive, unlike the looming quantum threat to Bitcoin.",Decrypt.co,https://decrypt.co/363148/quantum-powered-crypto-mining-here-wont-help-you-mine-bitcoin,0.12405,Neutral
2026-04-02,2026-04-02 17:22:55,Coinbase Stock Slides As Bitcoin Faces Selling Pressure - Coinbase Global  ( NASDAQ:COIN ) ,"Coinbase Global stock is trading near recent lows. Where are COIN shares going? After President Donald Trump addressed the escalating conflict with Iran late Wednesday, Bitcoin fell roughly 3%, slipping below $67,000 after the speech.",Benzinga,https://www.benzinga.com/trading-ideas/movers/26/04/51633266/coinbase-stock-slides-as-bitcoin-faces-selling-pressure,-0.132241,Neutral
2026-04-02,2026-04-02 20:15:00,Riot Announces First Quarter 2026 Production and Operations Updates,"CASTLE ROCK, Colo., April 02, 2026 ( GLOBE NEWSWIRE ) -- Riot Platforms, Inc. ( NASDAQ: RIOT ) ( ""Riot"" or ""the Company"" ) , a Bitcoin-driven industry leader in the development of large-scale data centers and bitcoin mining applications, announces unaudited production and operations updates for ...",GlobeNewswire,https://www.globenewswire.com/news-release/2026/04/02/3267848/0/en/Riot-Announces-First-Quarter-2026-Production-and-Operations-Updates.html,0.061805,Neutral
2026-04-02,2026-04-02 21:04:47,USDC Stablecoin Issuer Circle Unveils New Token to Give Bitcoin More Utility,"Publicly traded stablecoin issuer Circle is launching a new token, cirBTC, its own wrapped Bitcoin alternative.",Decrypt.co,https://decrypt.co/363199/usdc-stablecoin-issuer-circle-give-bitcoin-utility,0.083389,Neutral
2026-04-02,2026-04-02 21:24:42,Bitcoin Rally To $75K Still Possible Despite Huge Macro Challenges,"Are Bitcoin's odds for a rally to $75,000 diminished by a weakening US economy, the war in Iran and multiple institutional BTC holders selling in the open market?",Cointelegraph,https://cointelegraph.com/markets/rocky-us-economy-private-credit-stress-war-impact-bitcoin-s-odds-for-75k-rally,-0.029549,Neutral
2026-04-02,2026-04-02 22:30:00,Bitcoin Bulls Must Clear $76K To Avoid New Lows In 2026,"Bitcoin's data show a series of bearish trading patterns that could usher in new price lows if the key support at $60,000 fails to hold. Here's why bulls need to take out $76,000.",Cointelegraph,https://cointelegraph.com/markets/new-bitcoin-price-lows-on-the-table-until-76k-becomes-support,-0.019397,Neutral
2026-04-02,2026-04-02 23:00:05,"Naoris Launches Post-Quantum Blockchain as Bitcoin, Ethereum Devs Scramble to Face Threat","Naoris Protocol says its blockchain network uses quantum-resistant cryptography, as the wider crypto industry prepares for future threats.",Decrypt.co,https://decrypt.co/363207/naoris-launches-post-quantum-blockchain-bitcoin-ethereum,-0.035862,Neutral
2026-04-03,2026-04-03 02:00:20,"Bitcoin, Ethereum, XRP, Dogecoin Extend Losses Amid Trump's Hawkish Iran War Address: Analyst Says BTC Co","Leading cryptocurrencies fell further on Thursday, while oil prices surged as investors feared Iran conflict could escalate after President Donald Trump's address. Bitcoin wobbled in the range between $66,000 and $67,000 after retreating from the $68,000+ territory on Wednesday night.",Benzinga,https://www.benzinga.com/crypto/cryptocurrency/26/04/51643157/bitcoin-ethereum-xrp-dogecoin-losses-trump-iran-war-btc-shakeout,-0.085419,Neutral
2026-04-03,2026-04-03 03:19:07,"Riot Platforms Sells 3,778 Bitcoin as Miners Eye Profitability Pressures","Arkham also flagged a 500 Bitcoin outflow from Riot on Thursday, while MARA Holdings, Genius Group and Nakamoto Holdings sold a combined 15,501 Bitcoin in the last week.",Cointelegraph,https://cointelegraph.com/news/riot-sells-3778-bitcoin-miners-shift-strategy,0.046327,Neutral
2026-04-03,2026-04-03 03:45:59,Circle to Launch cirBTC Wrapped Bitcoin for Institutions,"Circle, known for issuing stablecoins including USDC and EURC, is expanding into the Bitcoin space, targeting institutional users.",Cointelegraph,https://cointelegraph.com/news/circle-launch-cirbtc-wrapped-bitcoin-token-targeting-institutional-markets,0.199303,Somewhat-Bullish
2026-04-03,2026-04-03 05:38:39,Bitcoin Supply in Profit and Loss Closer to 2022 Bear Market Levels,"Cryptoquant data shows there are 8.2 million Bitcoin currently at a loss, which is still under the amount of Bitcoin at a loss during the 2022 bear market.",Cointelegraph,https://cointelegraph.com/news/bitcoin-supply-profit-loss-at-true-bear-market-levels-analyst,-0.007409,Neutral
2026-04-03,2026-04-03 11:28:19,Cathie Wood Sees No More 85% Bitcoin Price Drawdowns Versus All-Time Highs,"ARK Invest CEO Cathie Wood said that Bitcoin as a ""proven"" asset would no longer experience drawdowns of 85% or more from all-time highs.",Cointelegraph,https://cointelegraph.com/markets/bitcoin-done-85percent-crashes-cathie-wood-34k-target,-0.097453,Neutral
2026-04-03,2026-04-03 11:43:33,Bullish On Self-Driving? Michael Saylor Outlines Three 'Perfect Products'-Here's What They Are - Baidu  ( N,"Bitcoin advocate and billionaire Michael Saylor, who is also the co-founder of software company Strategy Inc ( NASDAQ:MSTR ) , has outlined three ""perfect"" products in today's world.",Benzinga,https://www.benzinga.com/markets/tech/26/04/51644695/bullish-on-self-driving-michael-saylor-outlines-three-perfect-products-heres-what-they-are,0.274803,Somewhat-Bullish
2026-04-03,2026-04-03 13:29:26,How A Crypto Journalist Fell For A Sophisticated North Korean Phishing Attack: 'Giving Me Scam Vibes',"In a recent alarming incident, a journalist became the victim of a sophisticated phishing attack, believed to be orchestrated by North Korean hackers. The journalist was lured into a Zoom call with a supposed Bitcoin strategist, Adam Swick.",Benzinga,https://www.benzinga.com/crypto/26/04/51645176/how-a-crypto-journalist-fell-for-a-sophisticated-north-korean-phishing-attack-giving-me-scam-vibes,-0.171981,Somewhat-Bearish
2026-04-03,2026-04-03 13:45:10,Solo Bitcoin Miner Wins $210K Block Reward,"A CKPool-connected solo miner just landed a $210,000 Bitcoin block reward, one of only 20 solo‑mined blocks in the past year, as listed miners sell BTC to stay afloat.",Cointelegraph,https://cointelegraph.com/news/solo-bitcoin-miner-bags-210k-bitcoin-block,0.002453,Neutral
2026-04-03,2026-04-03 14:39:20,"Price Predictions for BTC, ETH, BNB, XRP, SOL, DOGE, HYPE, ADA, BCH, LINK","Bitcoin is attempting to form a bottom, but select analysts believe that the decline is not over yet and the $60,000 level may break down.",Cointelegraph,https://cointelegraph.com/markets/price-predictions-4-3-btc-eth-bnb-xrp-sol-doge-hype-ada-bch-link,-0.103211,Neutral
2026-04-03,2026-04-03 14:53:57,Bitcoin Miner Riot Platforms Sells Over $250 Million Worth of BTC,Publicly traded Bitcoin miner Riot Platforms sold another $250 million worth of BTC as it strategically pivots into AI.,Decrypt.co,https://decrypt.co/363255/bitcoin-miner-riot-platforms-sells-250-million-btc,0.186711,Somewhat-Bullish
2026-04-03,2026-04-03 15:28:48,"Corporate Bitcoin Split: Strategy Holds, Nakamoto Sells","Corporate Bitcoin holders split as Strategy holds firm while Nakamoto sells at a loss, exposing risks of debt-driven accumulation and a shifting treasury model under pressure.",Cointelegraph,https://cointelegraph.com/news/corporate-bitcoin-strategy-vs-nakamoto-treasury-divide,0.016881,Neutral
2026-04-03,2026-04-03 15:42:38,"No Deposit Bonus Casinos 2026: BitStarz Casino Launch"" Trusted Bitcoin Casino 50 Free Spins No Fee Deal f","Today's no deposit bonus model is no longer about exaggerated offers-it's about clarity, fairness, and real usability. BitStarz has positioned itself at the forefront of this shift, delivering promotions that emphasize trust, speed, and global accessibility.",Benzinga,https://www.benzinga.com/pressreleases/26/04/g51645892/no-deposit-bonus-casinos-2026-bitstarz-casino-launch-trusted-bitcoin-casino-50-free-spins-no-fee-d,0.375745,Bullish
2026-04-03,2026-04-03 15:51:25,Where Next for Bitcoin After Worst Quarter Since 2018?,"Bitcoin shed 22% in Q1 2026 as war, tariffs, and a hawkish Fed crushed risk appetite, but late-quarter data hints the worst may have passed.",Decrypt.co,https://decrypt.co/363259/where-next-for-bitcoin-after-worst-quarter-since-2018,-0.087517,Neutral
2026-04-03,2026-04-03 17:09:42,Trump's New Attorney General Held Bitcoin-But Has a Mixed Crypto Track Record,Acting Attorney General Todd Blanche directed his staff last year to lay off crypto developers-but also oversaw their continued prosecution.,Decrypt.co,https://decrypt.co/363267/trumps-new-attorney-general-held-bitcoin-mixed-crypto-track-record,-0.039098,Neutral
2026-04-03,2026-04-03 18:29:20,Bitcoin Miner MARA Slashes 15% of Workforce After Selling $1.1 Billion in BTC,Publicly traded Bitcoin miner MARA cut 15% of its staff this week after selling $1.1 billion in Bitcoin to fuel an AI push.,Decrypt.co,https://decrypt.co/363263/bitcoin-miner-mara-slashes-workforce-selling-billion-btc,0.037983,Neutral
2026-04-03,2026-04-03 19:04:17,"Bitcoin May Be Mispricing Prolonged Iran War Risk, Hedge Fund Veteran Says","In a recent Cointelegraph interview, macro investor James Lavish explains why markets are pricing in a quick end to the Iran war - and what could happen if that assumption is wrong.",Cointelegraph,https://cointelegraph.com/interview/bitcoin-underestimating-prolonged-iran-war-macro-investor-weighs-in,-0.221808,Somewhat-Bearish
2026-04-03,2026-04-03 21:11:55,"Charles Schwab Is Gearing Up to Offer Bitcoin, Ethereum Spot Trading","Financial giant Charles Schwab is set to launch spot buying of Bitcoin and Ethereum by the end of the quarter, the firm said Friday.",Decrypt.co,https://decrypt.co/363336/charles-schwab-bitcoin-ethereum-spot-trading,0.150435,Somewhat-Bullish
2026-04-04,2026-04-04 01:45:00,"Should You Buy Bitcoin While It's Under $100,000? Here's What Prediction Markets Think","Based on prediction market data, a recovery this year for Bitcoin looks unlikely. Crypto investors will need to be patient.",Motley Fool,https://www.fool.com/investing/2026/04/03/should-you-buy-bitcoin-while-its-under-100000-here/,0.029039,Neutral
2026-04-04,2026-04-04 03:35:01,"Bitcoin ETFs Will Be Bigger Than Gold ETFs, Says ETF Analyst","Bitcoin ETFs offer more use cases for the average investor's portfolio than a gold ETF does, according to ETF analyst James Seyffart.",Cointelegraph,https://cointelegraph.com/news/bitcoin-gold-etfs-use-cases-analyst-james-seyffart,0.202556,Somewhat-Bullish
2026-04-04,2026-04-04 06:16:31,Bitcoin's 'No Direction' Action May Lead To Bigger Breakout: Analyst,"The longer Bitcoin's price stays flat, the bigger the move up could eventually be, according to a crypto analyst.",Cointelegraph,https://cointelegraph.com/news/bitcoin-price-direction-consolidation-breakout-crypto-analyst,-0.076548,Neutral
2026-04-04,2026-04-04 07:24:00,Goldman Sachs Says Bitcoin Bottom Is Near. Is It Time to Buy?,Increased institutional inflows and liquidity could signal that Bitcoin has turned a corner.,Motley Fool,https://www.fool.com/investing/2026/04/04/goldman-sachs-says-bitcoin-bottom-is-near-is-it-ti/,-0.029064,Neutral
2026-04-04,2026-04-04 08:31:42,"Bitcoin Whales, Sharks Realized $337M in Daily Losses in Q1 2026","Bitcoin whales and sharks have locked in $30.9 billion in BTC losses this year, resembling the 2022 bear market, as onchain data points to continued downside risk.",Cointelegraph,https://cointelegraph.com/markets/rich-bitcoin-traders-lost-337m-daily-first-quarter-2026,-0.356423,Bearish
2026-04-04,2026-04-04 11:58:24,Bitcoin Short Squeeze: Why Bearish Bets and ETF Flows May Spark a Rally,"Bitcoin is poised for a reversal if ETF demand returns or a ceasefire occurs, potentially crushing short sellers in a massive price squeeze.",Cointelegraph,https://cointelegraph.com/markets/bitcoin-shorts-risk-2-5-billion-liquidation-72k-are-bears-in-danger,-0.063866,Neutral
2026-04-04,2026-04-04 12:41:55,Wall Street's Worst Quarter Since 2022 Puts Bitcoin Everlight's Fee-Based Model in Focus,Bitcoin Everlight enters Phase 4 as equity markets post their steepest quarterly decline in three years and recession probability models flash warning signals,Benzinga,https://www.benzinga.com/pressreleases/26/04/g51649705/wall-streets-worst-quarter-since-2022-puts-bitcoin-everlights-fee-based-model-in-focus,-0.05009,Neutral
2026-04-04,2026-04-04 17:59:25,ProductionReady's Jimmy Song Pitches Case for Conservative Bitcoin Software,"The Bitcoin advocate is the co-founder of ProductionReady, a non-profit initiative to fund open source development of BTC software and education.",Cointelegraph,https://cointelegraph.com/news/jimmy-song-bitcoin-conservative-node-client,-0.144315,Neutral
2026-04-05,2026-04-05 04:25:20,Bitcoin Reaches Highest Level Of Bearish Chatter In 5 Weeks,"Santiment said bearish Bitcoin comments on social media have climbed to a five-week high, which could signal a reversal sooner rather than later.",Cointelegraph,https://cointelegraph.com/news/bitcoin-bearish-social-media-chatter-low-price-btc-stagnant-santiment,-0.031675,Neutral
2026-04-05,2026-04-05 11:54:02,"Bitcoin Prepping New Lows, Trader Warns as Bollinger Bands Tighten",Bitcoin added downside BTC price warnings as Binance order-book data showed multiple investor classes selling coins into the weekend.,Cointelegraph,https://cointelegraph.com/markets/new-bitcoin-price-lows-matter-of-time-says-trader-btc-stuck-67k,-0.13811,Neutral
2026-04-05,2026-04-05 12:17:50,"Kiyosaki Says 1974 Shift Drives Debt Crisis, Backs Bitcoin and gold","The Rich Dad Poor Dad author continues to back Bitcoin, gold and silver as alternatives to traditional money.",Cointelegraph,https://cointelegraph.com/news/robert-kiyosaki-1974-shift-bitcoin-gold-real-money,-0.014995,Neutral
2026-04-05,2026-04-05 13:01:11,"Weekend Round-Up: Coinbase's Trust Company Nod, Quantum Threat To Bitcoin And More","This week was a whirlwind of events in the world of finance and technology. From Coinbase Global Inc. securing a conditional approval to operate as a national trust company, to the looming quantum threat to Bitcoin and the ongoing debate on financial inclusivity, the stories were as diverse as ...",Benzinga,https://www.benzinga.com/crypto/26/04/51650658/weekend-round-up-coinbases-trust-company-nod-quantum-threat-to-bitcoin-and-more,0.099317,Neutral
2026-04-05,2026-04-05 17:17:37,Bitcoin and USD Benefit Each Other - Bitcoin Policy Institute Exec,"Demand for either currency strengthens both in a reinforcing relationship, contrary to popular sentiment, Sam Lyman told Cointelegraph.",Cointelegraph,https://cointelegraph.com/news/bitcoin-us-dollar-symbiotic-relationship-bpi,0.047903,Neutral
2026-04-05,2026-04-05 17:31:23,Michael Saylor Says 'Bitcoin Has Won' - Strategy  ( NASDAQ:MSTR ) ,"In a post on X, Saylor warned the market about a different kind of threat: misguided thinking that leads to harmful changes to the Bitcoin protocol. In the same post, he said Bitcoin has effectively secured broad acceptance as digital capital, tying the next phase of growth to credit creation and ...",Benzinga,https://www.benzinga.com/crypto/cryptocurrency/26/04/51650966/michael-saylor-says-bitcoin-has-won,0.208018,Somewhat-Bullish
2026-04-05,2026-04-05 22:05:58,Google's Quantum Whitepaper Rattles Crypto - Bitcoin Everlight's Presale Offers a Different Angle,"SAN FRANCISCO, April 05, 2026 ( GLOBE NEWSWIRE ) -- Bitcoin Everlight, a transaction routing and validation network operating alongside the Bitcoin blockchain, announces Phase 4 of its public presale with BTCL priced at $0.0014 per token, as new research from Google and Caltech reignites debate ...",Benzinga,https://www.benzinga.com/pressreleases/26/04/g51651104/googles-quantum-whitepaper-rattles-crypto-bitcoin-everlights-presale-offers-a-different-angle,0.138362,Neutral
2026-04-06,2026-04-06 00:45:00,3 Things Every New Bitcoin Investor Needs to Understand Before Buying,"Despite all the fanfare about Bitcoin, a few key points tend to get lost in the discussion.",Motley Fool,https://www.fool.com/investing/2026/04/05/3-things-every-new-bitcoin-investor-needs-to-under/,0.002426,Neutral
2026-04-06,2026-04-06 01:59:26,"Bitcoin, Ethereum, XRP, Dogecoin Rally Amid Trump's Fiery Iran Warning: Analyst Says 'No Point In Buying'","Leading cryptocurrencies rose overnight on Sunday while stock futures dipped as President Donald Trump's warning to Iran put investors on edge. Bitcoin spiked to $69,500 late in the evening, while trading volume jumped 62% over the last 24 hours.",Benzinga,https://www.benzinga.com/crypto/cryptocurrency/26/04/51651300/over-250m-liquidations-24-hours-bearish-shorts-coinglass,-0.019443,Neutral
2026-04-06,2026-04-06 02:00:00,"Bitcoin Poker No Deposit Bonus 2026: BC Poker Offers $5 Free With No Cashout Cap, BC Shield Anti-Cheat Pr","In a crypto poker market where trust remains a central concern, BC Poker operates under an Anjouan Gaming License and is backed by the BC.GAME Group, one of the most established names in cryptocurrency gaming.",Benzinga,https://www.benzinga.com/pressreleases/26/04/g51651309/bitcoin-poker-no-deposit-bonus-2026-bc-poker-offers-5-free-with-no-cashout-cap-bc-shield-anti-chea,0.2142,Somewhat-Bullish
2026-04-06,2026-04-06 04:14:08,Michael Saylor Hints at Return to Weekly Bitcoin Purchases,"Michael Saylor posted ""back to work"" on X on Sunday, signaling a potential Bitcoin purchase after the firm paused buying last week.",Cointelegraph,https://cointelegraph.com/news/michael-saylor-hints-at-next-strategy-bitcoin-buy-after-weeklong-pause,0.061593,Neutral
2026-04-06,2026-04-06 07:12:23,"Bitcoin's 'Ultimate Support' Lies At This Level, Says Leading Crypto Analyst, But Before That 'Diamond Ha","A leading cryptocurrency analyst identified the ""Ultimate Support"" for Bitcoin ( CRYPTO: BTC ) on Saturday, positioning it as a macro price floor before a ""major reversal."" Ali Martinez drew attention to the Cumulative Value Days Destroyed indicator on X.",Benzinga,https://www.benzinga.com/crypto/cryptocurrency/26/04/51652229/bitcoin-ultimate-support-level-analyst-diamond-hands-advice,0.102297,Neutral
2026-04-06,2026-04-06 09:00:41,"Bitcoin Trader Gets Liquidated After BTC's Rally-Account Once $84 Million Strong, Now Down To The Last $9","Lookonchain, citing data from Hyperliquid perpetual exchange, stated that Wynn opened several short positions at entry prices between $66,975 and $67,264. Then Bitcoin surged to $69,500 late Sunday, triggering unrealized losses that eroded margins and led to automatic liquidations.",Benzinga,https://www.benzinga.com/crypto/cryptocurrency/26/04/51652739/bitcoin-trader-gets-liquidated-after-btcs-rally-account-once-84-million-strong-now-down-to-,-0.060093,Neutral
2026-04-06,2026-04-06 09:08:48,Bitcoin Hits Weekly High Over $69K on US-Iran Ceasefire Hopes as Oil Slides,"Bitcoin jumped on reports that Pakistan has put together a framework for a U.S.-Iran ceasefire, but analysts remain cautious.",Decrypt.co,https://decrypt.co/363361/bitcoin-hits-weekly-high-over-69k-on-us-iran-ceasefire-hopes-as-oil-slides,-0.069482,Neutral
2026-04-06,2026-04-06 09:43:28,"Bitcoin Metric Eyes Repeat of Bull Cross That Sparked $25,000 Gains in 2025","Bitcoin hinted at a long-term bullish trend change as BTC neared an MACD cross that last resulted in $25,000 gains over two months.",Cointelegraph,https://cointelegraph.com/markets/first-bull-signal-since-2025-five-things-bitcoin-this-week,-0.125333,Neutral
2026-04-06,2026-04-06 12:03:51,Samson Mow Warns Rushed Quantum Fix Could Harm Bitcoin,"Samson Mow pushes back against calls to rush Bitcoin's move to post-quantum cryptography, warning it could introduce new vulnerabilities.",Cointelegraph,https://cointelegraph.com/news/rushed-quantum-fix-backfire-bitcoin-samson-mow,-0.134049,Neutral
2026-04-06,2026-04-06 12:43:05,Strategy Resumes Bitcoin Treasury Buys With $330M Purchase,The Bitcoin treasury firm reported that the value of its BTC holdings plummeted by $14.4 billion in the first quarter of 2026.,Decrypt.co,https://decrypt.co/363373/strategy-resumes-bitcoin-treasury-buys-with-330m-purchase,0.222487,Somewhat-Bullish
2026-04-06,2026-04-06 12:48:21,"Bitcoin Surges Above $69,000, Ethereum, XRP, Dogecoin Jump 4%","Bitcoin is up 4% on Monday, attempting to reclaim $70,000 amid hopes of potential U.S.-Iran ceasefire. Bitcoin ETFs saw $8.99 million in net inflows on Friday, while Ethereum ETFs reported $71.2 million in net inflows. Meme coin market capitalization jumped around 3% over the past 24 hours to ...",Benzinga,https://www.benzinga.com/crypto/cryptocurrency/26/04/51655898/bitcoin-ethereum-xrp-dogecoin-jump,0.078887,Neutral
2026-04-06,2026-04-06 13:33:07,"Strategy Buys 4,871 BTC, Reports $14.5B Unrealized Losses","Strategy resumed Bitcoin purchases, acquiring 4,871 BTC for $329.9 million, while reporting a $14.46 billion unrealized loss and expanding its holdings.",Cointelegraph,https://cointelegraph.com/news/strategy-adds-4871-bitcoin-holdings-766970-btc,0.124226,Neutral
2026-04-06,2026-04-06 13:39:00,Schwab Moves Deeper Into Crypto With Spot Trading Plans for 2026,"SCHW plans a first-half 2026 launch of spot crypto trading via Schwab Crypto, starting with Bitcoin and Ethereum as it expands its investment platform.",Zacks Commentary,https://www.zacks.com/stock/news/2894849/schwab-moves-deeper-into-crypto-with-spot-trading-plans-for-2026,0.153824,Somewhat-Bullish
2026-04-06,2026-04-06 13:49:28,Has Bitcoin Reached A Bottom? Watch These Key Accumulation Zones,Bitcoin's ( CRYPTO: BTC ) multi-week consolidation has raised questions about whether the market has already formed a bottom. One prominent analyst outlines a data-driven framework to identify high-probability accumulation zones ahead of a potential bull cycle.,Benzinga,https://www.benzinga.com/crypto/cryptocurrency/26/04/51657777/has-bitcoin-reached-a-bottom-watch-these-key-accumulation-zones,0.019117,Neutral
2026-04-06,2026-04-06 14:06:15,"Strategy Buys 4,871 Bitcoin For $330M But Sits On $5 Billion In Unrealized Losses - Strategy  ( NASDAQ:MSTR",Last week's purchases were mostly funded through $227.3 million in sales of the company's STRC preferred stock. The remainder came from $72 million in common stock sales.,Benzinga,https://www.benzinga.com/crypto/cryptocurrency/26/04/51658625/strategy-buys-4871-bitcoin-for-330m-but-sits-on-5-billion-in-unrealized-losses,-0.002433,Neutral
2026-04-06,2026-04-06 15:08:41,"Bitcoin Closes In On $70,000: Is A Counter-Trend Rally Coming?","Bitcoin ( CRYPTO: BTC ) is consolidating close to $70,000, even as broader markets, particularly the S&P 500, show signs of breakdown. In an Apr.4 podcast, analysts Cred and DonAlt note that Bitcoin is beginning to display relative strength compared to equities, suggesting a potential shift ...",Benzinga,https://www.benzinga.com/crypto/cryptocurrency/26/04/51660797/bitcoin-closes-in-on-70000-is-a-counter-trend-rally-coming,0.159368,Somewhat-Bullish
2026-04-06,2026-04-06 15:09:18,"Price Prediction for SPX, DXY, BTC, ETH, BNB, XRP, SOL, DOGE, HYPE, ADA","Buyers are attempting to push Bitcoin above the $70,000 level, but some analysts believe the upside may be limited and a drop below the $60,000 support is likely.",Cointelegraph,https://cointelegraph.com/markets/price-predictions-4-6-spx-dxy-btc-eth-bnb-xrp-sol-doge-hype-ada,-0.050407,Neutral
2026-04-06,2026-04-06 15:44:55,"Circle's Arc Network Reveals Quantum Resistance Plans as Bitcoin, Ethereum Face Threat","Circle's upcoming Arc blockchain is gearing up for quantum resilience, revealing a multi-step roadmap to prepare for the looming threat.",Decrypt.co,https://decrypt.co/363395/circle-arc-network-quantum-resistance-bitcoin-ethereum-face-threat,0.004935,Neutral
2026-04-06,2026-04-06 16:03:28,"Bitcoin Profit Takers Keep BTC Price Action Away From $70,000 Reclaim","Bitcoin found familiar resistance as it crossed the $70,000 mark to hit new April highs, with analysis blaming ""profit-taking pressure."" ...",Cointelegraph,https://cointelegraph.com/markets/bitcoin-profit-taking-keeps-btc-below-70k-trump-doubles-down-iran,-0.090274,Neutral
2026-04-06,2026-04-06 16:15:18,Bitcoin Surges 4% On Ceasefire Hopes But This Resistance Stands In The Way,"Bitcoin ( CRYPTO: BTC ) climbed over 4% in 24 hours to nearly $70,000 after a Reuters report suggested a U.S.-Iran ceasefire plan could come into effect Monday, potentially reopening the Strait of Hormuz.",Benzinga,https://www.benzinga.com/crypto/cryptocurrency/26/04/51662703/bitcoin-surges-4-on-ceasefire-hopes-but-this-resistance-stands-in-the-way,-0.063304,Neutral
2026-04-06,2026-04-06 16:30:18,Why BTC Digital Shares Are Dropping After Alberta Energy Project News - BTC Digital  ( NASDAQ:BTCT ) ,"BTC Digital has entered into an agreement with Aurora Energy Ltd. to develop an off-grid natural gas-powered computing infrastructure project in Alberta, Canada. The project's first phase will develop a 5-10 MW off-grid facility using stranded natural gas for on-site power to support ...",Benzinga,https://www.benzinga.com/crypto/26/04/51663054/why-btc-digital-shares-are-dropping-after-alberta-energy-project-news,0.247461,Somewhat-Bullish
2026-04-06,2026-04-06 16:47:16,"'A Hurricane Coming': Bitcoin Could Fall to $10K This Year, Says Bloomberg Analyst",Bloomberg's Mike McGlone argued that Bitcoin could fall as the crypto market purges market excesses that coincided with the pandemic-era boom.,Decrypt.co,https://decrypt.co/363398/hurricane-coming-bitcoin-fall-10k-bloomberg-analyst,-0.012043,Neutral
2026-04-06,2026-04-06 16:59:42,Trump's Iran Deadline and the Case for a $75K Bitcoin Price Rally,"While an Iran ceasefire favors stocks, Bitcoin's path to $75,000 remains contingent on market trust despite Trump's volatile diplomacy.",Cointelegraph,https://cointelegraph.com/markets/can-trump-ultimatum-iran-push-bitcoin-price-back-up-75k,-0.061723,Neutral
2026-04-06,2026-04-06 17:12:22,"Bitcoin's Rally Close To $70,000 May Be A Bull Trap, Analyst Warns","Bitcoin ( CRYPTO: BTC ) is trading below a key resistance zone, raising concerns that recent price stability may be masking deeper risks tied to late-stage economic conditions.",Benzinga,https://www.benzinga.com/crypto/cryptocurrency/26/04/51664354/bitcoins-rally-close-to-70000-may-be-a-bull-trap-analyst-warns,-0.284676,Somewhat-Bearish
2026-04-06,2026-04-06 17:28:47,Strategy Stock Surges As Bitcoin Pushes Higher - Strategy  ( NASDAQ:MSTR ) ,"Strategy stock is showing exceptional strength. Why is MSTR stock surging? Bitcoin is up 3.5% over the past 24 hours, approaching the $70,000 mark after a Reuters report indicated that a U.S.-Iran ceasefire proposal could take effect as early as Monday.",Benzinga,https://www.benzinga.com/trading-ideas/movers/26/04/51664927/strategy-stock-surges-as-bitcoin-pushes-higher,0.021933,Neutral
2026-04-06,2026-04-06 17:30:00,The Bull Case for Bitcoin That Has Nothing to Do With Price Predictions,The bull thesis for this digital coin will remain valid at any price point.,Motley Fool,https://www.fool.com/investing/2026/04/06/the-bull-case-for-bitcoin-that-has-nothing-to-do-w/,0.033765,Neutral
2026-04-06,2026-04-06 17:51:07,"Solo Bitcoin Miner Beats the Odds, Scores $210K Block Reward",A solo miner with computing power equivalent to just 0.00002% of Bitcoin's network successfully mined a block last week.,Decrypt.co,https://decrypt.co/363396/solo-bitcoin-miner-beats-the-odds-scores-210k-block-reward,0.275389,Somewhat-Bullish
2026-04-06,2026-04-06 18:44:26,"Bitcoin Is Going To $10,000, Says Bloomberg Analyst - But Others Call It 'Rage Bait'","McGlone bases his prediction on normal mean reversion patterns seen in commodities. He points to crude oil's typical cycle from $120 to $40 and applies similar logic to Bitcoin, expecting a drop to $10,000 as part of a broader market downturn where the S&P 500 ( NYSE:SPY ) falls 50-60%.",Benzinga,https://www.benzinga.com/crypto/cryptocurrency/26/04/51666502/bitcoin-is-going-to-10000-says-bloomberg-analyst-but-others-call-it-rage-bait,-0.272833,Somewhat-Bearish
2026-04-06,2026-04-06 19:26:00,Beyond Bitcoin: Crypto ETFs to Watch Amid Ethereum's Momentum,"ETHA gains traction as Ethereum's surge, rising ETF inflows, and institutional adoption shift investor focus beyond Bitcoin's fading dominance.",Zacks Commentary,https://www.zacks.com/stock/news/2895091/beyond-bitcoin-crypto-etfs-to-watch-amid-ethereums-momentum,0.285671,Somewhat-Bullish
2026-04-06,2026-04-06 20:30:00,Bitcoin May Hit $110K as Strategy Absorbs Nearly 3x New BTC Supply,"Bitcoin may invalidate its bear flag setup as Strategy buys 46,233 BTC in just over a month, outpacing the 16,200 BTC supply in the same period.",Cointelegraph,https://cointelegraph.com/markets/bitcoin-may-hit-dollar110k-strategy-absorbs-3x-new-btc-supply,-0.120352,Neutral
2026-04-06,2026-04-06 22:00:00,Crypto News: AlphaPepe AI DEX Demo Drops Soon While Bitcoin Price Prediction Forecasts $125K,"Before getting into what those wallets see and why they are moving now, the Bitcoin price prediction and the institutional accumulation happening beneath the surface explain why the entire crypto market may be approaching its most significant inflection point of 2026 and why the smartest capital ...",Benzinga,https://www.benzinga.com/pressreleases/26/04/g51670394/crypto-news-alphapepe-ai-dex-demo-drops-soon-while-bitcoin-price-prediction-forecasts-125k,0.18715,Somewhat-Bullish
2026-04-07,2026-04-07 05:46:56,Grayscale Says Bitcoin's Quantum Problem is Mostly a Social One,"The Bitcoin community has a ""history of contentious debates over protocol changes,"" said Grayscale head of research Zach Pandl.",Cointelegraph,https://cointelegraph.com/news/bitcoin-quantum-challenges-more-social-than-technical-grayscale,-0.019241,Neutral
2026-04-07,2026-04-07 08:55:03,US Spot Bitcoin ETFs Hit Strongest Gains Since February,"Spot Bitcoin ETFs draw $471 million in their strongest daily inflow in weeks, while Ether funds return to gains despite cautious sentiment.",Cointelegraph,https://cointelegraph.com/news/bitcoin-etf-inflows-471-million-highest-since-february,0.014444,Neutral
2026-04-07,2026-04-07 09:46:25,Bitcoin ETFs Add $471M in Biggest One-Day Haul Since February,Bitcoin ETFs saw their biggest inflow in six weeks as crypto investors positioned ahead of Trump's Iran deadline.,Decrypt.co,https://decrypt.co/363483/bitcoin-etfs-add-471m-in-biggest-one-day-haul-since-february,-0.060257,Neutral
2026-04-07,2026-04-07 10:01:00,Bitcoin Trader Eyes Bear Market Bottom as Stochastic RSI Mimics 2023,Bitcoin stochastic RSI signals led a trader to draw key comparisons between current BTC price action and its rebound after the 2022 bear market.,Cointelegraph,https://cointelegraph.com/markets/bitcoin-rsi-nearly-perfectly-copying-end-2022-bear-market-analysis,0.097844,Neutral
2026-04-07,2026-04-07 11:04:12,"Bitcoin, Ethereum, XRP, Dogecoin Slide 2% Amid Ceasefire Hopes","Bitcoin is trading around $68,000 as liquidations stand at $162.5 million over the past 24 hours. Bitcoin ETFs saw $471.3 million in net inflows on Monday, while Ethereum ETFs reported $120.2 million in net inflows. Meme coin market capitalization is down by around 2% over the past 24 hours.",Benzinga,https://www.benzinga.com/crypto/cryptocurrency/26/04/51674919/bitcoin-ethereum-xrp-dogecoin-slide,0.068036,Neutral
2026-04-07,2026-04-07 11:39:29,Bitcoin ETF Inflows Hit $471 Million As Trump's Iran Deadline Nears Expiry,"The figure remains below January's peak flow regime when multiple trading days topped $700 million. The inflows come as Bitcoin continues stalling below $70,000, with weak spot demand and distribution by large holders capping upside.",Benzinga,https://www.benzinga.com/crypto/cryptocurrency/26/04/51675734/bitcoin-etf-inflows-hit-471-million-as-trumps-iran-deadline-nears-expiry,-0.061218,Neutral
2026-04-07,2026-04-07 11:41:43,Bitcoin Whale Moves $20M to Binance Amid Broader Selling Pressure,"A Bitcoin whale transferred 300 BTC worth over $20 million to Binance Tuesday, potentially facing a $15 million loss.",Decrypt.co,https://decrypt.co/363488/bitcoin-whale-moves-20m-to-binance-amid-broader-selling-pressure,-0.051837,Neutral
2026-04-07,2026-04-07 12:03:34,"Morning Minute: Ceasefire Hopes Rise, Fall Along with Bitcoin",Bitcoin rose and fell alongside ceasefire hopes. Strategy and Tom Lee kept buying size. And Polymarket may be building its own financial system.,Decrypt.co,https://decrypt.co/363491/morning-minute-ceasefire-hopes-rise-fall-along-with-bitcoin,0.080587,Neutral
2026-04-07,2026-04-07 13:00:00,AVAX One Technology Announces Strategic Initiative to Develop 10MW AI/HPC Micro-Grid Data Center in Alberta,AVAX One Simultaneously Expands Bitcoin Mining Operations with Acquisition of 220 Bitmain S21 Pro ASIC Machines ...,GlobeNewswire,https://www.globenewswire.com/news-release/2026/04/07/3269198/0/en/AVAX-One-Technology-Announces-Strategic-Initiative-to-Develop-10MW-AI-HPC-Micro-Grid-Data-Center-in-Alberta.html,0.280578,Somewhat-Bullish
2026-04-07,2026-04-07 13:06:55,Michael Saylor's Strategy Posts $14.5B Unrealized Loss In Q1: What Is Going On? - Strategy  ( NASDAQ:MSTR ) ,"Strategy held more than $50 billion of cryptocurrency at quarter-end as Bitcoin tumbled more than 20% in Q1, the largest first-quarter drop since 2018. The company adopted accounting standards last year requiring changes in Bitcoin holdings to flow through earnings, driving multibillion-dollar ...",Benzinga,https://www.benzinga.com/crypto/cryptocurrency/26/04/51678503/michael-saylors-strategy-posts-14-5b-unrealized-loss-in-q1-what-is-going-on,0.118582,Neutral
2026-04-07,2026-04-07 14:02:45,"Bitcoin Risks Final Leg Down to $54K in the Next 5 Months, Analyst Warns","Multiple Bitcoin indicators, including a bull-bear sentiment index and realized price metric, point to a possible final BTC shakeout toward ...",Cointelegraph,https://cointelegraph.com/markets/bitcoin-price-risks-dollar15k-shakeout-next-5-months-btc-analyst-warns,-0.363039,Bearish
2026-04-07,2026-04-07 14:17:15,"Bitcoin Circles $68,000 as Stocks Wobble on Iran War Rhetoric",Bitcoin and risk-asset price action tried to brush off new US-Iran war rhetoric just hours before the deadline for a deal passed.,Cointelegraph,https://cointelegraph.com/markets/bitcoin-waits-68k-hours-tick-down-iran-deadline,-0.179345,Somewhat-Bearish
2026-04-07,2026-04-07 14:52:00,Strategy's Capital Strategy Drives BTC Growth: Is Upside Sustainable?,"MSTR's aggressive capital strategy fuels Bitcoin growth, but reliance on funding and BTC momentum raises questions about how long this rapid expansion can last.",Zacks Commentary,https://www.zacks.com/stock/news/2895780/strategys-capital-strategy-drives-btc-growth-is-upside-sustainable,0.406845,Bullish
2026-04-07,2026-04-07 14:56:18,XRP ETFs Outpace Bitcoin as Crypto Funds Bounce Back After Down Week,"Bitcoin usually drives investment action around crypto ETFs, but last week, XRP led as overall crypto fund flows flipped positive.",Decrypt.co,https://decrypt.co/363501/xrp-etfs-outpace-bitcoin-crypto-funds-bounce-back-down-week,0.204965,Somewhat-Bullish
2026-04-07,2026-04-07 16:56:18,"Bitcoin Remains Below $70,000, But Key Metrics Flash Optimism","Bitcoin ( CRYPTO: BTC ) has been trading below $70,000 for nearly two weeks, moving sideways and testing traders' patience. Despite this consolidation, several on-chain metrics are signaling underlying strength. Data from CryptoQuant shows a sharp increase in network activity after months of ...",Benzinga,https://www.benzinga.com/crypto/cryptocurrency/26/04/51686441/bitcoin-remains-below-70000-but-key-metrics-flash-optimism,0.131382,Neutral
2026-04-07,2026-04-07 17:43:24,"Nobel Physicist Warns Bitcoin Could Be Cracked In Minutes, But The Community Has 5-10 Years To Act",Nobel Prize-winning physicist John Martinis warns Bitcoin ( CRYPTO: BTC ) could be cracked in minutes by quantum computers but says the community has 5-10 years to upgrade to quantum-resistant encryption.,Benzinga,https://www.benzinga.com/crypto/cryptocurrency/26/04/51687930/nobel-physicist-warns-bitcoin-could-be-cracked-in-minutes-but-the-community-has-5-10-years-,-0.055736,Neutral
2026-04-07,2026-04-07 17:49:12,Bitcoin Holds $67K as Wintermute Flags Sentiment Divergence,"Wintermute analysts said Bitcoin's price stability against the extreme bearish sentiment present in the market is a positive. Will BTC ever flip $70,000 back to support?",Cointelegraph,https://cointelegraph.com/markets/bitcoin-holds-dollar67k-support-as-data-exposes-price-to-sentiment-divergence,-0.048561,Neutral
2026-04-07,2026-04-07 18:29:18,"Bitcoin Is Overperforming Stocks, Bonds, Gold During Iran War, Anthony Pompliano Says","Bitcoin ( CRYPTO: BTC ) has been flat to slightly up during the Iran conflict while stocks, bonds, and gold all sold off, according to ProCap Financial CEO Anthony Pompliano. Bitcoin has been the shining light over the Iran conflict, Pompliano explained.",Benzinga,https://www.benzinga.com/crypto/cryptocurrency/26/04/51689355/bitcoin-is-overperforming-stocks-bonds-gold-during-iran-war-anthony-pompliano-says,0.048609,Neutral
2026-04-07,2026-04-07 18:50:04,"Bitcoin, Ethereum, XRP, Dogecoin Falter As Trump's Iran Ultimatum Shakes Sentiment - Grayscale Bitcoin Mi","Bitcoin is down on Tuesday as geopolitical tensions rise following Donald Trump's ultimatum to Iran. Coinglass data shows 79,800 traders were liquidated in the past 24 hours for $181.99 million. SoSoValue data shows net inflows of $471.3 million from spot Bitcoin ETFs on Monday.",Benzinga,https://www.benzinga.com/crypto/cryptocurrency/26/04/51689975/bitcoin-ethereum-xrp-dogecoin-falter-as-trumps-iran-ultimatum-shakes-sentiment,0.038688,Neutral
2026-04-07,2026-04-07 19:38:55,'Captive Audience' Could Drive Demand for Morgan Stanley's Bitcoin ETF: Bloomberg Analyst,"Morgan Stanley is joining the Bitcoin ETF party late, but Bloomberg's Eric Balchunas says the investment bank isn't showing up empty-handed.",Decrypt.co,https://decrypt.co/363531/captive-audience-drive-demand-morgan-stanley-bitcoin-etf-bloomberg-analyst,0.169042,Somewhat-Bullish
2026-04-07,2026-04-07 19:45:05,"Bitcoin ETF Inflows Soar, Will BTC Price Follow?","Bitcoin ETF inflows hit $471 million, but stress on digital asset treasuries, selling from miners, and the war in Iran are keeping BTC stuck below $70,000.",Cointelegraph,https://cointelegraph.com/markets/spot-bitcoin-etf-inflows-top-dollar471m-but-btc-is-pinned-under-dollar70k-here-s-why,-0.225341,Somewhat-Bearish
2026-04-07,2026-04-07 20:12:52,Bitcoin Threatens to Break Support as Trump Threatens to Destroy Iran,"Trump threatened to erase an entire civilization by tonight, and markets-including Bitcoin-are predictably on edge.",Decrypt.co,https://decrypt.co/363541/bitcoin-pricethreatens-break-support-trump-iran,-0.215843,Somewhat-Bearish
2026-04-07,2026-04-07 21:16:16,BTC Accumulation Hits 4.37M as Network Activity Sends Mixed Signal,"The Bitcoin supply held in long-term investor wallets moved above 4 million BTC, while a network activity index flashed a ""bull phase"" signal.",Cointelegraph,https://cointelegraph.com/markets/bitcoin-wallets-absorb-4-37m-btc-as-network-activity-flips-to-bull-phase,0.009578,Neutral
2026-04-08,2026-04-08 00:07:11,Iran War Cuts Local Hashrate but Global Bitcoin Network Holds Firm,"The 30-day simple moving average of the global network hashrate has also declined, though an analyst says the slump is due to Bitcoin prices hurting mining profitability rather than conflict.",Cointelegraph,https://cointelegraph.com/news/iran-bitcoin-hashrate-drop-results-mining-redistribution,0.029514,Neutral
2026-04-08,2026-04-08 00:20:34,Bitcoin Reclaims $72K After Trump Announces Iran Ceasefire,"Iran's Supreme National Security Council on Wednesday accepted a two-week ceasefire in its war against the US, but emphasized this did not mean an end to the war.",Cointelegraph,https://cointelegraph.com/news/bitcoin-price-spike-us-president-donald-trump-iran-ceasefire,-0.014717,Neutral
2026-04-08,2026-04-08 03:30:00,Better Long-Term Crypto Hold: Bitcoin or Ethereum?,Both of these coins have a claim to being great as an investment with a long time horizon.,Motley Fool,https://www.fool.com/investing/2026/04/07/better-long-term-crypto-hold-bitcoin-or-ethereum/,0.198579,Somewhat-Bullish
2026-04-08,2026-04-08 04:42:37,Morgan Stanley's Bitcoin ETF to Launch on Wednesday,The Morgan Stanley Bitcoin Trust will be the cheapest Bitcoin ETF on the market at an ultra-low 0.14% fee.,Cointelegraph,https://cointelegraph.com/news/morgan-stanley-bitcoin-etf-debut-wednesday,0.201855,Somewhat-Bullish
2026-04-08,2026-04-08 08:35:00,"1 Unstoppable Cryptocurrency to Buy Before It Soars 31,243%, According to Strategy's Michael Saylor",The cryptocurrency market sell-off could be an opportunity to buy Bitcoin for the long term.,Motley Fool,https://www.fool.com/investing/2026/04/08/1-cryptocurrency-buy-soars-31243-michael-saylor/,0.248053,Somewhat-Bullish
2026-04-08,2026-04-08 08:51:11,"Bitcoin Is The Ultimate 'Hard Money' Backed By Energy, Says Top Analyst: 'Very Few Economists Understand.","Top cryptocurrency analyst Willy Woo took to X on Tuesday to express his thoughts on how the economy functions as an engine, transforming raw materials and energy into goods and services. He emphasized the correlation between a country's GDP and its energy consumption, stating that the only way ...",Benzinga,https://www.benzinga.com/crypto/cryptocurrency/26/04/51697356/bitcoin-is-the-ultimate-hard-money-backed-by-energy-says-top-analyst-very-few-economists-un,0.204971,Somewhat-Bullish
2026-04-08,2026-04-08 09:47:03,Bitcoin Spikes Over $72K as Trump Announces Conditional Ceasefire With Iran,Crypto prices jumped on the announcement of a two-week ceasefire and the reopening of the Strait of Hormuz-but macro events loom.,Decrypt.co,https://decrypt.co/363611/bitcoin-spikes-over-72k-as-trump-announces-conditional-ceasefire-with-iran,0.093157,Neutral
2026-04-08,2026-04-08 10:30:19,Bitcoin Price Taps $72K: What Will Sustain BTC Price Breakout?,"Bitcoin moved back toward $72,000 after US President Donald Trump confirmed a ceasefire agreement with Iran, sending oil prices crashing below $100.",Cointelegraph,https://cointelegraph.com/markets/oil-falls-bitcoin-jumps-dollar72k-is-btc-price-breakout-for-real,-0.090517,Neutral
2026-04-08,2026-04-08 11:03:20,NYT Report Suggests Adam Back Could Be Bitcoin Creator Satoshi Nakamoto,"A New York Times investigation points to Adam Back as Satoshi Nakamoto, but the Blockstream CEO denies it, and critics say proof is still missing.",Cointelegraph,https://cointelegraph.com/news/nyt-adam-back-bitcoin-creator-theory,-0.047829,Neutral
2026-04-08,2026-04-08 11:25:00,"Exodus Movement, Inc. March 2026 Treasury Update and Monthly Metrics - Exodus Movement  ( AMEX:EXOD ) ","Bitcoin ( BTC ) : 628 BTC as of March 31, 2026, compared to over 610 BTC as of February 28, 2026. Ethereum ( ETH ) : 1,857 ETH as of March 31, 2026, compared to over 1,840 ETH as of February 28, 2026. Solana ( SOL ) : 17,541 SOL as of March 31, 2026, compared to 15,694 SOL as of February ...",Benzinga,https://www.benzinga.com/pressreleases/26/04/g51699686/exodus-movement-inc-march-2026-treasury-update-and-monthly-metrics,0.100518,Neutral
2026-04-08,2026-04-08 11:25:45,"Bitcoin Reclaims $71,000 As Ethereum, XRP, Dogecoin Rise 5% On Iran Ceasefire - Grayscale Bitcoin Mini Tr","Bitcoin is up 5% to reclaim the $71,000 level after President Trump overnight announced a two-week ceasefire with Iran. Bitcoin ETFs saw $159 million in net outflows on Tuesday, while Ethereum ETFs reported $64.7 million in net outflows. Meme coin market capitalization jumped 4% to $34.7 billion ...",Benzinga,https://www.benzinga.com/crypto/cryptocurrency/26/04/51699687/bitcoin-reclaims-71000,0.0844,Neutral
2026-04-08,2026-04-08 12:01:14,Bitcoin Surges 5% But ETFs Bled $159M: Is This A Bull Trap?,"Bitcoin ( CRYPTO: BTC ) surged 5% after the White House announced a two-week U.S.-Iran ceasefire, yet ETFs bled $159 million on April 7. Bitcoin briefly rose to $71,700 on Wednesday morning, marking its highest point since March 18.",Benzinga,https://www.benzinga.com/crypto/cryptocurrency/26/04/51700402/bitcoin-surges-5-but-etfs-bled-159m-is-this-a-bull-trap,0.13748,Neutral
2026-04-08,2026-04-08 12:08:48,"Morning Minute: Crypto Soars, Oil Tumbles on 2-Week Ceasefire","Markets are ripping on a surprise Trump-announced ceasefire, while Morgan Stanley's Bitcoin ETF goes live today.",Decrypt.co,https://decrypt.co/363624/morning-minute-crypto-soars-oil-tumbles-on-2-week-ceasefire,-0.026678,Neutral
2026-04-08,2026-04-08 12:28:00,Bitcoin Is Down 45% From Its All-Time High -- Here's What History Says Happens Next,"After previous market declines, Bitcoin has always bounced back better than ever.",Motley Fool,https://www.fool.com/investing/2026/04/08/bitcoin-is-down-45-from-its-all-time-high-heres-wh/,0.062394,Neutral
2026-04-08,2026-04-08 13:29:50,"Bitcoin Miner Cango Sells 2,000 BTC, Cuts BTC Production Cost by 19%","Bitcoin miner Cango said it sold 2,000 BTC to pay off debt and cut its BTC production cost by 19% as part of its strategic pivot to energy and AI infrastructure.",Cointelegraph,https://cointelegraph.com/news/cango-sells-2-000-btc-cuts-bitcoin-production-cost,0.114489,Neutral
2026-04-08,2026-04-08 13:48:59,Iran Demands Bitcoin Payments At Hormuz As Trump Says Strait Must Open 'Immediately And Completely',"Hamid Hosseini, spokesperson for Iran's Oil, Gas and Petrochemical Products Exporters' Union, told the Financial Times that Iran wants to collect tolling fees from any tanker passing and assess each ship.",Benzinga,https://www.benzinga.com/crypto/cryptocurrency/26/04/51704169/iran-demands-bitcoin-payments-at-hormuz-as-trump-says-strait-must-open-immediately-and-comp,0.119429,Neutral
2026-04-08,2026-04-08 13:57:38,Bitcoin Surged Overnight After Iran Ceasefire-This New 'AfterDark' ETF Would've Caught the Move,"Investors gained access to an ETF that's designed to avoid the U.S. trading session, offering exposure to Bitcoin while Wall Street sleeps.",Decrypt.co,https://decrypt.co/363636/bitcoin-surged-overnight-iran-ceasefire-afterdark-etf-wouldve-caught-move,0.132601,Neutral
2026-04-08,2026-04-08 14:28:09,Iran Wants Bitcoin Payments From Oil Ships Seeking Hormuz Passage: FT,"Iranian officials said Bitcoin payments would ensure the tolls ""can't be traced or confiscated due to sanctions."" ...",Decrypt.co,https://decrypt.co/363641/iran-bitcoin-payments-oil-ships-seeking-hormuz-passage,0.074766,Neutral
2026-04-08,2026-04-08 14:44:17,"Bitcoin Bulls Struggle With $72,000 Reclaim Despite US-Iran Ceasefire","Bitcoin bulls failed to stay above $72,000 for long as BTC price action already began to discount the impact of a US-Iran ceasefire agreement.",Cointelegraph,https://cointelegraph.com/markets/bitcoin-fades-three-week-highs-btc-price-shrugs-off-iran-war-ceasefire,-0.075078,Neutral
2026-04-08,2026-04-08 15:43:18,Iran is Weighing Crypto Tolls for Ships using Strait of Hormuz: Report,"Empty tankers will reportedly be permitted to pass through the waterway under the US-Iran deal, but certain ships will need to pay a tariff of $1 per barrel of oil in Bitcoin.",Cointelegraph,https://cointelegraph.com/news/iran-crypto-ships-strait-hormuz,0.045573,Neutral
2026-04-08,2026-04-08 15:48:27,"Morgan Stanley Launches Low-Fee Bitcoin ETF To Rival BlackRock, Grayscale - BlackRock  ( NYSE:BLK ) , Coinbas","Morgan Stanley Investment Management has launched the Morgan Stanley Bitcoin Trust ( MSBT ) , a new exchange-traded product designed to track the performance of Bitcoin, marking its entry into the digital asset space.",Benzinga,https://www.benzinga.com/crypto/cryptocurrency/26/04/51709929/morgan-stanley-launches-low-fee-bitcoin-etf-to-rival-blackrock-grayscale,0.236464,Somewhat-Bullish
2026-04-08,2026-04-08 16:00:34,Adam Back Denies He's Satoshi Nakamoto After NYT Names Him as Bitcoin Creator,John Carreyrou isn't the first person to link Adam Back and Satoshi Nakamoto based on their writing styles.,Decrypt.co,https://decrypt.co/363649/adam-back-denies-bitcoin-creator-satoshi-nakamoto-nyt-expose,0.054857,Neutral
2026-04-08,2026-04-08 17:03:40,Zcash Price Soars 21% After Leading Bitcoin Mining Pool Adds ZEC Support,"Foundry's decision to add Zcash support represents a major shift for the world's largest Bitcoin mining pool. The pool has never mined anything other than Bitcoin, making the ZEC addition a notable institutional signal. Meanwhile, the quantum-resistant angle is gaining traction.",Benzinga,https://www.benzinga.com/crypto/cryptocurrency/26/04/51712905/zcash-price-soars-21-after-leading-bitcoin-mining-pool-adds-zec-support,0.007224,Neutral
2026-04-08,2026-04-08 17:15:00,Market Crash: Is This the Best Time to Load Up on Cryptocurrency?,"With the crypto market in steep decline, Bitcoin looks like the best investment option for now.",Motley Fool,https://www.fool.com/investing/2026/04/08/market-crash-is-this-the-best-time-to-load-up-on-c/,-0.004895,Neutral
2026-04-08,2026-04-08 17:41:14,Bitcoin Tracks Gold At 60% As Iran War Triggers $110M Liquidation Storm - Grayscale Bitcoin Mini Trust  ( B,"The main driver behind this is the growing conflict between the U.S and Iran. The tension is spreading uncertainty across financial markets, and crypto investors are pulling back as global risk sentiment weakens. For investors trying to make sense of the chaos, the most important data point right ...",Benzinga,https://www.benzinga.com/Opinion/26/04/51714118/bitcoin-tracks-gold-at-60-as-iran-war-triggers-110m-liquidation-storm,0.024486,Neutral
2026-04-08,2026-04-08 17:43:06,Bitcoin Spot Demand Rises As $72K May Define Next Move,"Bitcoin buy-side activity in the spot and futures markets supports the current rally toward $72,000, while short-term holders eased up on selling, increasing the chances of bulls taking control of BTC's price direction.",Cointelegraph,https://cointelegraph.com/markets/bitcoin-demand-returns-giving-bulls-fuel-to-turn-dollar72k-to-support,0.086254,Neutral
2026-04-08,2026-04-08 17:43:14,Bitcoin Price Targets $90K as Bulls Buy BTC Aggressively on Binance,"Bitcoin gained momentum as data showed buyers are starting to dominate volumes on Binance, with a $90,000 BTC price target on their radar.",Cointelegraph,https://cointelegraph.com/markets/bitcoin-price-chart-targets-90k-aggressively-buy-on-binance,0.182089,Somewhat-Bullish
2026-04-08,2026-04-08 17:44:54,Cloudflare Targets 2029 for Quantum-Safe Internet as Threat to Bitcoin Looms,New research and industry timelines are accelerating efforts to replace cryptography that quantum computers could eventually break.,Decrypt.co,https://decrypt.co/363654/cloudflare-targets-2029-quantum-safe-internet-threat-bitcoin-looms,-0.002385,Neutral
2026-04-08,2026-04-08 18:20:38,"Bitcoin Could Rally To $90,000 On This Move: Here's What It Will Take","Bitcoin ( CRYPTO: BTC ) tapped $72,000 on Wednesday, renewing speculation about a potential run toward $90,000 as market sentiment turns more optimistic. In an email comment on Wednesday, CoinBureau CEO and co-founder Nic Puckrin said markets are reacting as if the conflict has ended, though ...",Benzinga,https://www.benzinga.com/crypto/cryptocurrency/26/04/51715200/bitcoin-could-rally-to-90000-on-this-move-heres-what-it-will-take,0.180446,Somewhat-Bullish
2026-04-08,2026-04-08 18:26:24,Latest investigation of Bitcoin founder ties identity to Blockstream CEO Adam Back,A report by the New York Times claims it has discovered the identity of the pseudonymous creator of Bitcoin known as Satoshi Nakamoto.,CNBC,https://www.cnbc.com/2026/04/08/latest-investigation-of-bitcoin-founder-ties-identity-to-blockstream-ceo-adam-back.html,0.114924,Neutral
2026-04-08,2026-04-08 18:58:03,"Bitcoin Pioneer Adam Back, Bernstein Say Quantum Threat to BTC Isn't Existential","Anxieties over the quantum threat to Bitcoin have been growing, but Bernstein backs Back in saying there's no cause for alarm.",Decrypt.co,https://decrypt.co/363680/bitcoin-pioneer-adam-back-bernstein-quantum-threat-not-existential,-0.069143,Neutral
2026-04-08,2026-04-08 19:00:00,Bitcoin's Rally To $72K Highlights Improving Market Structure,"Bitcoin's relief rally is facing selling pressure near $72,000, but technical charts suggest a bullish bias. Will altcoins follow in BTC's footsteps?",Cointelegraph,https://cointelegraph.com/markets/price-predictions-4-8-btc-eth-xrp-bnb-sol-doge-hype-ada-bch-link,0.02413,Neutral
2026-04-08,2026-04-08 19:14:04,"Bitcoin, Ethereum, XRP, Dogecoin Rise 4% As Global Risk Appetite Improves","Bitcoin is holding $71,000 on easing geopolitical tensions and a U.S.-Iran ceasefire that boosted global risk appetite. Coinglass data shows 120,044 traders were liquidated in the past 24 hours for $653.60 million. SoSoValue data shows net outflows of $159 million from spot Bitcoin ETFs on ...",Benzinga,https://www.benzinga.com/crypto/cryptocurrency/26/04/51716820/bitcoin-ethereum-xrp-dogecoin-rise-4-as-global-risk-appetite-improves,0.10919,Neutral
2026-04-08,2026-04-08 19:27:47,Bitcoin Has 3-5 Years to Prepare for Quantum Risk: Bernstein,"Bitcoin faces a future quantum threat, but Bernstein analysts say risks are concentrated in older wallets and exposed keys, and unlikely to cause existential disruption.",Cointelegraph,https://cointelegraph.com/news/bitcoin-quantum-risk-3-5-years-bernstein,-0.0802,Neutral
2026-04-08,2026-04-08 20:41:30,"Bitcoin Miner Cango Sells $143 Million in BTC, Slashes Production Costs","NYSE-listed miner Cango reduced costs by 19% by shutting down inefficient equipment, and sold Bitcoin to pay down debt.",Decrypt.co,https://decrypt.co/363730/bitcoin-miner-cango-sells-143-million-btc-slashes-production-costs,0.111261,Neutral
2026-04-08,2026-04-08 21:14:43,Bitcoin Depot ATM Operator Says $3.6 Million in BTC Stolen in Corporate Hack,The Bitcoin ATM operator disclosed a hack two weeks after attackers gained control of settlement account credentials and stole BTC.,Decrypt.co,https://decrypt.co/363734/bitcoin-depot-atm-operator-3-6-million-btc-stolen-security-breach,-0.002435,Neutral
2026-04-08,2026-04-08 22:00:00,Crypto News: AlphaPepe Announces $780k Raised While Bitcoin Price Prediction Hits $125K Following the Ira,"Before getting into what those wallets see and why they are moving now, the Bitcoin price prediction and the Iran war ceasefire driving the sharpest risk on rotation of 2026 explain why the entire crypto market may be entering its most significant recovery phase and why the smartest capital is ...",Benzinga,https://www.benzinga.com/pressreleases/26/04/g51720915/crypto-news-alphapepe-announces-780k-raised-while-bitcoin-price-prediction-hits-125k-following-the,0.100134,Neutral
2026-04-09,2026-04-09 00:16:43,"US Iran Ceasefire Boosts Bitcoin, Stocks: Will It Hold?","Bitcoin and global markets rallied after the US and Iran announced a ceasefire, but data show BTC bears have not closed most of their positions yet.",Cointelegraph,https://cointelegraph.com/markets/bitcoin-tops-dollar72k-after-dollar280m-liquidation-targets-bears-will-the-fragile-truce-hold,-0.014774,Neutral
2026-04-09,2026-04-09 03:21:48,Bitcoin's Elusive Creator Satoshi Nakamoto Might Have Been Identified - Here's What The Man At The Centre,"The report draws parallels between Back's early work in cryptography and Nakamoto's writings, pointing to similarities in language, technical ideas and timing.",Benzinga,https://www.benzinga.com/crypto/26/04/51722292/satoshi-nakamoto-identity-revealed-claim-what-he-said,0.089512,Neutral
2026-04-09,2026-04-09 07:55:04,Bithumb Launches Legal Action to Recover 7 Bitcoin From Payout Mistake,South Korean crypto exchange Bithumb files for a court-approved asset freeze to reclaim 7 BTC remaining from a February payout error.,Cointelegraph,https://cointelegraph.com/news/bithumb-legal-action-recover-7-bitcoin,-0.009787,Neutral
2026-04-09,2026-04-09 09:11:19,"Anthony Scaramucci Flags Google's Quantum Crypto Warning As Mike Novogratz Assures Bitcoin, Ethereum Will","In a post on X, Scaramucci shared a video and commented on Google's March 2026 report, ""Safeguarding cryptocurrency by disclosing quantum vulnerabilities responsibly."" Crypto investor Mike Novogratz responded to Scaramucci's question, saying that while the threat is real, the industry is prepared.",Benzinga,https://www.benzinga.com/crypto/26/04/51723918/anthony-scaramucci-flags-googles-quantum-crypto-warning-as-mike-novogratz-assures-bitcoin-ethereum-will-im,-0.00972,Neutral
2026-04-09,2026-04-09 09:21:29,Morgan Stanley Bitcoin ETF Trades $34M On Debut,"Morgan Stanley's Bitcoin ETF drew $30.6 million in first-day inflows, ranking second behind BlackRock's IBIT as US spot Bitcoin ETFs clocked net outflows on Wednesday.",Cointelegraph,https://cointelegraph.com/news/morgan-stanley-bitcoin-etf-trails-blackrock-with-30m-in-first-day-inflows,0.136036,Neutral
2026-04-09,2026-04-09 09:27:42,Morgan Stanley Bitcoin ETF Draws In $31M on First Trading Day,"The new fund launched amid a second straight day of outflows for Bitcoin ETFs, undercutting competitors with a 0.14% expense ratio.",Decrypt.co,https://decrypt.co/363766/morgan-stanley-bitcoin-etf-draws-in-31m-on-first-trading-day,0.1573,Somewhat-Bullish
2026-04-09,2026-04-09 09:30:00,Bitcoin vs. Ethereum: Which Crypto Is the Better Buy in 2026?,Both of these leading digital assets have lost roughly half of their value since hitting their peaks in the back half of 2025.,Motley Fool,https://www.fool.com/investing/2026/04/09/bitcoin-vs-ethereum-crypto-better-buy-2026/,0.256758,Somewhat-Bullish
2026-04-09,2026-04-09 10:39:46,"Bhutan Moves More Bitcoin as Sovereign Stash Drops Below 4,000 BTC","Bhutan has moved another 319 BTC, taking the total to over 9,000 BTC since late 2024, and trimming its sovereign stash by around 70%.",Cointelegraph,https://cointelegraph.com/news/bhutan-offloads-a-further-23m-bitcoin,0.121829,Neutral
2026-04-09,2026-04-09 10:46:35,Bitcoin's Recovery Stalls at $72K: What Will Trigger a BTC Price Breakout?,"Bitcoin needs to regain momentum with higher trading volumes for BTC to reclaim $80,000 as support and sustain the recovery.",Cointelegraph,https://cointelegraph.com/markets/bitcoin-analysts-say-this-must-happen-for-btc-price-to-continue-rising,0.121001,Neutral
2026-04-09,2026-04-09 11:30:00,Bitcoin Bancorp Launches California Deployment of Licensed Bitcoin ATM Network With First Installations,"The Company has completed its first installations in the greater Los Angeles area, marking the next phase of its national expansion strategy. This move follows its previously announced rollout in Texas and represents continued execution of a broader plan to scale its Bitcoin ATM network across ...",Benzinga,https://www.benzinga.com/pressreleases/26/04/g51726059/bitcoin-bancorp-launches-california-deployment-of-licensed-bitcoin-atm-network-with-first-installa,0.294378,Somewhat-Bullish
2026-04-09,2026-04-09 11:54:40,Morning Minute: Iran Wants Bitcoin to Let Oil Tankers Through the Strait,"Iran may accept BTC for oil tanker passage through the Strait of Hormuz, while Morgan Stanley just helped drive a huge day for Bitcoin ETFs.",Decrypt.co,https://decrypt.co/363786/morning-minute-iran-wants-bitcoin-to-let-oil-tankers-through-the-strait,-0.021597,Neutral
2026-04-09,2026-04-09 11:58:39,"Bitcoin Holds $71,000 As Ethereum, XRP, Dogecoin Slip 3% On Geopolitical Uncertainty","Bitcoin trades $71,000 as broader markets weakened amid geopolitical uncertainty. Bitcoin ETFs saw $124.6 million in net outflows on Wednesday, while Ethereum ETFs reported $18.6 million in net outflows. Meme coin market capitalization fell 3.5% to $33.8 billion over the past 24 hours.",Benzinga,https://www.benzinga.com/crypto/cryptocurrency/26/04/51726660/bitcoin-holds-71000-as-ethereum-xrp-dogecoin-slip-3-on-geopolitical-uncertainty,-0.054485,Neutral
2026-04-09,2026-04-09 12:13:28,Bitcoin Depot Reports $3.7M Loss after Breach of Corporate Wallets,"Bitcoin Depot said a hacker stole 50.9 BTC, worth about $3.7 million, after gaining access to internal systems linked to corporate wallets.",Cointelegraph,https://cointelegraph.com/news/bitcoin-depot-3-7m-cybersecurity-breach-customer-data-safe,-0.280898,Somewhat-Bearish
2026-04-09,2026-04-09 12:39:06,Bitcoin ETFs Bleed $94M While Polymarket Gives 43% Chance Of Positive Flows Today,"U.S. spot Bitcoin ( CRYPTO: BTC ) ETFs posted $94 million in net outflows on Wednesday despite Bitcoin rallying from $67,800 to $71,000 on U.S.-Iran ceasefire news. Additionally, Grayscale Bitcoin Trust ( NYSE:GBTC ) posted $11 million in outflows.",Benzinga,https://www.benzinga.com/crypto/cryptocurrency/26/04/51728018/bitcoin-etfs-bleed-94m-while-polymarket-gives-43-chance-of-positive-flows-today,0.029181,Neutral
2026-04-09,2026-04-09 13:24:51,American Bitcoin  ( ABTC )  Earnings Call Transcript,"Image source: The Motley Fool.Thursday, February 26, 2026 at 8 a.m. ETNeed a quote from a Motley Fool analyst? Email pr@fool.comContinue reading ...",Motley Fool,https://www.fool.com/earnings/call-transcripts/2026/04/09/american-bitcoin-abtc-earnings-call-transcript/,0.267915,Somewhat-Bullish
2026-04-09,2026-04-09 13:57:14,"Bitcoin Price Due 'New Upwards Leg' Toward $80,000, Says Trader","Bitcoin avoids major volatility after the first of the week's two key US inflation reports, while a trader sees a ""new upwards leg"" coming for BTC price action.",Cointelegraph,https://cointelegraph.com/markets/bitcoin-price-surfs-us-pce-inflation-data-shifts-wartime-cpi,-0.119193,Neutral
2026-04-09,2026-04-09 14:53:05,"Bitcoin At $71,000: True Recovery Or Bear Market Relief Rally?","Bitcoin ( CRYPTO: BTC ) holding near $70,000 has renewed optimism among retail traders after a sharp first-quarter decline. In his Apr.8 podcast, macro analyst Benjamin Cowen described Bitcoin's recent price action as a ""textbook"" counter-trend rally, warning that such moves often trap late ...",Benzinga,https://www.benzinga.com/crypto/cryptocurrency/26/04/51733428/bitcoin-at-71000-true-recovery-or-bear-market-relief-rally,-0.207848,Somewhat-Bearish
2026-04-09,2026-04-09 14:57:29,Nunchuk Launches Open-Source Bitcoin Tools for AI Agents With 'Bounded Authority',Nunchuk releases open-source tools that allow AI agents to interact with Bitcoin wallets while keeping humans in control over spending.,Decrypt.co,https://decrypt.co/363737/nunchuk-open-source-bitcoin-tools-ai-agents-bounded-authority,0.036033,Neutral
2026-04-09,2026-04-09 15:02:22,Bithumb Files to Seize Bitcoin From Holdouts After $43B Blunder,The South Korean exchange is pursuing formal legal remedies to recover 7 BTC after voluntary return requests failed.,Decrypt.co,https://decrypt.co/363804/bithumb-files-to-seize-bitcoin-from-holdouts-after-43b-blunder,-0.087392,Neutral
2026-04-09,2026-04-09 15:05:00,Bitcoin's Scariest Risk Just Became More Likely to Happen. Should You Sell It?,"New research indicates that, with the right hardware, cracking Bitcoin's encryption is getting closer to being possible.",Motley Fool,https://www.fool.com/investing/2026/04/09/bitcoins-scariest-risk-just-became-more-likely-to/,-0.041447,Neutral
2026-04-09,2026-04-09 16:09:46,"MarketVector, Coinbase Launch Bitcoin-Gold Index Amid Store-of-Value Debate",A new Bitcoin-gold index highlights shifting views on crypto's role as a store of value as correlations with equities increase and gold outperforms.,Cointelegraph,https://cointelegraph.com/news/marketvector-coinbase-bitcoin-gold-index-store-of-value-debate,0.290358,Somewhat-Bullish
2026-04-09,2026-04-09 16:26:00,This Has Only Happened 1 Other Time in Bitcoin's History -- Here's What Could Happen Next,Bitcoin's months-long decline finally took a break.,Motley Fool,https://www.fool.com/investing/2026/04/09/this-has-only-happened-1-other-time-in-bitcoins-hi/,-0.055943,Neutral
2026-04-09,2026-04-09 16:55:31,Is Iran Collecting Hormuz Tolls in Bitcoin? This Crypto Intelligence Firm Is Skeptical,TRM's Ari Redbord expressed skepticism that Iran and affiliated actors are accepting Bitcoin for safe passage through the Strait of Hormuz.,Decrypt.co,https://decrypt.co/363828/iran-hormuz-tolls-bitcoin-crypto-intelligence-firm-skeptical,0.038101,Neutral
2026-04-09,2026-04-09 17:01:06,"Bitcoin Bounced To $72,000, But Glassnode's Data Tells A Very Different Story","Bitcoin remains within bear market territory according to key on-chain pricing models. The realized price at $54,000 represents the average acquisition cost of all circulating supply. The True Market Mean at $78,000 narrows this calculation to only actively transacted coins.",Benzinga,https://www.benzinga.com/crypto/cryptocurrency/26/04/51738301/bitcoin-bounced-to-72000-but-glassnodes-data-tells-a-very-different-story,-0.029556,Neutral
2026-04-09,2026-04-09 17:14:40,"Another Solo Bitcoin Miner Hits the Jackpot, Scoring $225K BTC Reward","An individual Bitcoin miner hit the lottery overnight, scoring a $225,000 BTC reward when they found a block.",Decrypt.co,https://decrypt.co/363819/solo-bitcoin-miner-hits-jackpot-225k-btc-reward,0.143835,Neutral
2026-04-09,2026-04-09 17:40:33,"Bitcoin Could Reach $95,000 By 2026 If Key Catalysts Align, Bitwise Execs Say","Bitcoin ( CRYPTO: BTC ) could climb to $95,000 by the end of 2026, according to executives at Bitwise Asset Management, who say the market is undergoing a quiet but sustained institutional bull run.",Benzinga,https://www.benzinga.com/crypto/cryptocurrency/26/04/51739825/bitcoin-could-reach-95000-by-2026-if-key-catalysts-align-bitwise-execs-say,0.206872,Somewhat-Bullish
2026-04-09,2026-04-09 18:41:24,Bitcoin Whales Dump $271M In BTC: What May Happen Next?,"Bitcoin whales sold $270 million in BTC on Sunday, but the steady absorption of supply by traders should help bulls maintain their hold on the market momentum.",Cointelegraph,https://cointelegraph.com/markets/old-bitcoin-whales-sold-dollar271m-in-btc-is-the-crypto-rally-at-stake,-0.060615,Neutral
2026-04-09,2026-04-09 18:55:15,"Why Bitcoin, Ethereum Institutional Interest Rebounded In March","Institutional interest in digital assets is rising despite geopolitical tensions and macroeconomic uncertainty, underscoring a broader shift toward crypto and tokenization. Bitcoin ( CRYPTO: BTC ) continues to attract institutional capital, with ETFs recording $1.32 billion in inflows in March, ...",Benzinga,https://www.benzinga.com/crypto/cryptocurrency/26/04/51741958/why-bitcoin-ethereum-institutional-interest-rebounded-in-march,0.159522,Somewhat-Bullish
2026-04-09,2026-04-09 20:12:48,"Bitcoin and Ethereum Open Interest Rises, Signaling Renewed Risk Appetite: CryptoQuant","Bitcoin and Ethereum are trading higher as open interest rises, providing some optimism about investors' risk-on appetite.",Decrypt.co,https://decrypt.co/363865/bitcoin-ethereum-open-interest-rises-renewed-risk-appetite,0.2464,Somewhat-Bullish
2026-04-09,2026-04-09 20:35:00,XRP Has Outperformed Bitcoin Over the Past 5 Years -- Here's Why That's Surprising,"Dig a little deeper, and the reason for XRP's outperformance becomes clear.",Motley Fool,https://www.fool.com/investing/2026/04/09/xrp-has-outperformed-bitcoin-over-the-past-5-years/,0.118874,Neutral
2026-04-09,2026-04-09 21:21:11,Bitcoin Rally Accelerates As Investors Ignore Recession Risks,Bitcoin continues to show strength even as US recession risks rise and the fragile ceasefire with Iran begins to show cracks.,Cointelegraph,https://cointelegraph.com/markets/bitcoin-rally-extends-toward-73k-despite-concerning-us-economic-data,-0.160586,Somewhat-Bearish
2026-04-09,2026-04-09 22:09:21,"TD Cuts Bitcoin Giant Strategy's Price Target, Calls Ethereum Treasury Sharplink a 'Buy'","TD Cowen remains positive on $55 billion Bitcoin treasury pioneer Strategy, despite trimming its price target yet again.",Decrypt.co,https://decrypt.co/363902/td-cuts-bitcoin-giant-strategy-price-target-ethereum-treasury-sharplink-buy,0.161165,Somewhat-Bullish
2026-04-10,2026-04-10 03:44:27,Quantum-Safe Bitcoin Transactions Need No Protocol Upgrade,"However, it could cost users between $75 and $150 per transaction in GPU computing power, limiting its practical use.",Cointelegraph,https://cointelegraph.com/news/researchers-say-bitcoin-can-be-made-quantum-safe-without-protocol-upgrade,0.0,Neutral
2026-04-10,2026-04-10 05:30:00,Thinking About Selling Your Bitcoin? Nearly 50% of Holders Might Be Too.,This coin tends to be a tough hold even for those who are accustomed to its behavior.,Motley Fool,https://www.fool.com/investing/2026/04/10/thinking-about-selling-your-bitcoin-nearly-50-of-h/,-0.097452,Neutral
2026-04-10,2026-04-10 06:12:29,BlackRock's IBIT Clocks Biggest BTC ETF Inflow in a Month,"Fidelity and Morgan Stanley's Bitcoin ETFs also saw a combined $68.2 million in inflows, while four other Bitcoin ETFs also tallied inflows on Thursday.",Cointelegraph,https://cointelegraph.com/news/blackrock-biggest-btc-etf-inflow-in-month,0.119751,Neutral
2026-04-10,2026-04-10 09:46:59,CoinEx Monthly | Repricing Risk and Resilient Bitcoin,"Throughout March, Bitcoin's price action was largely dictated by macroeconomic developments. The asset rallied early in the month, trading near $74,000 by mid-March, before retreating and ultimately closing around $68,200 as rising oil prices, interest rate concerns, and geopolitical uncertainty ...",Benzinga,https://www.benzinga.com/pressreleases/26/04/g51749354/coinex-monthly-repricing-risk-and-resilient-bitcoin,0.099854,Neutral
2026-04-10,2026-04-10 10:07:05,Toobit Announces New Limited-Time 18.88% APR for Bitcoin,"GEORGE TOWN, Cayman Islands, April 10, 2026 ( GLOBE NEWSWIRE ) -- Toobit, the award-winning global cryptocurrency exchange, today announces a new high-yield Fixed Earn event for Bitcoin ( BTC ) .",Benzinga,https://www.benzinga.com/pressreleases/26/04/g51749591/toobit-announces-new-limited-time-18-88-apr-for-bitcoin,0.2953,Somewhat-Bullish
2026-04-10,2026-04-10 11:33:37,"Bitcoin, Ethereum, XRP, Dogecoin Trade Flat Despite Over $400M In ETF Inflows","Bitcoin trades around $72,000 as Bitcoin ETFs saw $343.3 million in net inflows on Thursday, while Ethereum ETFs reported $85.2 million in net inflows. Meme coin market capitalization is up 0.5% to $34 billion over the past 24 hours.",Benzinga,https://www.benzinga.com/crypto/cryptocurrency/26/04/51750611/bitcoin-ethereum-xrp-dogecoin-trade-flat-despite-over-400m-in-etf-inflows,-0.021769,Neutral
2026-04-10,2026-04-10 12:15:00,BitFuFu Announces March 2026 Bitcoin Production and Operational Updates - BitFuFu  ( NASDAQ:FUFU ) ,"Bitcoin Held: 1,794 BTC1, a decrease of 36 BTC from February 28, 2026. Bitcoin Production: 214 BTC ( including 171 BTC from cloud mining and 43 BTC from self-mining ) . Hashrate from Third-Party Suppliers and Hosting Customers2: 22.6 EH/s.",Benzinga,https://www.benzinga.com/pressreleases/26/04/g51751485/bitfufu-announces-march-2026-bitcoin-production-and-operational-updates,0.054734,Neutral
2026-04-10,2026-04-10 12:40:14,"Bitcoin Rallies To $72,000 But 'Shaky' Iran Ceasefire Could Catch BTC Off Guard","The fragile standstill in the Middle East has eased Bitcoin traders' panic, but they're not tearing up their hedges against a sharp drop just yet, according to Bybit chief market analyst Han Tan.",Benzinga,https://www.benzinga.com/crypto/cryptocurrency/26/04/51751941/bitcoin-rallies-to-72000-but-shaky-iran-ceasefire-could-catch-btc-off-guard,-0.148718,Neutral
2026-04-10,2026-04-10 13:15:02,Here's Why XRP May Be Better Prepared Against Quantum Threats Than Bitcoin,"The primary concern stems from quantum machines using Shor's algorithm to derive private keys from public keys, potentially allowing attackers to access wallets, Coindesk reported, citing experts. This risk emerges only after a public key is exposed, typically when a user sends a transaction.",Benzinga,https://www.benzinga.com/crypto/cryptocurrency/26/04/51752654/xrp-may-be-better-positioned-than-bitcoin-against-quantum-threats,-0.142171,Neutral
2026-04-10,2026-04-10 13:54:32,"Bitcoin's $55,000 Bear Market Bottom Possible In Late 2026: Analysts","New BTC price analysis predicted that the bear market would bottom out later in the year, before beginning a ""two-year accumulation phase."" ...",Cointelegraph,https://cointelegraph.com/markets/bitcoin-analysis-sees-55k-btc-price-iron-bottom-by-december-2026,0.073692,Neutral
2026-04-10,2026-04-10 14:04:43,Morning Minute: Bitcoin Breaks $73K as Strategy's STRC Bid Grows,"Strategy's STRC is buoying the Bitcoin bid, Galaxy stock is ripping, and Scott Bessent told the Senate to pass the Clarity Act-with Brian Armstrong chiming in.",Decrypt.co,https://decrypt.co/363923/morning-minute-bitcoin-breaks-73k-strategy-strc-bid-grows,0.045476,Neutral
2026-04-10,2026-04-10 14:37:16,Bitcoin Heads Toward New Local Highs As US CPI Brushes Off Gas-Price Surge,"Bitcoin saw a fresh attempt to hit new local highs on the back of lower-than-expected US CPI data, despite a giant gas-price increase.",Cointelegraph,https://cointelegraph.com/markets/bitcoin-hits-73k-as-cool-us-cpi-data-shows-60-year-record-gas-price-hike,-0.069113,Neutral
2026-04-10,2026-04-10 16:10:54,"Inflation Cools, Bitcoin Rises but Interest Rate Cut Odds Still at Zero","Although US inflation was weaker than expected in March, the ongoing war between the United States, Iran and Israel has fueled macroeconomic uncertainty.",Cointelegraph,https://cointelegraph.com/news/cpi-april-interest-rate-cuts-unlikely,-0.036994,Neutral
2026-04-10,2026-04-10 16:20:44,"Bitcoin, Solana, XRP, Dogecoin Show Signs Of Bottoming: Watch This 'Golden Zone'","In a X post on Apr.9, Martinez said the market has been in a seven-month downtrend but is now showing early signs of stabilization. He described the current phase as one of ""maximum pessimism,"" which has historically coincided with the early stages of new bull cycles.",Benzinga,https://www.benzinga.com/crypto/cryptocurrency/26/04/51758452/bitcoin-solana-xrp-dogecoin-show-signs-of-bottoming-watch-this-golden-zone,0.114299,Neutral
2026-04-10,2026-04-10 16:33:33,Exodus Rolls Out 'Exodus Pay' to Turn Bitcoin Wallet Into Spending App,The feature lets users spend crypto directly from a self-custodial wallet.,Decrypt.co,https://decrypt.co/363947/exodus-pay-bitcoin-wallet-spending-app,0.080852,Neutral
2026-04-10,2026-04-10 16:34:49,"Zcash Could Rise to $420 After 62% Weekly Price Spike, Traders Predict",Privacy-focused coin Zcash is soaring higher than Bitcoin. Myriad predictors think ZEC is likely to keep rising after a massive gain.,Decrypt.co,https://decrypt.co/363946/zcash-could-rise-420-after-62-weekly-price-spike-traders-predict,0.202897,Somewhat-Bullish
2026-04-10,2026-04-10 16:47:01,BTC Targets $88K As Exchange Inflows Drop Under $3 Billion,"Bitcoin holding above $72,000, along with a sharp uptick in whale activity, suggests traders may target the supply zone at $88,000.",Cointelegraph,https://cointelegraph.com/markets/bitcoin-traders-set-dollar88k-target-as-market-bias-finally-tilts-toward-bulls,0.119846,Neutral
2026-04-10,2026-04-10 17:44:25,ETH Outperformed BTC In March But Can That Trend Continue?,"CryptoQuant data shows Ethereum's network activity has reached an all-time high, with the seven-day average of total transfers surpassing 1.3 million. The surge reflects increased usage across decentralized finance, Layer-2 networks and smart contract applications, signaling strong adoption ...",Benzinga,https://www.benzinga.com/crypto/cryptocurrency/26/04/51760865/eth-outperformed-btc-in-march-but-can-that-trend-continue,0.264299,Somewhat-Bullish
2026-04-10,2026-04-10 17:50:52,"Bitcoin, Altcoin Traders Attempt To Restart Bull Market: Will They Win?","Bitcoin bulls spent the week stampeding toward a critical overhead resistance level, which, if breached, could restart the bull market in BTC and altcoins.",Cointelegraph,https://cointelegraph.com/markets/price-predictions-4-10-btc-eth-xrp-bnb-sol-doge-hype-ada-bch-link,0.053177,Neutral
2026-04-10,2026-04-10 18:53:14,"Strategy Target Slashed To $350, But Watch These Four Crypto Treasury Stocks, TD Cowen Says - Strategy  ( N","Analysts Lance Vitanza and Jonathan Navarrete attributed the revised target to a ""lower bitcoin price deck"" and a reduction in the valuation multiple applied to the company's projected bitcoin gains, The Block reported on Friday.",Benzinga,https://www.benzinga.com/crypto/cryptocurrency/26/04/51763057/strategy-target-slashed-to-350-but-watch-these-four-crypto-treasury-stocks-td-cowen-says,0.09086,Neutral
2026-04-10,2026-04-10 19:00:00,Three Signs That $80K Is the Next Target for Bitcoin Bulls,"Technical analysis, overhead supply awaiting absorption, and a shift in investor sentiment have increased the likelihood of Bitcoin reaching $80,000 in April.",Cointelegraph,https://cointelegraph.com/markets/bitcoin-charts-point-to-dollar80k-in-april-here-s-how-it-may-happen,0.160329,Somewhat-Bullish
2026-04-10,2026-04-10 19:11:57,Iran Eyes Bitcoin Payments for Strait of Hormuz Oil Transit,"Iran may require oil tankers to pay BTC tolls through the Strait of Hormuz, signaling a new use case for crypto as geopolitical tensions reshape global trade routes.",Cointelegraph,https://cointelegraph.com/news/iran-bitcoin-strait-of-hormuz-oil-tolls,0.059889,Neutral
2026-04-10,2026-04-10 19:20:54,"Bitcoin Reclaims $73,000 As Ethereum, XRP, Dogecoin Gain Up To 2%","Bitcoin has climbed back above $73,000 amid a broader consolidation phase for digital assets. Coinglass data shows 125,458 traders were liquidated in the past 24 hours for $279.33 million. SoSoValue data shows net inflows of $343.3 million from spot Bitcoin ETFs on Thursday.",Benzinga,https://www.benzinga.com/crypto/cryptocurrency/26/04/51763770/bitcoin-reclaims-73000-as-ethereum-xrp-dogecoin-gain-up-to-2,-0.026228,Neutral
2026-04-10,2026-04-10 20:52:57,"This 'Space Invaders' Clone Game Pays Real Bitcoin-If You're Skilled, Lucky or Rich",A new free-to-play web game based on an arcade classic will give you the chance to earn real Bitcoin-but it won't be easy.,Decrypt.co,https://decrypt.co/364036/space-invaders-clone-game-pays-real-bitcoin-skilled-lucky-rich,0.075132,Neutral
2026-04-10,2026-04-10 21:42:24,Bitcoin Community Weighs Reports of Hormuz Oil Tanker Fees Payable in BTC,"Alex Thorn, an executive at crypto investment firm Galaxy, said it is monitoring onchain activity for signs of an oil tanker fee paid in BTC.",Cointelegraph,https://cointelegraph.com/news/bitcoin-community-iran-crypto-toll-oil,0.071375,Neutral
2026-04-11,2026-04-11 02:00:00,Crypto News: AlphaPepe Announces $800k Raised While Bitcoin Price Prediction Targets $80K Breakout After,"Before getting into what those wallets see and why they are moving now, the Bitcoin price prediction targeting an $80,000 breakout and the global ceasefire reshaping the macro landscape explain why the entire crypto market may be entering a new phase and why the smartest capital is already ...",Benzinga,https://www.benzinga.com/pressreleases/26/04/g51767859/crypto-news-alphapepe-announces-800k-raised-while-bitcoin-price-prediction-targets-80k-breakout-af,0.138014,Neutral
2026-04-11,2026-04-11 13:22:00,Is This 1 Existential Risk to Bitcoin a Reason to Buy Zcash Right Now?,The king coin of crypto is now facing an unprecedented challenge.,Motley Fool,https://www.fool.com/investing/2026/04/11/is-this-1-existential-risk-to-bitcoin-a-reason-to/,-0.033785,Neutral
2026-04-11,2026-04-11 16:33:12,"'Not Going to Stop at Bitcoin': Morgan Stanley Weighs Tokenization, Tax Solutions in Crypto Push",Morgan Stanley's Amy Oldenburg signaled that the Wall Street giant's crypto journey has a long way to go.,Decrypt.co,https://decrypt.co/364030/not-going-stop-bitcoin-morgan-stanley-weighs-tokenization-tax-solutions,0.184546,Somewhat-Bullish
2026-04-11,2026-04-11 16:57:16,HODL Offers Bitcoin Investors Lower Fees Than IBIT,Fee-conscious investors face a trade-off between cost savings and exposure to sharper price swings in these two bitcoin ETFs.,Motley Fool,https://www.fool.com/coverage/etfs/2026/04/11/hodl-offers-bitcoin-investors-lower-fees-than-ibit/,0.216307,Somewhat-Bullish
2026-04-11,2026-04-11 18:28:22,"Bitcoin Sees High Open Interest, Low Funding Rates In New Short Squeeze Cue","Bitcoin open interest hit five-week highs while funding rates mimicked the BTC price collapse below $60,000, leading analysis to predict a new short squeeze.",Cointelegraph,https://cointelegraph.com/markets/bitcoin-price-analysis-sees-new-short-squeeze-as-open-interest-nears-25b,-0.111358,Neutral
2026-04-11,2026-04-11 19:33:32,Epic Market Flash Crash Killed Bull Market: Is Crypto Healthier Now?,"The October 2025 Bitcoin and altcoin crash may have ended the bull market, but its long-term impact on market health may have been overstated.",Cointelegraph,https://cointelegraph.com/markets/crypto-crashed-six-months-ago-have-markets-improved-or-are-bears-still-in-charge,-0.239786,Somewhat-Bearish
2026-04-11,2026-04-11 19:47:00,Forget Bitcoin ETFs; This Is How Crypto Is Really Going Mainstream,Everyone's talking about Bitcoin ETFs. Almost nobody is talking about this bigger shift in how money moves on digital rails.,Motley Fool,https://www.fool.com/investing/2026/04/11/this-is-how-crypto-is-going-mainstream/,0.203718,Somewhat-Bullish
2026-04-11,2026-04-11 20:41:00,Should You Be Investing in Bitcoin... or a Basket of Diversified Cryptocurrencies?,"For crypto investors, it could be time to rethink portfolio diversification.",Motley Fool,https://www.fool.com/investing/2026/04/11/should-you-invest-in-bitcoin-or-a-crypto-basket/,0.078339,Neutral
2026-04-11,2026-04-11 21:08:30,"Safe Money Report Under Investigation: Martin Weiss's 2026 ""Age of Chaos"" Report Outlines Six-Step Framew","A newly released 2026 research report from Weiss Ratings introduces what it describes as an ""Age of Chaos"" across global financial markets, highlighting shifting volatility patterns and increased attention toward alternative assets including gold, Bitcoin, and farmland.",Benzinga,https://www.benzinga.com/pressreleases/26/04/g51769878/safe-money-report-under-investigation-martin-weisss-2026-age-of-chaos-report-outlines-six-step-fra,0.084131,Neutral
2026-04-12,2026-04-12 01:30:00,3 Cryptocurrencies That AI Assistants Keep Recommending,"Bitcoin and Ethereum came out on top, but the third recommendation might surprise you.",Motley Fool,https://www.fool.com/investing/2026/04/11/3-cryptocurrencies-that-ai-assistants-keep-recomme/,0.174026,Somewhat-Bullish
2026-04-12,2026-04-12 05:26:55,"Bitcoin, Ether Near Levels That Could Signal Trend Reversal: Investor","Bitcoin and Ether are both less than 10% away from price levels that could set up a sustained year for the crypto market, according to a macro analyst.",Cointelegraph,https://cointelegraph.com/news/bitcoin-ether-crypto-market-trend-reversal-macro-investor,-0.078371,Neutral
2026-04-12,2026-04-12 13:01:03,"There's a Way to Make Bitcoin Safe From Quantum Without a Fork, Researchers Say",A new proposal suggests Bitcoin users could defend against future quantum attacks using a transaction design that works within the network's existing rules.,Decrypt.co,https://decrypt.co/364092/quantum-safe-bitcoin-transactions-without-fork,0.007228,Neutral
2026-04-12,2026-04-12 13:15:00,Bitcoin Is Down 42% and Losing Steam. Here's What the Next 2 Years Could Realistically Look Like.,Bear markets are not a new phenomenon for the world's most valuable cryptocurrency.,Motley Fool,https://www.fool.com/investing/2026/04/12/bitcoin-down-losing-steam-what-next-2-years-bring/,0.091011,Neutral
2026-04-12,2026-04-12 14:00:00,Bitcoin Miners Face a Tougher Road to the 2028 Halving,"Bitcoin miners are heading toward the 2028 halving with thinner margins, tighter power markets and a growing need for capital discipline.",Cointelegraph,https://cointelegraph.com/news/bitcoin-2028-halving-hits-the-halfway-point,0.098334,Neutral
2026-04-12,2026-04-12 15:51:00,"Is Strategy's Bitcoin Bet Brilliant, or Reckless?",The company has no greater ambition than to accumulate Bitcoin.,Motley Fool,https://www.fool.com/investing/2026/04/12/is-strategys-bitcoin-bet-brilliant-or-reckless/,-0.026784,Neutral
2026-04-12,2026-04-12 16:09:00,Could Buying Bitcoin Today Still Set You Up for Life?,"After a tremendous 16,820% gain in the past 10 years, it's reasonable to believe that the leading cryptocurrency's performance won't be nearly as impressive in the future.",Motley Fool,https://www.fool.com/investing/2026/04/12/could-buying-bitcoin-today-still-set-you-up-for-li/,0.235838,Somewhat-Bullish
2026-04-12,2026-04-12 16:31:42,Scaramucci Cautions Against Bitcoin Anxiety: 'The Asset Didn't Change. The Price Did',"In the post, he wrote that he held the same single bitcoin before a rally and through a bear stretch, but experienced completely different reactions as the price moved. He added that the asset didn't change while the market price did, ending the message with a confident line about momentum ...",Benzinga,https://www.benzinga.com/crypto/cryptocurrency/26/04/51770826/scaramucci-cautions-against-bitcoin-anxiety-the-asset-didnt-change-the-price-did,0.012066,Neutral
2026-04-12,2026-04-12 16:35:17,Michael Saylor Hints Strategy is Buying More Bitcoin,The company has completed 105 Bitcoin transactions since 2020 and is playing contrarian as it continues accumulating BTC via corporate debt and equity financing ...,Cointelegraph,https://cointelegraph.com/news/strategy-saylor-signal-bitcoin-purchase,0.097643,Neutral
2026-04-12,2026-04-12 17:01:29,"Weekend Round-Up: Bitcoin's Market Fit, Satoshi Nakamoto's Identity And More","This week was a whirlwind of activity in the cryptocurrency world. From Anthony Pompliano's bullish stance on Bitcoin to the potential revelation of Satoshi Nakamoto's identity, there was no shortage of intriguing developments. Let's dive into the top stories that shaped the crypto landscape over ...",Benzinga,https://www.benzinga.com/crypto/cryptocurrency/26/04/51770850/weekend-round-up-bitcoins-market-fit-satoshi-nakamotos-identity-and-more,0.208303,Somewhat-Bullish
2026-04-12,2026-04-12 19:56:12,Bitcoin Falls As US-Iran War Negotiations Fail In Pakistan,Bitcoin price sold off as negotiations to end the US-Iran war broke down and the Strait of Hormuz returned to the spotlight.,Cointelegraph,https://cointelegraph.com/markets/bitcoin-price-falls-under-dollar71k-as-us-iran-war-tensions-spark-sell-off,-0.189077,Somewhat-Bearish
